,Details,Posting Date,Description,Amount,Type,Balance,Check or Slip #,month,Card,Category
0,DEBIT,2022-09-02,OLD NAVY US 5927 NEW YORK NY         079455  09/02,-14.14,DEBIT_CARD,10882.77,,2022-09-01,,Bills
1,DEBIT,2022-09-02,TST* ACEITUNA CAFE CAMBRIDGE MA              09/01,-13.65,DEBIT_CARD,10936.7,,2022-09-01,,Necessary meals
2,DEBIT,2022-09-02,TST* Dumpling Daughte 201-755-6557 MA        09/01,-39.79,DEBIT_CARD,10896.91,,2022-09-01,,Social food/drinks
3,DEBIT,2022-09-06,2USTENNISB CORONA NY                         09/04,-24.0,DEBIT_CARD,10732.48,,2022-09-01,,Travel
4,DEBIT,2022-09-06,2USTENNISB CORONA NY                         09/04,-8.0,DEBIT_CARD,10724.48,,2022-09-01,,Travel
5,DEBIT,2022-09-06,A TO Z ON 8TH INC NEW YORK NY                09/02,-20.8,DEBIT_CARD,10828.33,,2022-09-01,,Clothing
6,DEBIT,2022-09-06,BOZZUTO-1022-OPR WEB PMTS   X1M5HB          WEB ID: 9000327989,-3379.62,ACH_DEBIT,7315.15,,2022-09-01,,Transit
7,DEBIT,2022-09-06,BROTHERS  1 BROADWAY CAMBRIDGE MA            09/05,-3.99,DEBIT_CARD,10704.94,,2022-09-01,,Social food/drinks
8,DEBIT,2022-09-06,CHINA XIANG NEW YORK NY                      09/03,-13.56,DEBIT_CARD,10806.52,,2022-09-01,,Necessary meals
9,DEBIT,2022-09-06,CHIPOTLE 1615 CAMBRIDGE MA                   09/05,-10.17,DEBIT_CARD,10694.77,,2022-09-01,,Social food/drinks
10,DEBIT,2022-09-06,DD DOORDASH KAME 855-973-1040 CA             09/03,-27.22,DEBIT_CARD,10855.55,,2022-09-01,,Necessary meals
11,DEBIT,2022-09-06,FIVE GUYS NY 1857 QSR NEW YORK NY            09/05,-15.55,DEBIT_CARD,10708.93,,2022-09-01,,Social food/drinks
12,DEBIT,2022-09-06,MLB STORE NEW YORK NY                        09/04,-40.04,DEBIT_CARD,10763.73,,2022-09-01,,Necessary meals
13,DEBIT,2022-09-06,MTA*NYCT PAYGO NEW YORK NY                   09/02,-2.75,DEBIT_CARD,10825.58,,2022-09-01,,Social food/drinks
14,DEBIT,2022-09-06,MTA*NYCT PAYGO NEW YORK NY                   09/03,-2.75,DEBIT_CARD,10803.77,,2022-09-01,,Clothing
15,DEBIT,2022-09-06,MTA*NYCT PAYGO NEW YORK NY                   09/03,-2.75,DEBIT_CARD,10822.83,,2022-09-01,,Social food/drinks
16,DEBIT,2022-09-06,MTA*NYCT PAYGO NEW YORK NY                   09/03,-2.75,DEBIT_CARD,10820.08,,2022-09-01,,Transit
17,DEBIT,2022-09-06,MTA*NYCT PAYGO NEW YORK NY                   09/04,-2.75,DEBIT_CARD,10756.48,,2022-09-01,,Social food/drinks
18,DEBIT,2022-09-06,SQ *OASIS CAFE New York NY                   09/04,-4.5,DEBIT_CARD,10759.23,,2022-09-01,,Entertainment
19,DEBIT,2022-09-06,TST* DMK - OFFICE HOURS NEW YORK NY          09/03,-6.42,DEBIT_CARD,10849.13,,2022-09-01,,Grocery
20,DEBIT,2022-09-06,YARDI SERVICECHG WEB PMTS   B9Z4HB          WEB ID: 9000258581,-0.95,ACH_DEBIT,7314.2,,2022-09-01,,Necessary meals
21,DEBIT,2022-09-07,TST* ACEITUNA CAFE CAMBRIDGE MA              09/06,-13.65,DEBIT_CARD,7300.55,,2022-09-01,,Social food/drinks
22,DEBIT,2022-09-08,BAR TACO FORT POINT ON 617-8198226 MA        09/07,-36.58,DEBIT_CARD,7249.02,,2022-09-01,,Necessary meals
23,DEBIT,2022-09-08,BAR TACO FORT POINT ON 617-8198226 MA        09/07,-4.94,DEBIT_CARD,7244.08,,2022-09-01,,Travel
24,DEBIT,2022-09-08,COMCAST          CABLE      3599341         WEB ID: 0000213249,-39.99,ACH_DEBIT,7147.79,,2022-09-01,,Entertainment
25,DEBIT,2022-09-08,EB GOOFS UNDERGROUND 801-413-7200 CA         09/08,-56.3,DEBIT_CARD,7187.78,,2022-09-01,,Travel
26,DEBIT,2022-09-08,SQ *BON ME - BIN Cambridge MA                09/07,-14.95,DEBIT_CARD,7285.6,,2022-09-01,,Shopping
27,DEBIT,2022-09-12,BONCHON - NASHUA TYNGSBORO MA                09/11,-10.8,DEBIT_CARD,6256.85,,2022-09-01,,Clothing
28,DEBIT,2022-09-12,BROTHERS  1 BROADWAY CAMBRIDGE MA            09/10,-19.31,DEBIT_CARD,6744.65,,2022-09-01,,Travel
29,DEBIT,2022-09-12,CHIPOTLE 1615 CAMBRIDGE MA                   09/11,-10.17,DEBIT_CARD,6365.79,,2022-09-01,,Travel
30,DEBIT,2022-09-12,EVERSOURCE       WEB_PAY    70317863082622  WEB ID: 1202042013,-162.8,ACH_DEBIT,6763.96,,2022-09-01,,Travel
31,DEBIT,2022-09-12,J CREW FACTORY MERRIMACK NH                  09/11,-81.65,DEBIT_CARD,6284.14,,2022-09-01,,Shopping
32,DEBIT,2022-09-12,NON-CHASE ATM FEE-WITH,-3.0,FEE_TRANSACTION,6253.85,,2022-09-01,,Grocery
33,DEBIT,2022-09-12,NON-CHASE ATM WITHDRAW               458282  09/10342 WEST,-82.5,ATM,6444.59,,2022-09-01,,Necessary meals
34,DEBIT,2022-09-12,RED SOX TICKETS 877-733-7699 MA              09/09,-179.5,DEBIT_CARD,6968.29,,2022-09-01,,Necessary meals
35,DEBIT,2022-09-12,RED SOX TICKETS 877-733-7699 MA              09/10,-179.5,DEBIT_CARD,6565.15,,2022-09-01,,Social food/drinks
36,DEBIT,2022-09-12,SQ *ORALE MEXICAN GRILL Cambridge MA         09/09,-41.53,DEBIT_CARD,6926.76,,2022-09-01,,Necessary meals
37,DEBIT,2022-09-12,TARGET T- 564 Massachu Cambridge MA          09/11,-44.06,DEBIT_CARD,6375.96,,2022-09-01,,Entertainment
38,DEBIT,2022-09-12,TST* Revival Cafe - New Boston MA            09/10,-4.59,DEBIT_CARD,6527.09,,2022-09-01,,Necessary meals
39,DEBIT,2022-09-12,UBER   TRIP HELP.UBER.COM CA                 09/11,-33.47,DEBIT_CARD,6531.68,,2022-09-01,,Social food/drinks
40,DEBIT,2022-09-12,UBER   TRIP HELP.UBER.COM CA                 09/11,-24.57,DEBIT_CARD,6420.02,,2022-09-01,,Social food/drinks
41,DEBIT,2022-09-12,VINEYARD VINES 8053 MERRIMACK NH             09/12,-16.49,DEBIT_CARD,6267.65,,2022-09-01,,Necessary meals
42,DEBIT,2022-09-13,BELL IN HAND TAVERN BOSTON MA                09/10,-24.55,DEBIT_CARD,6229.3,,2022-09-01,,Social food/drinks
43,DEBIT,2022-09-13,GOOGLE *Tinder 855-836-3987 CA               09/12,-27.05,DEBIT_CARD,6202.25,,2022-09-01,,Necessary meals
44,DEBIT,2022-09-14,TST* ACEITUNA CAFE CAMBRIDGE MA              09/13,-13.65,DEBIT_CARD,6188.6,,2022-09-01,,Grocery
45,DEBIT,2022-09-15,AMK FENWAY PARK CONCES BOSTON MA             09/14,-13.83,DEBIT_CARD,9093.83,,2022-09-01,,Shopping
46,DEBIT,2022-09-15,DD DOORDASH CHIPOTLE 855-973-1040 CA         09/15,-13.21,DEBIT_CARD,9107.66,,2022-09-01,,Necessary meals
47,DEBIT,2022-09-15,SPIN BOSTON HTTPSWEARESPI MA                 09/15,-41.44,DEBIT_CARD,9052.39,,2022-09-01,,Social food/drinks
48,DEBIT,2022-09-15,TST* ACEITUNA CAFE CAMBRIDGE MA              09/14,-13.65,DEBIT_CARD,9120.87,,2022-09-01,,Entertainment
49,DEBIT,2022-09-16,CHIPOTLE 1615 CAMBRIDGE MA                   09/15,-16.05,DEBIT_CARD,9015.43,,2022-09-01,,Travel
50,DEBIT,2022-09-16,DD DOORDASH FIVESPICE 855-973-1040 CA        09/15,-20.91,DEBIT_CARD,9031.48,,2022-09-01,,Shopping
51,DEBIT,2022-09-16,UBER   TRIP HELP.UBER.COM CA                 09/16,-22.69,DEBIT_CARD,8992.74,,2022-09-01,,Grocery
52,DEBIT,2022-09-19,AMK MUSIC HALL CONCESSI BOSTON MA            09/18,-14.98,DEBIT_CARD,8095.49,,2022-09-01,,Social food/drinks
53,DEBIT,2022-09-19,BROTHERS  1 BROADWAY CAMBRIDGE MA            09/19,-2.7,DEBIT_CARD,7941.22,,2022-09-01,,Necessary meals
54,DEBIT,2022-09-19,CHIPOTLE 1615 CAMBRIDGE MA                   09/18,-13.21,DEBIT_CARD,8754.26,,2022-09-01,,Transit
55,DEBIT,2022-09-19,DD DOORDASH FIVESPICE 855-973-1040 CA        09/19,-30.84,DEBIT_CARD,8110.47,,2022-09-01,,Transit
56,DEBIT,2022-09-19,Subway 31620 Cambridge MA                    09/17,-11.89,DEBIT_CARD,8817.6,,2022-09-01,,Transit
57,DEBIT,2022-09-19,TARGET        00032227 CAMBRIDGE MA          09/17,-50.13,DEBIT_CARD,8767.47,,2022-09-01,,Transit
58,DEBIT,2022-09-19,TJX Rewards MC   TJX EPAY   2193936070      WEB ID: 9130142001,-151.57,ACH_DEBIT,7943.92,,2022-09-01,,Transit
59,DEBIT,2022-09-19,TOCK ATMAD MONKFISH THEMADMONKFI IL          09/17,-52.25,DEBIT_CARD,8844.25,,2022-09-01,,Transit
60,DEBIT,2022-09-19,TST* Darwins Ltd. - Put Cambridge MA         09/18,-5.75,DEBIT_CARD,8141.31,,2022-09-01,,Transit
61,DEBIT,2022-09-19,TST* TATTE BAKERY 3RD 617-354-4200 MA        09/17,-96.24,DEBIT_CARD,8896.5,,2022-09-01,,Necessary meals
62,DEBIT,2022-09-19,UNITED      016243623 800-932-2732 TX        09/18,-607.2,DEBIT_CARD,8147.06,,2022-09-01,,Social food/drinks
63,DEBIT,2022-09-19,WHOLEFDS CAM 100 115 P CAMBRIDGE MA  920204  09/17,-14.76,DEBIT_CARD,8829.49,,2022-09-01,,Social food/drinks
64,DEBIT,2022-09-20,BROTHERS  1 BROADWAY CAMBRIDGE MA            09/20 Purchase $17.73 Cash Back $40.00,-57.73,DEBIT_CARD,7847.86,,2022-09-01,,Necessary meals
65,DEBIT,2022-09-20,CHIPOTLE 1615 CAMBRIDGE MA                   09/19,-11.34,DEBIT_CARD,7905.59,,2022-09-01,,Transit
66,DEBIT,2022-09-20,TST* ACEITUNA CAFE CAMBRIDGE MA              09/19,-24.29,DEBIT_CARD,7916.93,,2022-09-01,,Transit
67,DEBIT,2022-09-21,OLD NAVY ON-LINE 800-6536289 OH              09/20,-23.8,DEBIT_CARD,7795.38,,2022-09-01,,Transit
68,DEBIT,2022-09-21,THE ENVOY HOTEL FB BOSTON MA                 09/15,-28.68,DEBIT_CARD,7819.18,,2022-09-01,,Transit
69,DEBIT,2022-09-21,TST* ACEITUNA CAFE CAMBRIDGE MA              09/20,-13.65,DEBIT_CARD,7781.73,,2022-09-01,,Transit
70,DEBIT,2022-09-22,REFINERY ROOFTOP NEW YORK NY                 09/02,-245.13,DEBIT_CARD,7536.6,,2022-09-01,,Transit
71,DEBIT,2022-09-23,Amazon Prime*1M1P92I Amzn.com/bill WA        09/22,-16.23,DEBIT_CARD,7494.4,,2022-09-01,,Entertainment
72,DEBIT,2022-09-23,EXPRESS # 0899 BURLINGTON MA                 09/23,-147.99,DEBIT_CARD,7346.41,,2022-09-01,,Transit
73,DEBIT,2022-09-23,PACSUN #0003 877-372-2786 CA                 09/23,-25.97,DEBIT_CARD,7510.63,,2022-09-01,,Social food/drinks
74,DEBIT,2022-09-23,PRIMARK BURLINGTON BURLINGTON MA     259418  09/23,-6.0,DEBIT_CARD,7340.41,,2022-09-01,,Shopping
75,DEBIT,2022-09-26,AMZN Mktp US*1U5GN0E Amzn.com/bill WA        09/25,-111.03,DEBIT_CARD,5464.75,,2022-09-01,,Necessary meals
76,DEBIT,2022-09-26,BROTHERS  1 BROADWAY CAMBRIDGE MA            09/24,-5.98,DEBIT_CARD,5579.27,,2022-09-01,,Necessary meals
77,DEBIT,2022-09-26,BROTHERS  1 BROADWAY CAMBRIDGE MA            09/24,-3.49,DEBIT_CARD,5575.78,,2022-09-01,,Grocery
78,DEBIT,2022-09-26,CHIPOTLE 1615 CAMBRIDGE MA                   09/23,-13.0,DEBIT_CARD,5650.35,,2022-09-01,,Grocery
79,DEBIT,2022-09-26,CHIPOTLE 1615 CAMBRIDGE MA                   09/25,-13.0,DEBIT_CARD,5347.9,,2022-09-01,,Necessary meals
80,DEBIT,2022-09-26,FIV*GONGCHA BURLINGTON BURLINGTON MA         09/23,-8.42,DEBIT_CARD,5663.35,,2022-09-01,,Grocery
81,DEBIT,2022-09-26,LUCKY STRIKE JILLIANS A BOSTON MA            09/26,-17.0,DEBIT_CARD,5306.86,,2022-09-01,,Necessary meals
82,DEBIT,2022-09-26,SNACK* MOGE TEE (CAMB 120-36845156 CA        09/25,-7.88,DEBIT_CARD,5412.55,,2022-09-01,,Shopping
83,DEBIT,2022-09-26,TARGET        00032227 CAMBRIDGE MA          09/25,-17.97,DEBIT_CARD,5394.58,,2022-09-01,,Shopping
84,DEBIT,2022-09-26,TARGET        00032227 CAMBRIDGE MA          09/25,-15.23,DEBIT_CARD,5360.9,,2022-09-01,,Necessary meals
85,DEBIT,2022-09-26,TM TICKETMASTER 800-653-8000 CA              09/24,-1654.99,DEBIT_CARD,5671.77,,2022-09-01,,Grocery
86,DEBIT,2022-09-26,TST* ACEITUNA CAFE CAMBRIDGE MA              09/23,-13.65,DEBIT_CARD,7326.76,,2022-09-01,,Shopping
87,DEBIT,2022-09-26,TST* BLUE OWL ROOFTOP B CAMBRIDGE MA         09/24,-65.1,DEBIT_CARD,5585.25,,2022-09-01,,Travel
88,DEBIT,2022-09-26,TST* THELONIOUS MONKFIS CAMBRIDGE MA         09/26,-44.32,DEBIT_CARD,5420.43,,2022-09-01,,Social food/drinks
89,DEBIT,2022-09-26,UBER   TRIP HELP.UBER.COM CA                 09/26,-20.64,DEBIT_CARD,5327.26,,2022-09-01,,Social food/drinks
90,DEBIT,2022-09-26,UBER   TRIP HELP.UBER.COM CA                 09/26,-11.97,DEBIT_CARD,5294.89,,2022-09-01,,Necessary meals
91,DEBIT,2022-09-26,UBER   TRIP HELP.UBER.COM CA                 09/26,-3.4,DEBIT_CARD,5323.86,,2022-09-01,,Travel
92,DEBIT,2022-09-26,WHOLEFDS CAM 100 115 P CAMBRIDGE MA  241119  09/25,-18.45,DEBIT_CARD,5376.13,,2022-09-01,,Shopping
93,DEBIT,2022-09-27,TST* ACEITUNA CAFE CAMBRIDGE MA              09/26,-13.65,DEBIT_CARD,6009.92,,2022-09-01,,Social food/drinks
94,DEBIT,2022-09-28,HOUSTON ASTROS TICKET 713-259-8317 TX        09/27,-561.13,DEBIT_CARD,5448.79,,2022-09-01,,Necessary meals
95,DEBIT,2022-09-28,MIDWEST MUSICAL IMP WWW.MMIMPORTS MN         09/28,-36.0,DEBIT_CARD,4749.09,,2022-09-01,,Entertainment
96,DEBIT,2022-09-28,"STUBHUB, INC. 866-788-2482 CA                09/27",-627.95,DEBIT_CARD,4820.84,,2022-09-01,,Social food/drinks
97,DEBIT,2022-09-28,TOTAL WINE AND MORE https://www.f MA         09/27,-35.75,DEBIT_CARD,4785.09,,2022-09-01,,Necessary meals
98,DEBIT,2022-09-28,WILDFLOWER REEDS WWW.WILDFLOWE TX            09/28,-84.45,DEBIT_CARD,4664.64,,2022-09-01,,Entertainment
99,DEBIT,2022-09-29,TST* ACEITUNA CAFE CAMBRIDGE MA              09/28,-13.65,DEBIT_CARD,4650.99,,2022-09-01,,Entertainment
100,DEBIT,2022-09-30,TOTAL WINE AND MORE https://www.f MA         09/29,-34.35,DEBIT_CARD,7627.29,,2022-09-01,,Travel
101,DEBIT,2022-09-30,TST* ACEITUNA CAFE CAMBRIDGE MA              09/29,-13.65,DEBIT_CARD,7613.64,,2022-09-01,,Travel
102,,2022-10-02,ANNUAL MEMBERSHIP FEE,-95.0,,,,2022-10-01,Sapphire Preferred,Grocery
103,DEBIT,2022-10-03,BLUEBIKES MERCHANTACCOU CA                   10/02,-3.13,DEBIT_CARD,7547.59,,2022-10-01,,Grocery
104,DEBIT,2022-10-03,DAVIOS NORTHERN ITALIA BOSTON MA             10/02,-227.0,DEBIT_CARD,7228.92,,2022-10-01,,Shopping
105,DEBIT,2022-10-03,LS CAMBRIDGE SPIRITS 617-4949000 MA          09/30,-40.97,DEBIT_CARD,7572.67,,2022-10-01,,Social food/drinks
106,DEBIT,2022-10-03,TARGET        00032227 CAMBRIDGE MA          10/02,-24.95,DEBIT_CARD,7455.92,,2022-10-01,,Necessary meals
107,DEBIT,2022-10-03,TST* FELIPE'S TAQUERIA CAMBRIDGE MA          10/02,-11.48,DEBIT_CARD,7550.72,,2022-10-01,,Necessary meals
108,DEBIT,2022-10-03,UBER   TRIP HELP.UBER.COM CA                 10/01,-10.47,DEBIT_CARD,7562.2,,2022-10-01,,Necessary meals
109,DEBIT,2022-10-03,VENMO            PAYMENT    1022664551331   WEB ID: 3264681992,-17.0,ACH_DEBIT,7211.92,,2022-10-01,,Necessary meals
110,DEBIT,2022-10-03,WHOLEFDS RVR 101 340 R CAMBRIDGE MA  136216  10/02,-66.72,DEBIT_CARD,7480.87,,2022-10-01,,Social food/drinks
111,DEBIT,2022-10-04,1010 CAFFE NERO CENTRAL CAMBRIDGE MA         10/02,-3.26,DEBIT_CARD,7208.66,,2022-10-01,,Social food/drinks
112,DEBIT,2022-10-04,GOFAN* CLEAR LAKE FALC GOFAN.CO GA           10/03,-7.0,DEBIT_CARD,7201.66,,2022-10-01,,Necessary meals
113,DEBIT,2022-10-04,SQ *BOSTON GIFT SHOP Boston MA               10/03,-10.61,DEBIT_CARD,7191.05,,2022-10-01,,Grocery
114,DEBIT,2022-10-04,TST* SULLIVAN'S TAP BOSTON MA                10/04,-26.4,DEBIT_CARD,7164.65,,2022-10-01,,Necessary meals
115,DEBIT,2022-10-04,VENMO            PAYMENT    1022687722207   WEB ID: 3264681992,-2.7,ACH_DEBIT,7161.95,,2022-10-01,,Social food/drinks
116,DEBIT,2022-10-05,1010 CAFFE NERO CENTRAL CAMBRIDGE MA         10/03,-3.26,DEBIT_CARD,7158.69,,2022-10-01,,Shopping
117,DEBIT,2022-10-05,AMZN Mktp US*1415N2B Amzn.com/bill WA        10/04,-16.45,DEBIT_CARD,7068.6,,2022-10-01,,Social food/drinks
118,DEBIT,2022-10-05,AMZN Mktp US*1447598 Amzn.com/bill WA        10/05,-15.99,DEBIT_CARD,7038.96,,2022-10-01,,Grocery
119,DEBIT,2022-10-05,Amazon.com*1K2069FL0 Amzn.com/bill WA        10/05,-10.57,DEBIT_CARD,7028.39,,2022-10-01,,Necessary meals
120,DEBIT,2022-10-05,BOZZUTO-1022-OPR SIGONFILE                  PPD ID: 9000327989,-3787.84,ACH_DEBIT,3130.08,,2022-10-01,,Exercise
121,DEBIT,2022-10-05,TST* ACEITUNA CAFE CAMBRIDGE MA              10/04,-13.65,DEBIT_CARD,7054.95,,2022-10-01,,Necessary meals
122,DEBIT,2022-10-05,Trattoria Il Panino Boston MA                10/04,-73.64,DEBIT_CARD,7085.05,,2022-10-01,,Entertainment
123,DEBIT,2022-10-05,VENMO            PAYMENT    1022718774597   WEB ID: 3264681992,-110.47,ACH_DEBIT,6917.92,,2022-10-01,,Social food/drinks
124,DEBIT,2022-10-06,SNACK* ONE ZO BOBA(CA 120-36845156 CA        10/05,-6.73,DEBIT_CARD,3105.35,,2022-10-01,,Necessary meals
125,DEBIT,2022-10-06,TST* Yume Ga Arukara- C Cambridge MA         10/05,-18.0,DEBIT_CARD,3112.08,,2022-10-01,,Social food/drinks
126,DEBIT,2022-10-06,VENMO            PAYMENT    1022742602750   WEB ID: 3264681992,-30.0,ACH_DEBIT,3075.35,,2022-10-01,,Necessary meals
127,DEBIT,2022-10-07,CHIPOTLE 1615 CAMBRIDGE MA                   10/06,-13.0,DEBIT_CARD,3062.35,,2022-10-01,,Entertainment
128,DEBIT,2022-10-07,VENMO            PAYMENT    1022764459795   WEB ID: 3264681992,-35.0,ACH_DEBIT,3027.35,,2022-10-01,,Social food/drinks
129,,2022-10-09,KELLY'S ROAST BEEF BOS,-12.25,,,,2022-10-01,Sapphire Preferred,Social food/drinks
130,,2022-10-09,TST* Hunsa Thai Kitchen -,-57.24,,,,2022-10-01,Sapphire Preferred,Entertainment
131,,2022-10-09,UA INFLT    0169801524920,-8.0,,,,2022-10-01,Sapphire Preferred,Shopping
132,,2022-10-09,UNITED      0169801479903,-35.0,,,,2022-10-01,Sapphire Preferred,Social food/drinks
133,,2022-10-10,EXPRESS#0161,-82.92,,,,2022-10-01,Sapphire Preferred,Shopping
134,DEBIT,2022-10-11,COMCAST 8773102  263397871                  PPD ID: 0000213249,-39.99,ACH_DEBIT,2987.36,,2022-10-01,,Shopping
135,,2022-10-11,PLAT PARKING LOT 532,-2.0,,,,2022-10-01,Sapphire Preferred,Shopping
136,,2022-10-11,SQ *CIDERCADE HOUSTON,-29.23,,,,2022-10-01,Sapphire Preferred,Entertainment
137,,2022-10-11,Subway 64335,-10.82,,,,2022-10-01,Sapphire Preferred,Necessary meals
138,,2022-10-11,TST* Katzs - Montrose,-101.54,,,,2022-10-01,Sapphire Preferred,Grocery
139,,2022-10-11,UBR POSTMATES,-80.43,,,,2022-10-01,Sapphire Preferred,Necessary meals
140,DEBIT,2022-10-12,EVERSOURCE       WEB_PAY    73998485092722  WEB ID: 1202042013,-121.92,ACH_DEBIT,2863.32,,2022-10-01,,Social food/drinks
141,DEBIT,2022-10-12,GOOGLE *Google Storag 855-836-3987 CA        10/11,-2.12,DEBIT_CARD,2985.24,,2022-10-01,,Social food/drinks
142,,2022-10-12,PAR*FOGO HOUSTON,-213.54,,,,2022-10-01,Sapphire Preferred,Travel
143,,2022-10-12,Subway 64335,-9.18,,,,2022-10-01,Sapphire Preferred,Social food/drinks
144,DEBIT,2022-10-13,RICE VILLAGE GARAGE HOUSTON TX               10/12,-2.0,DEBIT_CARD,2861.32,,2022-10-01,,Social food/drinks
145,,2022-10-13,SHARETEA RICE VILLAGE,-6.84,,,,2022-10-01,Sapphire Preferred,Social food/drinks
146,,2022-10-14,BAYOU CITY RESALE  LLC,-48.71,,,,2022-10-01,Sapphire Preferred,Entertainment
147,,2022-10-14,HOPDODDY - RICE VILLAGE,-20.06,,,,2022-10-01,Sapphire Preferred,Social food/drinks
148,,2022-10-14,PLAT PARKING-LOT 555,-7.0,,,,2022-10-01,Sapphire Preferred,Clothing
149,DEBIT,2022-10-14,SPOTHERO 844-356-805 HTTPSSPOTHERO IL        10/13,-21.4,DEBIT_CARD,5674.16,,2022-10-01,,Social food/drinks
150,,2022-10-14,TIGER NOODLE HOUSE,-16.5,,,,2022-10-01,Sapphire Preferred,Social food/drinks
151,,2022-10-14,WESTIN HOU DWTN RESTW,-18.32,,,,2022-10-01,Sapphire Preferred,Clothing
152,,2022-10-16,BROTHERS MARKETPLACE #404,-6.19,,,,2022-10-01,Sapphire Preferred,Shopping
153,,2022-10-16,CHOWBUS,-22.68,,,,2022-10-01,Sapphire Preferred,Clothing
154,,2022-10-16,TST* Boston Burger Compan,-91.85,,,,2022-10-01,Sapphire Preferred,Clothing
155,,2022-10-16,TST* WHICH WICH - IHA - T,-13.64,,,,2022-10-01,Sapphire Preferred,Clothing
156,,2022-10-16,UA INFLT    0169803213854,-8.0,,,,2022-10-01,Sapphire Preferred,Clothing
157,DEBIT,2022-10-17,AMZN Mktp US*HT4FO9Z Amzn.com/bill WA        10/17,-38.23,DEBIT_CARD,5635.93,,2022-10-01,,Shopping
158,DEBIT,2022-10-17,IC* INSTACART HTTPSINSTACAR CA               10/17,-74.17,DEBIT_CARD,5510.14,,2022-10-01,,Necessary meals
159,,2022-10-17,RUSSELL ORCHARDS,-3.13,,,,2022-10-01,Sapphire Preferred,Social food/drinks
160,DEBIT,2022-10-17,Subway 31620 Cambridge MA                    10/16,-9.83,DEBIT_CARD,5584.31,,2022-10-01,,Travel
161,DEBIT,2022-10-17,TARGET        00032227 CAMBRIDGE MA          10/16,-23.34,DEBIT_CARD,5612.59,,2022-10-01,,Social food/drinks
162,DEBIT,2022-10-17,VENMO            PAYMENT    1022940726326   WEB ID: 3264681992,-114.0,ACH_DEBIT,5396.14,,2022-10-01,,Clothing
163,DEBIT,2022-10-17,WHOLEFDS CAM 100 115 P CAMBRIDGE MA  407007  10/16,-18.45,DEBIT_CARD,5594.14,,2022-10-01,,Clothing
164,DEBIT,2022-10-18,TARGET        00032227 CAMBRIDGE MA          10/17,-3.49,DEBIT_CARD,5572.65,,2022-10-01,,Clothing
165,DEBIT,2022-10-19,SQ *BON ME - BIN Cambridge MA                10/18,-32.49,DEBIT_CARD,5540.16,,2022-10-01,,Social food/drinks
166,DEBIT,2022-10-20,VENMO            PAYMENT    1023002170895   WEB ID: 3264681992,-26.0,ACH_DEBIT,5919.16,,2022-10-01,,Necessary meals
167,DEBIT,2022-10-21,TST* ACEITUNA CAFE CAMBRIDGE MA              10/20,-13.65,DEBIT_CARD,5905.51,,2022-10-01,,Social food/drinks
168,DEBIT,2022-10-24,Amazon Prime*HT1575W Amzn.com/bill WA        10/22,-16.23,DEBIT_CARD,5878.71,,2022-10-01,,Social food/drinks
169,DEBIT,2022-10-24,CHIPOTLE 1615 CAMBRIDGE MA                   10/23,-10.54,DEBIT_CARD,5868.17,,2022-10-01,,Social food/drinks
170,DEBIT,2022-10-24,Subway 37209 Fairfield ME                    10/22,-10.57,DEBIT_CARD,5894.94,,2022-10-01,,Social food/drinks
171,DEBIT,2022-10-25,TST* Shy Bird Cambridge MA                   10/24,-22.7,DEBIT_CARD,5845.47,,2022-10-01,,Travel
172,DEBIT,2022-10-26,AMZN Mktp US*H09PS4N Amzn.com/bill WA        10/25,-36.98,DEBIT_CARD,5808.49,,2022-10-01,,Social food/drinks
173,DEBIT,2022-10-26,VENMO            PAYMENT    1023112661918   WEB ID: 3264681992,-35.5,ACH_DEBIT,5772.99,,2022-10-01,,Clothing
174,DEBIT,2022-10-27,CHIPOTLE 1615 CAMBRIDGE MA                   10/26,-13.43,DEBIT_CARD,5741.67,,2022-10-01,,Clothing
175,DEBIT,2022-10-27,TARGET.COM  * 800-591-3869 MN                10/26,-4.35,DEBIT_CARD,5768.75,,2022-10-01,,Necessary meals
176,DEBIT,2022-10-27,TST* ACEITUNA CAFE CAMBRIDGE MA              10/26,-13.65,DEBIT_CARD,5755.1,,2022-10-01,,Venmo/Cash
177,DEBIT,2022-10-27,TST* BLUE OWL ROOFTOP B CAMBRIDGE MA         10/27,-54.69,DEBIT_CARD,5686.98,,2022-10-01,,Bills
178,DEBIT,2022-10-28,TST* ACEITUNA CAFE CAMBRIDGE MA              10/27,-13.65,DEBIT_CARD,5673.33,,2022-10-01,,Social food/drinks
179,DEBIT,2022-10-31,BROTHERS  1 BROADWAY CAMBRIDGE MA            10/29,-1.99,DEBIT_CARD,8461.52,,2022-10-01,,Entertainment
180,DEBIT,2022-10-31,CHIPOTLE 1615 CAMBRIDGE MA                   10/28,-13.43,DEBIT_CARD,8463.51,,2022-10-01,,Social food/drinks
181,DEBIT,2022-10-31,CHOWBUS HTTPSWWW.CHOW IL                     10/28,-16.99,DEBIT_CARD,8490.59,,2022-10-01,,Social food/drinks
182,DEBIT,2022-10-31,MCDONALD'S F1720 BOSTON MA                   10/29,-9.0,DEBIT_CARD,8419.17,,2022-10-01,,Venmo/Cash
183,DEBIT,2022-10-31,NORTH STATION LIQUORS BOSTON MA              10/29,-8.32,DEBIT_CARD,8428.17,,2022-10-01,,Grocery
184,DEBIT,2022-10-31,QDOBA 2592 BOSTON MA                         10/29,-15.2,DEBIT_CARD,8436.49,,2022-10-01,,Necessary meals
185,DEBIT,2022-10-31,Subway 31620 Cambridge MA                    10/29,-9.83,DEBIT_CARD,8451.69,,2022-10-01,,Necessary meals
186,DEBIT,2022-10-31,TST* ACEITUNA CAFE CAMBRIDGE MA              10/28,-13.65,DEBIT_CARD,8476.94,,2022-10-01,,Shopping
187,DEBIT,2022-10-31,VENMO            PAYMENT    1023202807828   WEB ID: 3264681992,-4.81,ACH_DEBIT,8403.86,,2022-10-01,,Necessary meals
188,DEBIT,2022-10-31,VENMO            PAYMENT    1023205827078   WEB ID: 3264681992,-10.5,ACH_DEBIT,8408.67,,2022-10-01,,Social food/drinks
189,,2022-11-01,AIRBNB * HMRSBZQXQ5,-1089.82,,,,2022-11-01,Sapphire Preferred,Bills
190,,2022-11-01,AMZN Mktp US*H01DR4YO0,-27.61,,,,2022-11-01,Sapphire Preferred,Bills
191,,2022-11-01,SP CRZYTEES,-23.45,,,,2022-11-01,Sapphire Preferred,Necessary meals
192,,2022-11-01,UNITED      0162444324055,-837.2,,,,2022-11-01,Sapphire Preferred,Necessary meals
193,,2022-11-01,UNITED      0169806901100,-28.0,,,,2022-11-01,Sapphire Preferred,Bills
194,,2022-11-01,UNITED      0169806901101,-28.0,,,,2022-11-01,Sapphire Preferred,Social food/drinks
195,DEBIT,2022-11-01,VENMO            PAYMENT    1023218242085   WEB ID: 3264681992,-35.35,ACH_DEBIT,8368.51,,2022-11-01,,Travel
196,DEBIT,2022-11-01,VENMO            PAYMENT    1023218249958   WEB ID: 3264681992,-20.1,ACH_DEBIT,8348.41,,2022-11-01,,Entertainment
197,,2022-11-02,AMZN Mktp US*H27468420,-10.61,,,,2022-11-01,Sapphire Preferred,Necessary meals
198,,2022-11-02,BROTHERS MARKETPLACE #404,-6.19,,,,2022-11-01,Sapphire Preferred,Necessary meals
199,,2022-11-02,TST* ACEITUNA CAFE,-13.65,,,,2022-11-01,Sapphire Preferred,Entertainment
200,,2022-11-03,TST* ACEITUNA CAFE,-13.65,,,,2022-11-01,Sapphire Preferred,Necessary meals
201,,2022-11-03,TST* CASK 'N FLAGON - FEN,-181.53,,,,2022-11-01,Sapphire Preferred,Social food/drinks
202,,2022-11-04,TST* ACEITUNA CAFE,-13.65,,,,2022-11-01,Sapphire Preferred,Social food/drinks
203,,2022-11-06,BOSTON PAINTBALL INC,-196.84,,,,2022-11-01,Sapphire Preferred,Social food/drinks
204,,2022-11-06,CHIPOTLE 1615,-13.43,,,,2022-11-01,Sapphire Preferred,Shopping
205,,2022-11-06,SCHOLAR'S,-23.94,,,,2022-11-01,Sapphire Preferred,Necessary meals
206,,2022-11-06,TST* Cloud and Spirits,-85.97,,,,2022-11-01,Sapphire Preferred,Social food/drinks
207,DEBIT,2022-11-07,BLUEBIKES MERCHANTACCOU CA                   11/06,-3.13,DEBIT_CARD,10408.95,,2022-11-01,,Shopping
208,DEBIT,2022-11-07,BOZZUTO-1022-OPR SIGONFILE                  PPD ID: 9000327989,-3721.54,ACH_DEBIT,6687.41,,2022-11-01,,Social food/drinks
209,,2022-11-07,CHIPOTLE 1615,-10.54,,,,2022-11-01,Sapphire Preferred,Social food/drinks
210,,2022-11-07,GO FRUIT LLC,-27.04,,,,2022-11-01,Sapphire Preferred,Social food/drinks
211,,2022-11-07,UBR POSTMATES,-60.24,,,,2022-11-01,Sapphire Preferred,Social food/drinks
212,DEBIT,2022-11-07,VENMO            PAYMENT    1023320296568   WEB ID: 3264681992,-35.1,ACH_DEBIT,6652.31,,2022-11-01,,Social food/drinks
213,,2022-11-08,BROTHERS MARKETPLACE #404,-65.24,,,,2022-11-01,Sapphire Preferred,Grocery
214,,2022-11-08,TARGET        00032227,-26.84,,,,2022-11-01,Sapphire Preferred,Necessary meals
215,,2022-11-08,TST* ACEITUNA CAFE,-13.65,,,,2022-11-01,Sapphire Preferred,Bills
216,,2022-11-08,TST* SALTY PIG,-39.24,,,,2022-11-01,Sapphire Preferred,Bills
217,DEBIT,2022-11-08,VENMO            PAYMENT    1023367219244   WEB ID: 3264681992,-69.0,ACH_DEBIT,5728.73,,2022-11-01,,Shopping
218,,2022-11-09,PUTTSHACK BOSTON SEA.,-162.0,,,,2022-11-01,Sapphire Preferred,Shopping
219,,2022-11-10,AMTRAK .COM 3120694100648,-186.0,,,,2022-11-01,Sapphire Preferred,Necessary meals
220,,2022-11-10,Amazon.com*HB3Q77FI1,-85.08,,,,2022-11-01,Sapphire Preferred,Necessary meals
221,,2022-11-10,BROTHERS MARKETPLACE #404,-1.85,,,,2022-11-01,Sapphire Preferred,Social food/drinks
222,,2022-11-10,SQ *MAE ASIAN EATERY,-42.24,,,,2022-11-01,Sapphire Preferred,Shopping
223,,2022-11-13,MCDONALD'S F17480,-6.03,,,,2022-11-01,Sapphire Preferred,Social food/drinks
224,,2022-11-13,MTA*NYCT PAYGO,-2.75,,,,2022-11-01,Sapphire Preferred,Social food/drinks
225,,2022-11-13,MTA*NYCT PAYGO,-2.75,,,,2022-11-01,Sapphire Preferred,Necessary meals
226,,2022-11-13,MTA*NYCT PAYGO,-2.75,,,,2022-11-01,Sapphire Preferred,Necessary meals
227,,2022-11-13,MTA*NYCT PAYGO,-2.75,,,,2022-11-01,Sapphire Preferred,Necessary meals
228,,2022-11-13,MTA*NYCT PAYGO,-2.75,,,,2022-11-01,Sapphire Preferred,Social food/drinks
229,,2022-11-13,MTA*NYCT PAYGO,-2.75,,,,2022-11-01,Sapphire Preferred,Necessary meals
230,,2022-11-13,MTA*NYCT PAYGO,-2.75,,,,2022-11-01,Sapphire Preferred,Bills
231,,2022-11-13,SNACK* EMPANADA MAMA (,-11.15,,,,2022-11-01,Sapphire Preferred,Necessary meals
232,,2022-11-13,SQ *FAY DA BAKERY,-10.65,,,,2022-11-01,Sapphire Preferred,Grocery
233,,2022-11-13,TIGER SUGAR,-19.53,,,,2022-11-01,Sapphire Preferred,Necessary meals
234,DEBIT,2022-11-14,COMCAST 8773102  263397871                  PPD ID: 0000213249,-39.99,ACH_DEBIT,5851.62,,2022-11-01,,Necessary meals
235,DEBIT,2022-11-14,EVERSOURCE       WEB_PAY    77704495102722  WEB ID: 1202042013,-83.29,ACH_DEBIT,5891.61,,2022-11-01,,Social food/drinks
236,DEBIT,2022-11-14,GOOGLE *Google Storag 855-836-3987 CA        11/11,-2.12,DEBIT_CARD,5974.9,,2022-11-01,,Necessary meals
237,,2022-11-14,MCDONALD'S F39147,-8.0,,,,2022-11-01,Sapphire Preferred,Venmo/Cash
238,,2022-11-14,MTA*NYCT PAYGO,-2.75,,,,2022-11-01,Sapphire Preferred,Venmo/Cash
239,,2022-11-14,MTA*NYCT PAYGO,-2.75,,,,2022-11-01,Sapphire Preferred,Necessary meals
240,,2022-11-14,MTA*NYCT PAYGO,-2.75,,,,2022-11-01,Sapphire Preferred,Necessary meals
241,,2022-11-14,MTA*NYCT PAYGO,-2.75,,,,2022-11-01,Sapphire Preferred,Necessary meals
242,,2022-11-14,MTA*NYCT PAYGO,-2.75,,,,2022-11-01,Sapphire Preferred,Social food/drinks
243,,2022-11-15,MTA*NYCT PAYGO,-2.75,,,,2022-11-01,Sapphire Preferred,Necessary meals
244,,2022-11-15,PRUDENTIAL CTR MDSE,-60.0,,,,2022-11-01,Sapphire Preferred,Necessary meals
245,DEBIT,2022-11-16,JOLLIBEE MANHATTAN NEW YORK NY               11/15,-10.87,DEBIT_CARD,8675.01,,2022-11-01,,Social food/drinks
246,,2022-11-16,MTA*NYCT PAYGO,-2.75,,,,2022-11-01,Sapphire Preferred,Entertainment
247,,2022-11-16,TST* Los Tacos No.1 - TIM,-18.33,,,,2022-11-01,Sapphire Preferred,Grocery
248,DEBIT,2022-11-16,UBER   EATS HELP.UBER.COM CA                 11/16,-0.73,DEBIT_CARD,8674.28,,2022-11-01,,Necessary meals
249,,2022-11-17,AMZN Mktp US*HI0YX6NF1,-10.61,,,,2022-11-01,Sapphire Preferred,Bills
250,,2022-11-17,CHIPOTLE 1615,-10.54,,,,2022-11-01,Sapphire Preferred,Bills
251,,2022-11-17,TST* ACEITUNA CAFE,-13.65,,,,2022-11-01,Sapphire Preferred,Bills
252,,2022-11-18,BROTHERS MARKETPLACE #404,-20.96,,,,2022-11-01,Sapphire Preferred,Social food/drinks
253,,2022-11-18,BROTHERS MARKETPLACE #404,-6.19,,,,2022-11-01,Sapphire Preferred,Necessary meals
254,,2022-11-18,SQ *BON ME - BIN,-15.52,,,,2022-11-01,Sapphire Preferred,Necessary meals
255,,2022-11-20,BROTHERS MARKETPLACE #404,-3.99,,,,2022-11-01,Sapphire Preferred,Social food/drinks
256,,2022-11-20,Subway 31620,-9.83,,,,2022-11-01,Sapphire Preferred,Grocery
257,,2022-11-20,TARGET        00032227,-42.76,,,,2022-11-01,Sapphire Preferred,Subscriptions
258,,2022-11-20,TARGET        00032227,-2.1,,,,2022-11-01,Sapphire Preferred,Necessary meals
259,,2022-11-20,TST* ACEITUNA CAFE,-13.65,,,,2022-11-01,Sapphire Preferred,Social food/drinks
260,,2022-11-20,WHOLEFDS CAM 10010,-8.88,,,,2022-11-01,Sapphire Preferred,Social food/drinks
261,,2022-11-21,Amazon.com*HI6L76P12,-15.77,,,,2022-11-01,Sapphire Preferred,Social food/drinks
262,DEBIT,2022-11-21,TJX REWARDS      PAYMENT    524366300420838 WEB ID: 9130142001,-28.12,ACH_DEBIT,8646.16,,2022-11-01,,Necessary meals
263,,2022-11-21,UNITED      0169811499022,-109.0,,,,2022-11-01,Sapphire Preferred,Social food/drinks
264,,2022-11-22,1010 CAFFE NERO CENTRAL S,-3.26,,,,2022-11-01,Sapphire Preferred,Transit
265,,2022-11-22,PP*MUKU,-36.92,,,,2022-11-01,Sapphire Preferred,Transit
266,,2022-11-22,TST* ACEITUNA CAFE,-13.65,,,,2022-11-01,Sapphire Preferred,Necessary meals
267,DEBIT,2022-11-22,UBER   TRIP HELP.UBER.COM CA                 11/22,-39.35,DEBIT_CARD,8606.81,,2022-11-01,,Clothing
268,,2022-11-22,UNITED      0162447982370,170.0,,,,2022-11-01,Sapphire Preferred,Subscriptions
269,,2022-11-23,Amazon Prime*HI64C92D2,-14.99,,,,2022-11-01,Sapphire Preferred,Travel
270,,2022-11-24,SHARETEA RICE VILLAGE,-5.91,,,,2022-11-01,Sapphire Preferred,Travel
271,,2022-11-24,Subway 19947,-9.41,,,,2022-11-01,Sapphire Preferred,Subscriptions
272,,2022-11-25,AMC ONLINE 9640,-58.38,,,,2022-11-01,Sapphire Preferred,Travel
273,,2022-11-27,SNOOZE CLEARLAKE,-30.56,,,,2022-11-01,Sapphire Preferred,Social food/drinks
274,,2022-11-27,Subway 21411,-9.51,,,,2022-11-01,Sapphire Preferred,Necessary meals
275,,2022-11-27,TOP GOLF BAY RESERVATION,-5.41,,,,2022-11-01,Sapphire Preferred,Necessary meals
276,,2022-11-27,TOPGOLF WEBSTER 023-2,-133.24,,,,2022-11-01,Sapphire Preferred,Necessary meals
277,,2022-11-27,UNITED      0162448817162,-115.0,,,,2022-11-01,Sapphire Preferred,Necessary meals
278,,2022-11-27,UNITED      0169812587129,-28.0,,,,2022-11-01,Sapphire Preferred,Bills
279,,2022-11-28,BROTHERS MARKETPLACE #404,-6.19,,,,2022-11-01,Sapphire Preferred,Bills
280,,2022-11-28,BROTHERS MARKETPLACE #404,-3.99,,,,2022-11-01,Sapphire Preferred,Necessary meals
281,,2022-11-28,TARGET        00032227,-27.34,,,,2022-11-01,Sapphire Preferred,Venmo/Cash
282,DEBIT,2022-11-28,VENMO            PAYMENT    1023755325849   WEB ID: 3264681992,-127.12,ACH_DEBIT,8479.69,,2022-11-01,,Grocery
283,,2022-11-30,BAR TACO FORT POINT ONE D,-19.28,,,,2022-11-01,Sapphire Preferred,Necessary meals
284,DEBIT,2022-11-30,IC* INSTACART 888-246-7822 CA                11/30,-26.86,DEBIT_CARD,11287.09,,2022-11-01,,Travel
285,,2022-11-30,TST* ACEITUNA CAFE,-13.65,,,,2022-11-01,Sapphire Preferred,Necessary meals
286,,2022-12-01,TST* ACEITUNA CAFE,-13.65,,,,2022-12-01,Sapphire Preferred,Necessary meals
287,,2022-12-02,CHIPOTLE 1615,-13.43,,,,2022-12-01,Sapphire Preferred,Travel
288,,2022-12-04,CHIPOTLE 1615,-9.84,,,,2022-12-01,Sapphire Preferred,Necessary meals
289,,2022-12-04,MODERN PASTRY,-15.73,,,,2022-12-01,Sapphire Preferred,Social food/drinks
290,,2022-12-04,TST* The Nu Do Society,-15.15,,,,2022-12-01,Sapphire Preferred,Exercise
291,,2022-12-04,UBR POSTMATES,-16.0,,,,2022-12-01,Sapphire Preferred,Clothing
292,,2022-12-05,BROTHERS MARKETPLACE #404,-20.17,,,,2022-12-01,Sapphire Preferred,Investments
293,,2022-12-05,IC* INSTACART,-51.44,,,,2022-12-01,Sapphire Preferred,Social food/drinks
294,,2022-12-05,IHOP #3151,-25.35,,,,2022-12-01,Sapphire Preferred,Necessary meals
295,DEBIT,2022-12-05,NON-CHASE ATM FEE-WITH,-3.0,FEE_TRANSACTION,11181.09,,2022-12-01,,Necessary meals
296,DEBIT,2022-12-05,NON-CHASE ATM WITHDRAW               632600  12/05288 GREEN,-103.0,ATM,11184.09,,2022-12-01,,Social food/drinks
297,,2022-12-05,TARGET        00032227,-19.61,,,,2022-12-01,Sapphire Preferred,Shopping
298,,2022-12-05,THE GREATEST BAR,-46.0,,,,2022-12-01,Sapphire Preferred,Grocery
299,,2022-12-07,BROTHERS MARKETPLACE #404,-6.29,,,,2022-12-01,Sapphire Preferred,Necessary meals
300,,2022-12-07,TST* ACEITUNA CAFE,-13.65,,,,2022-12-01,Sapphire Preferred,Bills
301,,2022-12-07,VOLO SPORT* SPORTS LEA,-110.75,,,,2022-12-01,Sapphire Preferred,Entertainment
302,,2022-12-08,PANERA BREAD #202115 P,-7.58,,,,2022-12-01,Sapphire Preferred,Entertainment
303,,2022-12-09,MITMUSEUM.MIT.EDU,-40.0,,,,2022-12-01,Sapphire Preferred,Necessary meals
304,,2022-12-09,SQ *WINTER HILL BREWING C,-9.0,,,,2022-12-01,Sapphire Preferred,Grocery
305,,2022-12-09,TST* ACEITUNA CAFE,-13.65,,,,2022-12-01,Sapphire Preferred,Necessary meals
306,,2022-12-09,TST* Yume Ga Arukara- Cam,-18.0,,,,2022-12-01,Sapphire Preferred,Social food/drinks
307,,2022-12-11,CHIPOTLE 1615,-21.56,,,,2022-12-01,Sapphire Preferred,Clothing
308,,2022-12-11,LOON MOUNTAIN ECOMM,-345.0,,,,2022-12-01,Sapphire Preferred,Social food/drinks
309,,2022-12-11,SUPREME LIQUORS CAMBRIDG,-24.63,,,,2022-12-01,Sapphire Preferred,Social food/drinks
310,,2022-12-11,TST* FELIPE'S TAQUERIA,-12.56,,,,2022-12-01,Sapphire Preferred,Shopping
311,,2022-12-11,WWW.PLAYPKL.COM,-75.0,,,,2022-12-01,Sapphire Preferred,Social food/drinks
312,,2022-12-12,AMZN Mktp US*762YY5GP3,-26.55,,,,2022-12-01,Sapphire Preferred,Social food/drinks
313,DEBIT,2022-12-12,COMCAST 8773102  263397871                  PPD ID: 0000213249,-39.99,ACH_DEBIT,11207.98,,2022-12-01,,Social food/drinks
314,DEBIT,2022-12-12,GOOGLE *Google Stora g.co/helppay# CA        12/11,-2.12,DEBIT_CARD,11247.97,,2022-12-01,,Entertainment
315,,2022-12-12,TAIWAN CAFE,-78.0,,,,2022-12-01,Sapphire Preferred,Social food/drinks
316,,2022-12-13,AMZN Mktp US*ES22A9863,-33.74,,,,2022-12-01,Sapphire Preferred,Social food/drinks
317,DEBIT,2022-12-13,EVERSOURCE       WEB_PAY    81434820112822  WEB ID: 1202042013,-60.7,ACH_DEBIT,7769.93,,2022-12-01,,Social food/drinks
318,,2022-12-13,TARGET        00032227,-45.34,,,,2022-12-01,Sapphire Preferred,Necessary meals
319,,2022-12-14,Amazon.com*F05YD5XP3,-7.41,,,,2022-12-01,Sapphire Preferred,Venmo/Cash
320,,2022-12-14,SP THC PROVISIONS,-36.81,,,,2022-12-01,Sapphire Preferred,Entertainment
321,,2022-12-15,TST* ACEITUNA CAFE,-13.65,,,,2022-12-01,Sapphire Preferred,Social food/drinks
322,,2022-12-16,BROTHERS MARKETPLACE #404,-6.19,,,,2022-12-01,Sapphire Preferred,Clothing
323,,2022-12-16,IC* INSTACART,-29.02,,,,2022-12-01,Sapphire Preferred,Entertainment
324,,2022-12-16,TST* ARTIFACT CIDER PROJE,-38.24,,,,2022-12-01,Sapphire Preferred,Clothing
325,,2022-12-16,TST* ARTIFACT CIDER PROJE,-8.49,,,,2022-12-01,Sapphire Preferred,Clothing
326,,2022-12-16,UNITED      0162452497828,-421.95,,,,2022-12-01,Sapphire Preferred,Clothing
327,,2022-12-18,BAMBARA,-17.0,,,,2022-12-01,Sapphire Preferred,Necessary meals
328,,2022-12-18,BAMBARA,-16.98,,,,2022-12-01,Sapphire Preferred,Bills
329,,2022-12-18,BLACK MTNBURGER CO,-222.49,,,,2022-12-01,Sapphire Preferred,Social food/drinks
330,,2022-12-18,LOON MOUNTAIN,-50.0,,,,2022-12-01,Sapphire Preferred,Bills
331,,2022-12-19,INSOMNIA COOKIES- DOWN,-2.94,,,,2022-12-01,Sapphire Preferred,Necessary meals
332,,2022-12-19,PRIMARK DWNTWN CROSSING,-72.13,,,,2022-12-01,Sapphire Preferred,Bills
333,,2022-12-19,TSURUTONTAN  UPNGO.COM,-99.75,,,,2022-12-01,Sapphire Preferred,Necessary meals
334,DEBIT,2022-12-20,Zelle payment to JIA JPM999jwr1cv,-59.0,CHASE_TO_PARTNERFI,10545.18,,2022-12-01,,Social food/drinks
335,,2022-12-21,SUMMIT HSE CAFE,-24.45,,,,2022-12-01,Sapphire Preferred,Grocery
336,DEBIT,2022-12-22,VENMO            PAYMENT    1024261389912   WEB ID: 3264681992,-200.0,ACH_DEBIT,10345.18,,2022-12-01,,Necessary meals
337,DEBIT,2022-12-22,Zelle payment to Ethan Glaze 16106505536,-10.0,QUICKPAY_DEBIT,10335.18,,2022-12-01,,Necessary meals
338,,2022-12-23,KIDZ CABIN,-28.28,,,,2022-12-01,Sapphire Preferred,Subscriptions
339,,2022-12-25,AMZN Mktp US*P592Q17J3,-43.29,,,,2022-12-01,Sapphire Preferred,Entertainment
340,,2022-12-25,DILLARDS 779 BAYBROOK,-102.25,,,,2022-12-01,Sapphire Preferred,Social food/drinks
341,,2022-12-25,EXPRESS#0259,-36.16,,,,2022-12-01,Sapphire Preferred,Grocery
342,,2022-12-25,NORDSTROM RACK #0721,-30.25,,,,2022-12-01,Sapphire Preferred,Travel
343,,2022-12-25,SQ *GARAGE SALE VINTAGE,-35.94,,,,2022-12-01,Sapphire Preferred,Entertainment
344,,2022-12-27,AMZN Mktp US*848MN45G3,-29.22,,,,2022-12-01,Sapphire Preferred,Subscriptions
345,,2022-12-28,Subway 64335,-11.83,,,,2022-12-01,Sapphire Preferred,Necessary meals
346,,2022-12-28,THAI STELLAR FOOD,-15.14,,,,2022-12-01,Sapphire Preferred,Necessary meals
347,,2022-12-29,GOL AIR     1277909596733,-415.3,,,,2022-12-01,Sapphire Preferred,Necessary meals
348,,2022-12-29,KOMEYA RAMEN AND SUSHI,-22.07,,,,2022-12-01,Sapphire Preferred,Subscriptions
349,,2022-12-29,NORDSTROM RACK #741,-59.51,,,,2022-12-01,Sapphire Preferred,Shopping
350,,2022-12-29,PAVEMENT - HOUSTON,-18.35,,,,2022-12-01,Sapphire Preferred,Venmo/Cash
351,,2022-12-29,SQ *LO-FI VINTAGE/MODERN,-30.31,,,,2022-12-01,Sapphire Preferred,Necessary meals
352,,2022-12-29,TST* Goode Company BBQ -,-20.04,,,,2022-12-01,Sapphire Preferred,Necessary meals
353,,2022-12-30,CHICK-FIL-A #03274,-12.1,,,,2022-12-01,Sapphire Preferred,Social food/drinks
354,,2022-12-30,SQ *DIMASSI?S WEBSTER,-17.31,,,,2022-12-01,Sapphire Preferred,Social food/drinks
355,,2023-01-01,THAI COTTAGE AT THE BAY,-26.0,,,,2023-01-01,Sapphire Preferred,Necessary meals
356,,2023-01-01,THAI SPICE RICE AND NOOD,-14.99,,,,2023-01-01,Sapphire Preferred,Shopping
357,,2023-01-01,TST* Cookshack 3,-15.84,,,,2023-01-01,Sapphire Preferred,Shopping
358,,2023-01-03,UNITED      0162455897626,-308.75,,,,2023-01-01,Sapphire Preferred,Necessary meals
359,DEBIT,2023-01-03,VENMO            PAYMENT    1024414798621   WEB ID: 3264681992,-40.0,ACH_DEBIT,13129.48,,2023-01-01,,Necessary meals
360,DEBIT,2023-01-03,VENMO            PAYMENT    1024455490366   WEB ID: 3264681992,-148.65,ACH_DEBIT,12980.83,,2023-01-01,,Shopping
361,DEBIT,2023-01-03,VENMO            PAYMENT    1024455501016   WEB ID: 3264681992,-127.12,ACH_DEBIT,12853.71,,2023-01-01,,Grocery
362,,2023-01-04,CHEESECAKE BAYBROOK,-46.62,,,,2023-01-01,Sapphire Preferred,Necessary meals
363,,2023-01-04,EXPRESS#0259,-3.37,,,,2023-01-01,Sapphire Preferred,Shopping
364,,2023-01-04,SQ *BAYBROOK MALL BAG TAG,-43.29,,,,2023-01-01,Sapphire Preferred,Shopping
365,,2023-01-04,Subway 7223,-12.96,,,,2023-01-01,Sapphire Preferred,Necessary meals
366,DEBIT,2023-01-04,Zelle payment to Ethan Glaze 16201969753,-25.0,QUICKPAY_DEBIT,12828.71,,2023-01-01,,Social food/drinks
367,DEBIT,2023-01-05,LPCRESIDENT3-225 WEB PMTS   68KD7C          WEB ID: 9000326709,-7536.0,ACH_DEBIT,5292.71,,2023-01-01,,Social food/drinks
368,,2023-01-08,SNOOZE MONTROSE,-33.69,,,,2023-01-01,Sapphire Preferred,Social food/drinks
369,,2023-01-08,TOP GOLF BAY RESERVATION,-5.41,,,,2023-01-01,Sapphire Preferred,Necessary meals
370,,2023-01-08,TST* ChristoMio Coffee Ba,-4.83,,,,2023-01-01,Sapphire Preferred,Entertainment
371,,2023-01-09,TAQUERIA ARANDAS #33,-28.07,,,,2023-01-01,Sapphire Preferred,Entertainment
372,DEBIT,2023-01-09,Zelle payment to Ethan Glaze 16230648036,-15.0,QUICKPAY_DEBIT,5297.71,,2023-01-01,,Entertainment
373,,2023-01-10,BROTHERS MARKETPLACE #404,-13.4,,,,2023-01-01,Sapphire Preferred,Necessary meals
374,,2023-01-10,CHIPOTLE 1615,-9.84,,,,2023-01-01,Sapphire Preferred,Travel
375,,2023-01-10,KELLY'S ROAST BEEF BOS,-12.25,,,,2023-01-01,Sapphire Preferred,Necessary meals
376,,2023-01-10,TARGET        00032227,-19.16,,,,2023-01-01,Sapphire Preferred,Social food/drinks
377,,2023-01-10,TST* ACEITUNA CAFE,-13.65,,,,2023-01-01,Sapphire Preferred,Shopping
378,,2023-01-10,TST* EBI SUSHI,-94.9,,,,2023-01-01,Sapphire Preferred,Necessary meals
379,DEBIT,2023-01-11,COMCAST 8773102  263397871                  PPD ID: 0000213249,-39.99,ACH_DEBIT,5255.6,,2023-01-01,,Necessary meals
380,DEBIT,2023-01-11,GOOGLE *Google Storag 855-836-3987 CA        01/11,-2.12,DEBIT_CARD,5295.59,,2023-01-01,,Travel
381,,2023-01-11,IC* INSTACART,-38.37,,,,2023-01-01,Sapphire Preferred,Necessary meals
382,,2023-01-11,TST* ACEITUNA CAFE,-13.65,,,,2023-01-01,Sapphire Preferred,Grocery
383,DEBIT,2023-01-12,EVERSOURCE       WEB_PAY    85017556122922  WEB ID: 1202042013,-77.61,ACH_DEBIT,5177.99,,2023-01-01,,Social food/drinks
384,,2023-01-12,SARKU JAPAN 018,-10.04,,,,2023-01-01,Sapphire Preferred,Necessary meals
385,,2023-01-13,BOS TRAVEL&amp;LEISUREST19,-14.86,,,,2023-01-01,Sapphire Preferred,Travel
386,,2023-01-13,TICKETSATWORK.COM,-116.0,,,,2023-01-01,Sapphire Preferred,Shopping
387,,2023-01-13,TST* ACEITUNA CAFE,-27.28,,,,2023-01-01,Sapphire Preferred,Shopping
388,,2023-01-13,TST* ACEITUNA CAFE,-13.65,,,,2023-01-01,Sapphire Preferred,Grocery
389,,2023-01-15,LOON MOUNTAIN ECOMM,-59.0,,,,2023-01-01,Sapphire Preferred,Bills
390,,2023-01-15,TST* WOW BAO - LOGAN AIRP,-10.68,,,,2023-01-01,Sapphire Preferred,Social food/drinks
391,,2023-01-19,KAFE,-3.93,,,,2023-01-01,Sapphire Preferred,Social food/drinks
392,,2023-01-19,PAG*FARMAIS,-31.01,,,,2023-01-01,Sapphire Preferred,Social food/drinks
393,,2023-01-20,DECK ZERO NOVE,-14.53,,,,2023-01-01,Sapphire Preferred,Necessary meals
394,,2023-01-20,LOJA RIO SOUVENIRS,-39.8,,,,2023-01-01,Sapphire Preferred,Social food/drinks
395,,2023-01-20,MAC DONALDS,-7.23,,,,2023-01-01,Sapphire Preferred,Necessary meals
396,,2023-01-20,PAG*Nove,-21.72,,,,2023-01-01,Sapphire Preferred,Bills
397,,2023-01-20,SUPERPRIX LOJA 15,-9.95,,,,2023-01-01,Sapphire Preferred,Grocery
398,,2023-01-20,TREM DO CORCOVADO RJ,-92.79,,,,2023-01-01,Sapphire Preferred,Social food/drinks
399,,2023-01-22,DROGARIAS PACHECO,-18.66,,,,2023-01-01,Sapphire Preferred,Necessary meals
400,,2023-01-23,CAFE DO FORTE,-88.9,,,,2023-01-01,Sapphire Preferred,Necessary meals
401,,2023-01-23,DROGARIA VENANCIO,-6.42,,,,2023-01-01,Sapphire Preferred,Necessary meals
402,,2023-01-23,SUPERPRIX LOJA 15,-4.19,,,,2023-01-01,Sapphire Preferred,Shopping
403,,2023-01-25,BROTHERS MARKETPLACE #404,-7.98,,,,2023-01-01,Sapphire Preferred,Venmo/Cash
404,,2023-01-26,CHIPOTLE 1615,-10.54,,,,2023-01-01,Sapphire Preferred,Necessary meals
405,,2023-01-26,IDRIVESAFE* COURSE,-25.0,,,,2023-01-01,Sapphire Preferred,Transit
406,,2023-01-26,TXDPS DRIVER RECORD,-12.0,,,,2023-01-01,Sapphire Preferred,Shopping
407,,2023-01-27,AMZN Mktp US*M37SX4PL3,-94.56,,,,2023-01-01,Sapphire Preferred,Necessary meals
408,,2023-01-27,AMZN Mktp US*TF40V75H3,-113.68,,,,2023-01-01,Sapphire Preferred,Social food/drinks
409,,2023-01-27,TST* ACEITUNA CAFE,-13.65,,,,2023-01-01,Sapphire Preferred,Social food/drinks
410,,2023-01-29,CHIPOTLE 1615,-9.84,,,,2023-01-01,Sapphire Preferred,Venmo/Cash
411,,2023-01-29,SQ *THINKING CUP TREMONT,-9.22,,,,2023-01-01,Sapphire Preferred,Venmo/Cash
412,,2023-01-29,TARGET        00032227,-33.35,,,,2023-01-01,Sapphire Preferred,Necessary meals
413,,2023-01-30,BLAKES,-104.93,,,,2023-01-01,Sapphire Preferred,Bills
414,,2023-01-30,DNCSS TD GARDEN CONCES,-12.57,,,,2023-01-01,Sapphire Preferred,Medication
415,,2023-01-31,SQ *BON ME - BIN,-15.52,,,,2023-01-01,Sapphire Preferred,Bills
416,,2023-02-02,TST* ACEITUNA CAFE,-27.28,,,,2023-02-01,Sapphire Preferred,Entertainment
417,,2023-02-02,TST* ACEITUNA CAFE,-13.65,,,,2023-02-01,Sapphire Preferred,Necessary meals
418,,2023-02-02,TST* Yume Ga Arukara- Cam,-40.12,,,,2023-02-01,Sapphire Preferred,Grocery
419,,2023-02-03,CHIPOTLE 1615,-10.54,,,,2023-02-01,Sapphire Preferred,Bills
420,DEBIT,2023-02-03,LPCRESIDENT3-225 SIGONFILE                  PPD ID: 9000326709,-3768.0,ACH_DEBIT,5620.03,,2023-02-01,,Social food/drinks
421,,2023-02-03,TST* ACEITUNA CAFE,-13.65,,,,2023-02-01,Sapphire Preferred,Necessary meals
422,,2023-02-05,BROTHERS MARKETPLACE #404,-6.47,,,,2023-02-01,Sapphire Preferred,Social food/drinks
423,,2023-02-05,DUNKIN #302782,-7.95,,,,2023-02-01,Sapphire Preferred,Grocery
424,,2023-02-05,TST* ACEITUNA CAFE,-13.65,,,,2023-02-01,Sapphire Preferred,Medical
425,,2023-02-05,TSURUTONTAN,-47.98,,,,2023-02-01,Sapphire Preferred,Necessary meals
426,,2023-02-06,Subway 31143,-14.21,,,,2023-02-01,Sapphire Preferred,Exercise
427,DEBIT,2023-02-06,VENMO            PAYMENT    1025076305397   WEB ID: 3264681992,-294.9,ACH_DEBIT,4828.09,,2023-02-01,,Necessary meals
428,DEBIT,2023-02-06,VENMO            PAYMENT    1025076331898   WEB ID: 3264681992,-497.04,ACH_DEBIT,5122.99,,2023-02-01,,Necessary meals
429,,2023-02-07,CHIPOTLE 1615,-10.54,,,,2023-02-01,Sapphire Preferred,Subscriptions
430,,2023-02-10,CHIPOTLE 1615,-10.54,,,,2023-02-01,Sapphire Preferred,Grocery
431,,2023-02-10,TST* ACEITUNA CAFE,-13.65,,,,2023-02-01,Sapphire Preferred,Necessary meals
432,,2023-02-12,GREEK AMERICAN POLITICAL,-22.5,,,,2023-02-01,Sapphire Preferred,Necessary meals
433,,2023-02-12,SQ *BON ME - BIN,-24.15,,,,2023-02-01,Sapphire Preferred,Necessary meals
434,,2023-02-12,Subway 31620,-12.77,,,,2023-02-01,Sapphire Preferred,Social food/drinks
435,,2023-02-13,1010 CAFFE NERO CENTRAL S,-3.37,,,,2023-02-01,Sapphire Preferred,Social food/drinks
436,,2023-02-13,BLUE HILLS SKI AREA,-4.0,,,,2023-02-01,Sapphire Preferred,Travel
437,,2023-02-13,BROTHERS MARKETPLACE #404,-26.73,,,,2023-02-01,Sapphire Preferred,Social food/drinks
438,,2023-02-13,CHIPOTLE 1615,-10.54,,,,2023-02-01,Sapphire Preferred,Entertainment
439,DEBIT,2023-02-13,COMCAST 8773102  263397871                  PPD ID: 0000213249,-39.99,ACH_DEBIT,1849.19,,2023-02-01,,Social food/drinks
440,DEBIT,2023-02-13,EVERSOURCE       WEB_PAY    88594019012723  WEB ID: 1202042013,-45.29,ACH_DEBIT,4780.68,,2023-02-01,,Entertainment
441,DEBIT,2023-02-13,GOOGLE *Google Stora g.co/helppay# CA        02/11,-2.12,DEBIT_CARD,4825.97,,2023-02-01,,Entertainment
442,,2023-02-13,LS CAMBRIDGE SPIRITS,-31.98,,,,2023-02-01,Sapphire Preferred,Entertainment
443,,2023-02-14,TST* ACEITUNA CAFE,-13.65,,,,2023-02-01,Sapphire Preferred,Transit
444,,2023-02-15,10078 CAVA KENDALL SQR,-16.8,,,,2023-02-01,Sapphire Preferred,Transit
445,,2023-02-15,ESTELLA,-142.78,,,,2023-02-01,Sapphire Preferred,Transit
446,,2023-02-16,BROTHERS MARKETPLACE #404,-5.98,,,,2023-02-01,Sapphire Preferred,Travel
447,DEBIT,2023-02-16,THE ATHLETIC HTTPSTHEATHLE CA                02/16,-29.99,DEBIT_CARD,4715.84,,2023-02-01,,Travel
448,,2023-02-16,TST* ACEITUNA CAFE,-13.65,,,,2023-02-01,Sapphire Preferred,Travel
449,,2023-02-17,DNCSS TD GARDEN CONCES,-38.95,,,,2023-02-01,Sapphire Preferred,Social food/drinks
450,,2023-02-17,DNCSS TD GARDEN CONCES,-18.58,,,,2023-02-01,Sapphire Preferred,Social food/drinks
451,,2023-02-17,DNCSS TD GARDEN CONCES,-12.57,,,,2023-02-01,Sapphire Preferred,Necessary meals
452,,2023-02-17,TST* ACEITUNA CAFE,-13.65,,,,2023-02-01,Sapphire Preferred,Entertainment
453,,2023-02-19,SONIC DRIVE IN #6490,-19.0,,,,2023-02-01,Sapphire Preferred,Social food/drinks
454,,2023-02-19,Spin Mobility,-6.55,,,,2023-02-01,Sapphire Preferred,Grocery
455,,2023-02-19,Spin Mobility,-3.47,,,,2023-02-01,Sapphire Preferred,Necessary meals
456,,2023-02-19,TST* ACEITUNA CAFE,-13.65,,,,2023-02-01,Sapphire Preferred,Grocery
457,,2023-02-19,WAL-MART #2885,-28.96,,,,2023-02-01,Sapphire Preferred,Necessary meals
458,,2023-02-19,Zipcar Application,-26.56,,,,2023-02-01,Sapphire Preferred,Necessary meals
459,,2023-02-19,Zipcar Extend FEB18,-2.0,,,,2023-02-01,Sapphire Preferred,Necessary meals
460,,2023-02-19,Zipcar Late Return,-77.75,,,,2023-02-01,Sapphire Preferred,Necessary meals
461,,2023-02-19,Zipcar Monthly Plan,-8.5,,,,2023-02-01,Sapphire Preferred,Necessary meals
462,,2023-02-19,Zipcar Trip FEB18,-182.74,,,,2023-02-01,Sapphire Preferred,Shopping
463,,2023-02-20,730 TAVERN,-11.13,,,,2023-02-01,Sapphire Preferred,Entertainment
464,,2023-02-20,CHIPOTLE 1615,-9.84,,,,2023-02-01,Sapphire Preferred,Social food/drinks
465,,2023-02-20,IC* INSTACART,-97.13,,,,2023-02-01,Sapphire Preferred,Necessary meals
466,,2023-02-20,IC* INSTACART,-26.86,,,,2023-02-01,Sapphire Preferred,Transit
467,,2023-02-21,CHIPOTLE 1615,-10.54,,,,2023-02-01,Sapphire Preferred,Transit
468,,2023-02-21,INTUIT *TURBOTAX,-136.0,,,,2023-02-01,Sapphire Preferred,Transit
469,DEBIT,2023-02-21,TJX REWARDS      PAYMENT    524366300420838 WEB ID: 9130142001,-95.62,ACH_DEBIT,4620.22,,2023-02-01,,Transit
470,,2023-02-21,TST* TATTE BAKERY 3RD,-3.71,,,,2023-02-01,Sapphire Preferred,Social food/drinks
471,DEBIT,2023-02-21,VENMO            PAYMENT    1025372414364   WEB ID: 3264681992,-27.25,ACH_DEBIT,4592.97,,2023-02-01,,Necessary meals
472,,2023-02-22,BROTHERS MARKETPLACE #404,-26.91,,,,2023-02-01,Sapphire Preferred,Grocery
473,,2023-02-22,TST* ACEITUNA CAFE,-13.65,,,,2023-02-01,Sapphire Preferred,Social food/drinks
474,,2023-02-22,Zipcar Toll FEB18,-16.0,,,,2023-02-01,Sapphire Preferred,Necessary meals
475,,2023-02-23,CHIPOTLE 1615,-10.54,,,,2023-02-01,Sapphire Preferred,Transit
476,,2023-02-24,TST* ACEITUNA CAFE,-13.65,,,,2023-02-01,Sapphire Preferred,Transit
477,,2023-02-24,UNITED      0162467704906,-747.8,,,,2023-02-01,Sapphire Preferred,Transit
478,,2023-02-26,CHIPOTLE 1615,-10.54,,,,2023-02-01,Sapphire Preferred,Transit
479,,2023-02-26,OSARACENO RESTAURANT,-123.95,,,,2023-02-01,Sapphire Preferred,Transit
480,,2023-02-26,VOLO* SPORTS LEAGUES,-121.45,,,,2023-02-01,Sapphire Preferred,Shopping
481,,2023-02-27,JOSABANK CLOTHIERS 479,-50.0,,,,2023-02-01,Sapphire Preferred,Necessary meals
482,DEBIT,2023-02-27,SCHWAB BROKERAGE MONEYLINK                  PPD ID: 9005586224,-4212.0,ACH_DEBIT,8806.3,,2023-02-01,,Medication
483,,2023-02-28,BEAN TOWN TAQUERIA,-16.04,,,,2023-02-01,Sapphire Preferred,Medical
484,,2023-02-28,TST* ACEITUNA CAFE,-13.65,,,,2023-02-01,Sapphire Preferred,Venmo/Cash
485,,2023-03-01,CHIPOTLE 1615,-9.84,,,,2023-03-01,Sapphire Preferred,Venmo/Cash
486,,2023-03-01,IHOP #3151,-50.01,,,,2023-03-01,Sapphire Preferred,Necessary meals
487,,2023-03-02,AMZN Mktp US*HD7AN1BZ1,-119.06,,,,2023-03-01,Sapphire Preferred,Bills
488,,2023-03-02,BROTHERS MARKETPLACE #404,-0.6,,,,2023-03-01,Sapphire Preferred,Necessary meals
489,,2023-03-03,KELLYS ROAST BEEF BOS,-12.25,,,,2023-03-01,Sapphire Preferred,Necessary meals
490,DEBIT,2023-03-03,LPCRESIDENT3-225 SIGONFILE                  PPD ID: 9000326709,-3768.0,ACH_DEBIT,11521.04,,2023-03-01,,Necessary meals
491,,2023-03-05,AXS.COMRODEO HOUSTON,-21.0,,,,2023-03-01,Sapphire Preferred,Grocery
492,,2023-03-05,Store,-12.36,,,,2023-03-01,Sapphire Preferred,Social food/drinks
493,,2023-03-05,Subway 19947,-11.67,,,,2023-03-01,Sapphire Preferred,Shopping
494,,2023-03-06,H-E-B #599,-27.04,,,,2023-03-01,Sapphire Preferred,Necessary meals
495,,2023-03-06,IC* INSTACART,-29.67,,,,2023-03-01,Sapphire Preferred,Shopping
496,,2023-03-06,SQ *BITTY &amp; BEAU'S COFFEE,-14.62,,,,2023-03-01,Sapphire Preferred,Social food/drinks
497,,2023-03-06,WAL-MART #3584,-29.75,,,,2023-03-01,Sapphire Preferred,Social food/drinks
498,,2023-03-07,5016 GRANNY'S CHEESECAKE,-11.0,,,,2023-03-01,Sapphire Preferred,Social food/drinks
499,,2023-03-07,5016 GRANNY'S CHEESECAKE,-4.0,,,,2023-03-01,Sapphire Preferred,Transit
500,,2023-03-07,SQ *RGO SPORTS,-383.69,,,,2023-03-01,Sapphire Preferred,Social food/drinks
501,,2023-03-07,TST* Hungrys Rice Village,-110.34,,,,2023-03-01,Sapphire Preferred,Shopping
502,,2023-03-07,TST* The Rice Box - Rice,-12.3,,,,2023-03-01,Sapphire Preferred,Social food/drinks
503,,2023-03-08,F&amp;B NRG CENTER CONCESS,-20.41,,,,2023-03-01,Sapphire Preferred,Necessary meals
504,,2023-03-08,RCS CARNIVAL,-25.0,,,,2023-03-01,Sapphire Preferred,Necessary meals
505,,2023-03-08,RICE COFFEE HOUSE,-2.88,,,,2023-03-01,Sapphire Preferred,Necessary meals
506,,2023-03-08,SQ *AUDREY'S,-5.25,,,,2023-03-01,Sapphire Preferred,Travel
507,,2023-03-08,Waffle Chicks,-16.0,,,,2023-03-01,Sapphire Preferred,Shopping
508,,2023-03-09,Subway 64335,-10.82,,,,2023-03-01,Sapphire Preferred,Shopping
509,DEBIT,2023-03-09,VENMO            PAYMENT    1025696271135   WEB ID: 3264681992,-98.5,ACH_DEBIT,11422.54,,2023-03-01,,Grocery
510,,2023-03-10,TM *TICKETMASTER,-77.55,,,,2023-03-01,Sapphire Preferred,Necessary meals
511,,2023-03-12,BLACK WALNUT CAFE RICE,-28.33,,,,2023-03-01,Sapphire Preferred,Necessary meals
512,,2023-03-12,BUFFALO EXCHANGE TX02,-96.34,,,,2023-03-01,Sapphire Preferred,Bills
513,,2023-03-12,EB GET LUCKY PUB CRAW,-106.47,,,,2023-03-01,Sapphire Preferred,Social food/drinks
514,,2023-03-12,EXPRESS#0259,-66.68,,,,2023-03-01,Sapphire Preferred,Grocery
515,,2023-03-12,MACYS  BAYBROOK,-36.0,,,,2023-03-01,Sapphire Preferred,Bills
516,,2023-03-12,NORDSTROM RACK #0721,-27.03,,,,2023-03-01,Sapphire Preferred,Bills
517,,2023-03-12,Subway 44967,-12.3,,,,2023-03-01,Sapphire Preferred,Necessary meals
518,DEBIT,2023-03-13,COMCAST 8773102  263397871                  PPD ID: 0000213249,-39.99,ACH_DEBIT,10128.86,,2023-03-01,,Grocery
519,,2023-03-13,DENNY'S #9386,-32.87,,,,2023-03-01,Sapphire Preferred,Grocery
520,DEBIT,2023-03-13,GOOGLE *Google Storag 855-836-3987 CA        03/11,-2.12,DEBIT_CARD,11420.42,,2023-03-01,,Clothing
521,,2023-03-14,CHIPOTLE 1615,-10.54,,,,2023-03-01,Sapphire Preferred,Transit
522,DEBIT,2023-03-14,EVERSOURCE       WEB_PAY    92311773022723  WEB ID: 1202042013,-67.59,ACH_DEBIT,10174.54,,2023-03-01,,Necessary meals
523,,2023-03-14,IC* INSTACART,-90.75,,,,2023-03-01,Sapphire Preferred,Clothing
524,,2023-03-14,PAR*FOGO BAYBROOK,-165.44,,,,2023-03-01,Sapphire Preferred,Necessary meals
525,,2023-03-15,BROTHERS MARKETPLACE #404,-42.87,,,,2023-03-01,Sapphire Preferred,Grocery
526,,2023-03-15,IC* INSTACART,14.99,,,,2023-03-01,Sapphire Preferred,Necessary meals
527,,2023-03-15,KELLYS ROAST BEEF BOS,-12.25,,,,2023-03-01,Sapphire Preferred,Social food/drinks
528,DEBIT,2023-03-16,Nintendo CD945630605 800-2553700 WA          03/16,-21.64,DEBIT_CARD,13031.63,,2023-03-01,,Social food/drinks
529,,2023-03-16,TM *DROPKICK MURPHYS,-125.45,,,,2023-03-01,Sapphire Preferred,Necessary meals
530,,2023-03-17,AMK MUSIC HALL CONCESSION,-54.72,,,,2023-03-01,Sapphire Preferred,Necessary meals
531,,2023-03-17,BROTHERS MARKETPLACE #404,-29.75,,,,2023-03-01,Sapphire Preferred,Transit
532,,2023-03-17,DELTA AIR   0062370334852,-242.8,,,,2023-03-01,Sapphire Preferred,Medication
533,,2023-03-17,DROPKICK MURPHYS,-35.0,,,,2023-03-01,Sapphire Preferred,Necessary meals
534,,2023-03-17,IEEE PRODUCTS &amp; SERVICES,-58.5,,,,2023-03-01,Sapphire Preferred,Transit
535,,2023-03-17,TST* ACEITUNA CAFE,-13.65,,,,2023-03-01,Sapphire Preferred,Subscriptions
536,,2023-03-19,Subway 21411,-9.41,,,,2023-03-01,Sapphire Preferred,Medication
537,,2023-03-19,TST* ACEITUNA CAFE,-13.65,,,,2023-03-01,Sapphire Preferred,Necessary meals
538,,2023-03-19,Zipcar Monthly Plan,-8.5,,,,2023-03-01,Sapphire Preferred,Grocery
539,,2023-03-20,7-ELEVEN 32476,-5.08,,,,2023-03-01,Sapphire Preferred,Necessary meals
540,DEBIT,2023-03-20,ATM WITHDRAWAL                       005309  03/18250 ELM S,-35.0,ATM,12996.63,,2023-03-01,,Necessary meals
541,,2023-03-20,CHIPOTLE 1615,-10.54,,,,2023-03-01,Sapphire Preferred,Venmo/Cash
542,,2023-03-20,QDOBA 2592,-11.71,,,,2023-03-01,Sapphire Preferred,Entertainment
543,,2023-03-20,THE WILD DUCK,-162.1,,,,2023-03-01,Sapphire Preferred,Social food/drinks
544,,2023-03-20,TST* WEST END JOHNNIE'S,-127.0,,,,2023-03-01,Sapphire Preferred,Necessary meals
545,,2023-03-21,TST* ACEITUNA CAFE,-13.65,,,,2023-03-01,Sapphire Preferred,Clothing
546,,2023-03-23,AMZN Mktp US*H71AS6J11,-4.24,,,,2023-03-01,Sapphire Preferred,Medical
547,,2023-03-23,Amazon.com*H78YP7JD1,-16.72,,,,2023-03-01,Sapphire Preferred,Transit
548,,2023-03-23,TST* ACEITUNA CAFE,-13.65,,,,2023-03-01,Sapphire Preferred,Social food/drinks
549,,2023-03-24,CHIPOTLE 1615,-10.54,,,,2023-03-01,Sapphire Preferred,Grocery
550,,2023-03-26,Amazon.com*H71DR2W70,-9.54,,,,2023-03-01,Sapphire Preferred,Necessary meals
551,,2023-03-26,BROTHERS MARKETPLACE #404,-4.99,,,,2023-03-01,Sapphire Preferred,Necessary meals
552,,2023-03-26,CHIPOTLE 1615,-10.54,,,,2023-03-01,Sapphire Preferred,Social food/drinks
553,,2023-03-26,TARGET        00014415,-42.48,,,,2023-03-01,Sapphire Preferred,Necessary meals
554,,2023-03-26,TARGET.COM  *,-20.17,,,,2023-03-01,Sapphire Preferred,Clothing
555,,2023-03-26,TST* BOM DOUGH,-4.75,,,,2023-03-01,Sapphire Preferred,Travel
556,,2023-03-26,TST* Cambridge Brewing Co,-58.75,,,,2023-03-01,Sapphire Preferred,Grocery
557,,2023-03-27,1005 CAFFE NERO FORT POIN,-3.37,,,,2023-03-01,Sapphire Preferred,Necessary meals
558,,2023-03-27,BAR TACO FORT POINT ONE D,-46.51,,,,2023-03-01,Sapphire Preferred,Grocery
559,,2023-03-27,JIMMY JOHNS - 2846,-12.22,,,,2023-03-01,Sapphire Preferred,Necessary meals
560,,2023-03-27,PAX EAST TF2,-60.0,,,,2023-03-01,Sapphire Preferred,Necessary meals
561,,2023-03-27,PAX EAST TF2,-40.0,,,,2023-03-01,Sapphire Preferred,Transit
562,,2023-03-27,PAX EAST TF2,-20.0,,,,2023-03-01,Sapphire Preferred,Necessary meals
563,,2023-03-27,PITA CAMBRIDGE,-14.12,,,,2023-03-01,Sapphire Preferred,Shopping
564,,2023-03-28,CL *Chase Travel,-1287.45,,,,2023-03-01,Sapphire Preferred,Necessary meals
565,,2023-03-28,TST* ACEITUNA CAFE,-13.65,,,,2023-03-01,Sapphire Preferred,Exercise
566,,2023-03-29,ASMARA RESTAURANT,-169.39,,,,2023-03-01,Sapphire Preferred,Shopping
567,,2023-03-29,TARGET        00032227,-3.49,,,,2023-03-01,Sapphire Preferred,Transit
568,,2023-03-29,TST* ACEITUNA CAFE,-13.65,,,,2023-03-01,Sapphire Preferred,Shopping
569,,2023-03-29,TST* Pepper skys,-17.45,,,,2023-03-01,Sapphire Preferred,Necessary meals
570,,2023-03-30,AIRBNB * HMFS59E92T,-254.49,,,,2023-03-01,Sapphire Preferred,Social food/drinks
571,,2023-03-30,CHIPOTLE 1615,-10.54,,,,2023-03-01,Sapphire Preferred,Transit
572,,2023-03-30,H MART - CAMBRIDGE,-18.53,,,,2023-03-01,Sapphire Preferred,Bills
573,,2023-03-30,SQ *SAPPORO RAMEN,-21.4,,,,2023-03-01,Sapphire Preferred,Venmo/Cash
574,,2023-03-31,CHIPOTLE 1615,-10.54,,,,2023-03-01,Sapphire Preferred,Venmo/Cash
575,,2023-03-31,DELTA AIR   0062373940479,-135.0,,,,2023-03-01,Sapphire Preferred,Social food/drinks
576,,2023-04-02,AMZN Mktp US*HY9205TE2,-9.55,,,,2023-04-01,Sapphire Preferred,Social food/drinks
577,,2023-04-02,Amazon.com*HY42N6HZ1,-59.17,,,,2023-04-01,Sapphire Preferred,Necessary meals
578,,2023-04-02,BROTHERS MARKETPLACE #404,-61.68,,,,2023-04-01,Sapphire Preferred,Social food/drinks
579,,2023-04-02,IDRIVESAFE* COURSE,-20.0,,,,2023-04-01,Sapphire Preferred,Social food/drinks
580,,2023-04-02,TST* BOM DOUGH,-5.87,,,,2023-04-01,Sapphire Preferred,Social food/drinks
581,,2023-04-02,TST* HUNTER'S,-53.08,,,,2023-04-01,Sapphire Preferred,Social food/drinks
582,,2023-04-02,TST* WUSONG ROAD - CAMBRI,-37.57,,,,2023-04-01,Sapphire Preferred,Social food/drinks
583,,2023-04-03,PITA CAMBRIDGE,-13.57,,,,2023-04-01,Sapphire Preferred,Social food/drinks
584,,2023-04-03,TST* PHOENIX LANDING,-40.24,,,,2023-04-01,Sapphire Preferred,Social food/drinks
585,,2023-04-04,FIVE SPICES HOUSE,-25.85,,,,2023-04-01,Sapphire Preferred,Social food/drinks
586,DEBIT,2023-04-04,LPCRESIDENT3-225 SIGONFILE                  PPD ID: 9000326709,-3768.0,ACH_DEBIT,12140.37,,2023-04-01,,Social food/drinks
587,,2023-04-04,STAR MARKET 0163,-36.19,,,,2023-04-01,Sapphire Preferred,Social food/drinks
588,,2023-04-04,TST* DIESEL CAFE,-6.83,,,,2023-04-01,Sapphire Preferred,Social food/drinks
589,,2023-04-05,TST* ACEITUNA CAFE,-13.65,,,,2023-04-01,Sapphire Preferred,Necessary meals
590,,2023-04-05,TST* SALONIKI GREEK,-13.47,,,,2023-04-01,Sapphire Preferred,Necessary meals
591,,2023-04-06,TST* ACEITUNA CAFE,-13.65,,,,2023-04-01,Sapphire Preferred,Bills
592,,2023-04-07,GEORGETOWNUBKSTORE,-43.42,,,,2023-04-01,Sapphire Preferred,Bills
593,DEBIT,2023-04-07,VENMO            PAYMENT    1026276138299   WEB ID: 3264681992,-10.85,ACH_DEBIT,12129.52,,2023-04-01,,Bills
594,,2023-04-09,GAB TERM B DCA,-12.42,,,,2023-04-01,Sapphire Preferred,Social food/drinks
595,,2023-04-09,LIM*RIDE COST,-4.0,,,,2023-04-01,Sapphire Preferred,Entertainment
596,,2023-04-09,RAY-BAN.COM,-172.78,,,,2023-04-01,Sapphire Preferred,Social food/drinks
597,,2023-04-09,Subway 30421,-7.83,,,,2023-04-01,Sapphire Preferred,Shopping
598,,2023-04-09,TST* Cafe Fili - DC,-43.5,,,,2023-04-01,Sapphire Preferred,Social food/drinks
599,,2023-04-09,TST* District Rico,-11.7,,,,2023-04-01,Sapphire Preferred,Social food/drinks
600,DEBIT,2023-04-10,VENMO            PAYMENT    1026285269432   WEB ID: 3264681992,-7.12,ACH_DEBIT,12122.4,,2023-04-01,,Necessary meals
601,DEBIT,2023-04-10,VENMO            PAYMENT    1026305190319   WEB ID: 3264681992,-11.79,ACH_DEBIT,8344.21,,2023-04-01,,Subscriptions
602,,2023-04-11,CHIPOTLE 1615,-9.84,,,,2023-04-01,Sapphire Preferred,Travel
603,DEBIT,2023-04-11,COMCAST 8773102  263397871                  PPD ID: 0000213249,-39.99,ACH_DEBIT,8304.22,,2023-04-01,,Travel
604,,2023-04-11,CVS/PHARMACY #11242,-9.23,,,,2023-04-01,Sapphire Preferred,Medical
605,DEBIT,2023-04-11,GOOGLE *Google Stora Mountain View CA541224  04/10,-2.12,DEBIT_CARD,8302.1,,2023-04-01,,Venmo/Cash
606,,2023-04-11,RED SOX TICKETS,-292.0,,,,2023-04-01,Sapphire Preferred,Social food/drinks
607,,2023-04-11,TST* ACEITUNA CAFE,-13.65,,,,2023-04-01,Sapphire Preferred,Social food/drinks
608,,2023-04-12,BROTHERS MARKETPLACE #404,-4.74,,,,2023-04-01,Sapphire Preferred,Bills
609,DEBIT,2023-04-12,EVERSOURCE       WEB_PAY    96121921032923  WEB ID: 1202042013,-56.41,ACH_DEBIT,8245.69,,2023-04-01,,Grocery
610,,2023-04-13,TST* Yume Ga Arukara- Cam,-18.0,,,,2023-04-01,Sapphire Preferred,Travel
611,,2023-04-14,TST* ACEITUNA CAFE,-13.65,,,,2023-04-01,Sapphire Preferred,Travel
612,,2023-04-16,AMK FENWAY PARK CONCES,-84.24,,,,2023-04-01,Sapphire Preferred,Travel
613,,2023-04-16,BROTHERS MARKETPLACE #404,-35.95,,,,2023-04-01,Sapphire Preferred,Medication
614,,2023-04-16,MASS GENERAL BRIGHAM,-263.21,,,,2023-04-01,Sapphire Preferred,Social food/drinks
615,,2023-04-16,TST* ACEITUNA CAFE,-13.65,,,,2023-04-01,Sapphire Preferred,Shopping
616,,2023-04-17,BU FITREC ECOM,-12.0,,,,2023-04-01,Sapphire Preferred,Social food/drinks
617,,2023-04-17,RAISING CANES 0726,-12.19,,,,2023-04-01,Sapphire Preferred,Necessary meals
618,,2023-04-17,UBER   EATS,-22.31,,,,2023-04-01,Sapphire Preferred,Social food/drinks
619,,2023-04-18,Zipcar Monthly Plan,-8.5,,,,2023-04-01,Sapphire Preferred,Exercise
620,,2023-04-19,BROTHERS MARKETPLACE #404,-8.58,,,,2023-04-01,Sapphire Preferred,Social food/drinks
621,,2023-04-19,CHIPOTLE 1615,-10.54,,,,2023-04-01,Sapphire Preferred,Social food/drinks
622,,2023-04-19,TST* ACEITUNA CAFE,-14.71,,,,2023-04-01,Sapphire Preferred,Social food/drinks
623,,2023-04-20,TST* ACEITUNA CAFE,-14.71,,,,2023-04-01,Sapphire Preferred,Travel
624,,2023-04-21,SQ *TENOCH SOMERVILLE,-11.98,,,,2023-04-01,Sapphire Preferred,Travel
625,,2023-04-21,SQ *TENOCH SOMERVILLE,-2.41,,,,2023-04-01,Sapphire Preferred,Necessary meals
626,,2023-04-21,Zipcar Trip APR22,-192.71,,,,2023-04-01,Sapphire Preferred,Medical
627,,2023-04-23,PAR*FOGO BOSTON,-103.6,,,,2023-04-01,Sapphire Preferred,Venmo/Cash
628,,2023-04-23,R1 INDOOR KARTING,-333.84,,,,2023-04-01,Sapphire Preferred,Grocery
629,,2023-04-23,SONIC DRIVE IN #6489,-19.42,,,,2023-04-01,Sapphire Preferred,Necessary meals
630,,2023-04-23,STIX GOLF BASEBALL &amp; F,-40.0,,,,2023-04-01,Sapphire Preferred,Grocery
631,,2023-04-23,STIX GOLF BASEBALL &amp; F,-29.5,,,,2023-04-01,Sapphire Preferred,Necessary meals
632,,2023-04-23,STIX GOLF BASEBALL &amp; F,-14.75,,,,2023-04-01,Sapphire Preferred,Transit
633,,2023-04-23,UBER   TRIP,-25.24,,,,2023-04-01,Sapphire Preferred,Transit
634,,2023-04-23,UBER   TRIP,-19.34,,,,2023-04-01,Sapphire Preferred,Necessary meals
635,,2023-04-23,UBER   TRIP,-10.16,,,,2023-04-01,Sapphire Preferred,Social food/drinks
636,,2023-04-23,Zipcar Extend APR22,-30.94,,,,2023-04-01,Sapphire Preferred,Medication
637,,2023-04-23,Zipcar Extend APR22,-2.0,,,,2023-04-01,Sapphire Preferred,Necessary meals
638,,2023-04-23,Zipcar Trip APR22,29.75,,,,2023-04-01,Sapphire Preferred,Necessary meals
639,,2023-04-24,99RRANT 20042ATLBOR,-80.32,,,,2023-04-01,Sapphire Preferred,Bills
640,,2023-04-24,IMPERIAL DRAGON.,-16.48,,,,2023-04-01,Sapphire Preferred,Medication
641,,2023-04-24,PITA CAMBRIDGE,-12.94,,,,2023-04-01,Sapphire Preferred,Entertainment
642,,2023-04-24,R1 INDOOR KARTING LLC,-8.0,,,,2023-04-01,Sapphire Preferred,Necessary meals
643,,2023-04-25,730 TAVERN,-22.05,,,,2023-04-01,Sapphire Preferred,Clothing
644,,2023-04-25,BROTHERS MARKETPLACE #404,-28.15,,,,2023-04-01,Sapphire Preferred,Social food/drinks
645,,2023-04-25,CHIPOTLE 1615,-10.54,,,,2023-04-01,Sapphire Preferred,Social food/drinks
646,,2023-04-26,BROTHERS MARKETPLACE #404,-1.01,,,,2023-04-01,Sapphire Preferred,Travel
647,,2023-04-26,UBER   EATS,-22.31,,,,2023-04-01,Sapphire Preferred,Grocery
648,,2023-04-27,CHIPOTLE 1615,-9.84,,,,2023-04-01,Sapphire Preferred,Necessary meals
649,,2023-04-27,TST* ACEITUNA CAFE,-26.42,,,,2023-04-01,Sapphire Preferred,Shopping
650,,2023-04-27,TST* ACEITUNA CAFE,-14.71,,,,2023-04-01,Sapphire Preferred,Bills
651,,2023-04-28,TST* ACEITUNA CAFE,-14.71,,,,2023-04-01,Sapphire Preferred,Social food/drinks
652,,2023-04-30,AMZN Mktp US*HM7ME9FM2,-18.55,,,,2023-04-01,Sapphire Preferred,Venmo/Cash
653,,2023-04-30,CONSUL INTERNATIONAL INC.,-2.08,,,,2023-04-01,Sapphire Preferred,Venmo/Cash
654,,2023-04-30,DZEKO,-25.0,,,,2023-04-01,Sapphire Preferred,Transit
655,,2023-04-30,MCDONALD'S F20219,-8.9,,,,2023-04-01,Sapphire Preferred,Clothing
656,,2023-04-30,MTA*NYCT PAYGO,-2.75,,,,2023-04-01,Sapphire Preferred,Social food/drinks
657,,2023-04-30,MTA*NYCT PAYGO,-2.75,,,,2023-04-01,Sapphire Preferred,Social food/drinks
658,,2023-04-30,MTA*NYCT PAYGO,-2.75,,,,2023-04-01,Sapphire Preferred,Shopping
659,,2023-04-30,MTA*NYCT PAYGO,-2.75,,,,2023-04-01,Sapphire Preferred,Venmo/Cash
660,,2023-04-30,SQ *WEST ST. WINE &amp; SPIRI,-10.88,,,,2023-04-01,Sapphire Preferred,Shopping
661,,2023-04-30,TST* ACEITUNA CAFE,-26.42,,,,2023-04-01,Sapphire Preferred,Entertainment
662,,2023-04-30,WHOLEFDS ONE #10696,-17.33,,,,2023-04-01,Sapphire Preferred,Necessary meals
663,,2023-05-01,ANITA GELATO,-9.76,,,,2023-05-01,Sapphire Preferred,Shopping
664,,2023-05-01,MCDONALD'S F11729,-11.32,,,,2023-05-01,Sapphire Preferred,Shopping
665,,2023-05-01,MTA*NYCT PAYGO,-2.75,,,,2023-05-01,Sapphire Preferred,Necessary meals
666,,2023-05-01,MTA*NYCT PAYGO,-2.75,,,,2023-05-01,Sapphire Preferred,Social food/drinks
667,,2023-05-01,MTA*NYCT PAYGO,-2.75,,,,2023-05-01,Sapphire Preferred,Necessary meals
668,,2023-05-01,MTA*NYCT PAYGO,-2.75,,,,2023-05-01,Sapphire Preferred,Social food/drinks
669,,2023-05-01,MTA*NYCT PAYGO,-2.75,,,,2023-05-01,Sapphire Preferred,Social food/drinks
670,,2023-05-01,STRAND BOOK STORE RETAIL,-57.7,,,,2023-05-01,Sapphire Preferred,Social food/drinks
671,,2023-05-02,CHIPOTLE 1615,-10.54,,,,2023-05-01,Sapphire Preferred,Entertainment
672,,2023-05-02,CVS/PHARMACY #11242,-39.04,,,,2023-05-01,Sapphire Preferred,Entertainment
673,,2023-05-02,HOPPING EYE ASSOCIATES LL,-165.98,,,,2023-05-01,Sapphire Preferred,Social food/drinks
674,DEBIT,2023-05-02,NON-CHASE ATM FEE-WITH,-3.0,FEE_TRANSACTION,17041.64,,2023-05-01,,Necessary meals
675,DEBIT,2023-05-02,NON-CHASE ATM WITHDRAW               106370  05/02333 WASHI,-143.0,ATM,17044.64,,2023-05-01,,Grocery
676,,2023-05-02,UBER   EATS,-22.31,,,,2023-05-01,Sapphire Preferred,Bills
677,DEBIT,2023-05-03,LPCRESIDENT3-225 SIGONFILE                  PPD ID: 9000326709,-3768.0,ACH_DEBIT,13321.64,,2023-05-01,,Bills
678,,2023-05-03,Subway 21411,-9.62,,,,2023-05-01,Sapphire Preferred,Shopping
679,,2023-05-04,CHIPOTLE 1615,-10.54,,,,2023-05-01,Sapphire Preferred,Entertainment
680,,2023-05-04,TST* ACEITUNA CAFE,-14.71,,,,2023-05-01,Sapphire Preferred,Medical
681,,2023-05-05,BROTHERS MARKETPLACE #404,-24.87,,,,2023-05-01,Sapphire Preferred,Necessary meals
682,,2023-05-05,SUPREME LIQUORS CAMBRIDG,-18.22,,,,2023-05-01,Sapphire Preferred,Bills
683,,2023-05-05,TARGET        00032227,-12.98,,,,2023-05-01,Sapphire Preferred,Necessary meals
684,,2023-05-05,TST* ACEITUNA CAFE,-14.71,,,,2023-05-01,Sapphire Preferred,Shopping
685,,2023-05-07,BLICK ART 800 447 1892,-83.9,,,,2023-05-01,Sapphire Preferred,Social food/drinks
686,,2023-05-07,STATION BISTRO AND KTV,-618.54,,,,2023-05-01,Sapphire Preferred,Necessary meals
687,,2023-05-07,TST* FELIPE'S TAQUERIA,-30.63,,,,2023-05-01,Sapphire Preferred,Travel
688,,2023-05-07,TST* FELIPE'S TAQUERIA,-10.37,,,,2023-05-01,Sapphire Preferred,Travel
689,,2023-05-07,UBER   TRIP,-17.89,,,,2023-05-01,Sapphire Preferred,Travel
690,,2023-05-08,TST* NEW CITY MICROCREAME,-5.6,,,,2023-05-01,Sapphire Preferred,Necessary meals
691,,2023-05-08,UBREAKIFIX CAMBRIDGE,-302.8,,,,2023-05-01,Sapphire Preferred,Transit
692,,2023-05-09,1009 CAFFE NERO BURNHAM B,-4.55,,,,2023-05-01,Sapphire Preferred,Transit
693,,2023-05-09,FIVE GUYS MA 1539 QSR,-16.26,,,,2023-05-01,Sapphire Preferred,Shopping
694,,2023-05-09,TST* ACEITUNA CAFE,-14.71,,,,2023-05-01,Sapphire Preferred,Grocery
695,,2023-05-10,TST* ACEITUNA CAFE,-14.71,,,,2023-05-01,Sapphire Preferred,Grocery
696,,2023-05-10,Zipcar Toll APR22,-2.55,,,,2023-05-01,Sapphire Preferred,Entertainment
697,,2023-05-11,AMZN Mktp US*2M7YJ46L3,-55.36,,,,2023-05-01,Sapphire Preferred,Social food/drinks
698,,2023-05-11,AMZN Mktp US*J68T81T23,-10.99,,,,2023-05-01,Sapphire Preferred,Necessary meals
699,,2023-05-11,BROTHERS MARKETPLACE #404,-20.05,,,,2023-05-01,Sapphire Preferred,Entertainment
700,,2023-05-11,CHIPOTLE 1615,-13.27,,,,2023-05-01,Sapphire Preferred,Necessary meals
701,,2023-05-11,CHIPOTLE 1615,-10.54,,,,2023-05-01,Sapphire Preferred,Social food/drinks
702,DEBIT,2023-05-11,COMCAST 8773102  263397871                  PPD ID: 0000213249,-39.99,ACH_DEBIT,13281.65,,2023-05-01,,Grocery
703,,2023-05-11,HONG KONG * HONG KONG,-17.32,,,,2023-05-01,Sapphire Preferred,Social food/drinks
704,,2023-05-12,BROTHERS MARKETPLACE #404,-11.66,,,,2023-05-01,Sapphire Preferred,Subscriptions
705,DEBIT,2023-05-12,EVERSOURCE       WEB_PAY    99799055042823  WEB ID: 1202042013,-75.29,ACH_DEBIT,13204.24,,2023-05-01,,Necessary meals
706,DEBIT,2023-05-12,GOOGLE *Google Storag 855-836-3987 CA        05/11,-2.12,DEBIT_CARD,13279.53,,2023-05-01,,Social food/drinks
707,,2023-05-12,TST* ACEITUNA CAFE,-14.71,,,,2023-05-01,Sapphire Preferred,Grocery
708,,2023-05-14,BROTHERS MARKETPLACE #404,-30.49,,,,2023-05-01,Sapphire Preferred,Necessary meals
709,,2023-05-14,BROTHERS MARKETPLACE #404,-11.57,,,,2023-05-01,Sapphire Preferred,Social food/drinks
710,,2023-05-14,TJ MAXX #814,-18.05,,,,2023-05-01,Sapphire Preferred,Entertainment
711,,2023-05-14,UBER   TRIP,-12.69,,,,2023-05-01,Sapphire Preferred,Necessary meals
712,,2023-05-15,CHOWBUS,-15.39,,,,2023-05-01,Sapphire Preferred,Entertainment
713,,2023-05-15,PRIMARK DWNTWN CROSSING,-7.0,,,,2023-05-01,Sapphire Preferred,Entertainment
714,,2023-05-15,TST* Esquite Restaurant,-15.25,,,,2023-05-01,Sapphire Preferred,Bills
715,,2023-05-16,BROTHERS MARKETPLACE #404,-16.07,,,,2023-05-01,Sapphire Preferred,Necessary meals
716,,2023-05-16,CHIPOTLE 1615,-10.54,,,,2023-05-01,Sapphire Preferred,Necessary meals
717,,2023-05-16,STARBUCKS 65346,-5.02,,,,2023-05-01,Sapphire Preferred,Grocery
718,,2023-05-16,VALSOS CAFE BAR,-10.52,,,,2023-05-01,Sapphire Preferred,Necessary meals
719,,2023-05-17,CHIPOTLE 1615,-10.54,,,,2023-05-01,Sapphire Preferred,Social food/drinks
720,,2023-05-17,TST* ACEITUNA CAFE,-14.71,,,,2023-05-01,Sapphire Preferred,Transit
721,DEBIT,2023-05-18,BLUEBIKES MERCHANTACCOU CA                   05/17,-3.13,DEBIT_CARD,11717.69,,2023-05-01,,Transit
722,,2023-05-18,CVS/PHARMACY #11242,-29.82,,,,2023-05-01,Sapphire Preferred,Entertainment
723,,2023-05-18,TST* ACEITUNA CAFE,-14.71,,,,2023-05-01,Sapphire Preferred,Necessary meals
724,,2023-05-18,UBER   TRIP,-78.85,,,,2023-05-01,Sapphire Preferred,Social food/drinks
725,,2023-05-18,Zipcar Monthly Plan,-8.5,,,,2023-05-01,Sapphire Preferred,Social food/drinks
726,,2023-05-19,CVS/PHARMACY #07286,-17.09,,,,2023-05-01,Sapphire Preferred,Transit
727,,2023-05-19,FIVE GUYS MA 1539 QSR,-16.5,,,,2023-05-01,Sapphire Preferred,Grocery
728,,2023-05-19,H-E-B #713,-38.92,,,,2023-05-01,Sapphire Preferred,Necessary meals
729,,2023-05-19,Subway 64335,-9.73,,,,2023-05-01,Sapphire Preferred,Grocery
730,,2023-05-22,Subway 19947,-11.18,,,,2023-05-01,Sapphire Preferred,Grocery
731,DEBIT,2023-05-22,Zelle payment to Ethan Glaze 17415686148,-9.0,QUICKPAY_DEBIT,11708.69,,2023-05-01,,Necessary meals
732,,2023-05-23,VIVID SEATS HOUSTON A,-660.67,,,,2023-05-01,Sapphire Preferred,Clothing
733,,2023-05-24,BLUESTONE LANE - 179 - RI,-5.42,,,,2023-05-01,Sapphire Preferred,Necessary meals
734,,2023-05-24,CHOWBUS,-20.38,,,,2023-05-01,Sapphire Preferred,Transit
735,,2023-05-24,EXPRESS#0259,-102.84,,,,2023-05-01,Sapphire Preferred,Transit
736,,2023-05-24,HOPPING EYE ASSOCIATES LL,-110.0,,,,2023-05-01,Sapphire Preferred,Necessary meals
737,,2023-05-24,PLAT PARKING-LOT 555,-7.0,,,,2023-05-01,Sapphire Preferred,Necessary meals
738,,2023-05-24,TAMASHI RAMEN SUSHI,-54.23,,,,2023-05-01,Sapphire Preferred,Social food/drinks
739,,2023-05-25,H-E-B #713,-38.3,,,,2023-05-01,Sapphire Preferred,Social food/drinks
740,,2023-05-25,Subway 64335,-10.69,,,,2023-05-01,Sapphire Preferred,Transit
741,,2023-05-26,Subway 19947,-13.29,,,,2023-05-01,Sapphire Preferred,Social food/drinks
742,,2023-05-28,CACTUS COVE BAR &amp; PATIO,-27.25,,,,2023-05-01,Sapphire Preferred,Shopping
743,,2023-05-28,THAI STELLAR FOOD,-22.37,,,,2023-05-01,Sapphire Preferred,Transit
744,DEBIT,2023-05-31,BANANA REPUBLIC ON-LIN 888-2778959 OH        05/30,-60.0,DEBIT_CARD,15112.43,,2023-05-01,,Entertainment
745,DEBIT,2023-05-31,UA INFLT    01642112430 HOUSTON TX           05/30,-10.0,DEBIT_CARD,15102.43,,2023-05-01,,Venmo/Cash
746,,2023-06-01,BROTHERS MARKETPLACE #404,-5.5,,,,2023-06-01,Sapphire Preferred,Venmo/Cash
747,,2023-06-01,CHIPOTLE 1615,-10.54,,,,2023-06-01,Sapphire Preferred,Social food/drinks
748,,2023-06-01,IAH CNBC SMARTSHOP,-3.79,,,,2023-06-01,Sapphire Preferred,Transit
749,,2023-06-01,PICK UP STIX-219,-20.37,,,,2023-06-01,Sapphire Preferred,Venmo/Cash
750,,2023-06-01,TST* ACEITUNA CAFE,-14.71,,,,2023-06-01,Sapphire Preferred,Necessary meals
751,,2023-06-01,UBER   TRIP,-61.85,,,,2023-06-01,Sapphire Preferred,Social food/drinks
752,,2023-06-02,CHIPOTLE 1615,-9.84,,,,2023-06-01,Sapphire Preferred,Necessary meals
753,,2023-06-02,FEDEX OFFIC18200001826,-4.77,,,,2023-06-01,Sapphire Preferred,Necessary meals
754,,2023-06-02,UBER   EATS,-25.22,,,,2023-06-01,Sapphire Preferred,Necessary meals
755,,2023-06-02,USTA SOCIAL LEAGUE,-75.0,,,,2023-06-01,Sapphire Preferred,Exercise
756,,2023-06-04,FEDEX OFFICE 800000836,-73.31,,,,2023-06-01,Sapphire Preferred,Grocery
757,,2023-06-04,MBTA KENDALL,-9.6,,,,2023-06-01,Sapphire Preferred,Shopping
758,,2023-06-04,TARGET        00032227,-42.05,,,,2023-06-01,Sapphire Preferred,Social food/drinks
759,,2023-06-04,TST* DIG INN- MIT - KENDA,-13.73,,,,2023-06-01,Sapphire Preferred,Transit
760,,2023-06-04,TST* The Nu Do Society,-26.51,,,,2023-06-01,Sapphire Preferred,Transit
761,,2023-06-04,UBER   TRIP,-25.55,,,,2023-06-01,Sapphire Preferred,Transit
762,DEBIT,2023-06-05,LPCRESIDENT3-225 SIGONFILE                  PPD ID: 9000326709,-3768.0,ACH_DEBIT,11083.89,,2023-06-01,,Transit
763,DEBIT,2023-06-05,NON-CHASE ATM FEE-WITH,-5.0,FEE_TRANSACTION,11078.89,,2023-06-01,,Transit
764,DEBIT,2023-06-05,NON-CHASE ATM WITHDRAW               356079  06/04Spata Ath,-250.54,ATM,14851.89,,2023-06-01,,Transit
765,,2023-06-07,Republica Bar,-20.38,,,,2023-06-01,Sapphire Preferred,Transit
766,,2023-06-07,Republica Bar,-11.26,,,,2023-06-01,Sapphire Preferred,Transit
767,,2023-06-07,SSP HELLAS EAT GREEK,-5.07,,,,2023-06-01,Sapphire Preferred,Necessary meals
768,,2023-06-08,MENEGAKIS PANTELIS,-26.95,,,,2023-06-01,Sapphire Preferred,Transit
769,,2023-06-08,Republica Bar,-25.74,,,,2023-06-01,Sapphire Preferred,Social food/drinks
770,,2023-06-09,CHATZIDIAKOU VASILEIOS,-25.78,,,,2023-06-01,Sapphire Preferred,Necessary meals
771,,2023-06-09,CHATZIVALSAMIS EVANGELOS,-47.07,,,,2023-06-01,Sapphire Preferred,Social food/drinks
772,,2023-06-11,BIG BANG,-52.87,,,,2023-06-01,Sapphire Preferred,Social food/drinks
773,,2023-06-11,MURPHYS,-64.73,,,,2023-06-01,Sapphire Preferred,Venmo/Cash
774,,2023-06-11,MURPHYS,-25.89,,,,2023-06-01,Sapphire Preferred,Venmo/Cash
775,,2023-06-11,MURPHYS,-25.89,,,,2023-06-01,Sapphire Preferred,Venmo/Cash
776,,2023-06-11,MURPHYS,-10.79,,,,2023-06-01,Sapphire Preferred,Social food/drinks
777,,2023-06-11,MURPHYS,-7.55,,,,2023-06-01,Sapphire Preferred,Travel
778,,2023-06-11,SASOON IKE,-36.52,,,,2023-06-01,Sapphire Preferred,Shopping
779,,2023-06-11,SSP HELLAS EAT GREEK,-8.52,,,,2023-06-01,Sapphire Preferred,Shopping
780,,2023-06-11,SSP HELLAS EAT GREEK,-6.26,,,,2023-06-01,Sapphire Preferred,Entertainment
781,DEBIT,2023-06-12,COMCAST 8773102  263397871                  PPD ID: 0000213249,-39.99,ACH_DEBIT,10975.65,,2023-06-01,,Necessary meals
782,DEBIT,2023-06-12,EVERSOURCE       WEB_PAY    03380592052623  WEB ID: 1202042013,-61.13,ACH_DEBIT,11015.64,,2023-06-01,,Venmo/Cash
783,DEBIT,2023-06-12,GOOGLE *Google Storag 855-836-3987 CA        06/11,-2.12,DEBIT_CARD,11076.77,,2023-06-01,,Travel
784,,2023-06-12,KOUKOS,-32.23,,,,2023-06-01,Sapphire Preferred,Travel
785,,2023-06-13,PICKLE4 BALLPARK EVENT,-200.0,,,,2023-06-01,Sapphire Preferred,Shopping
786,,2023-06-14,BAR SCHIAFONE DI SCHIAFO,-20.5,,,,2023-06-01,Sapphire Preferred,Shopping
787,,2023-06-16,CHEN XIAOPING,-239.05,,,,2023-06-01,Sapphire Preferred,Necessary meals
788,,2023-06-16,MILLEVINI,-20.1,,,,2023-06-01,Sapphire Preferred,Necessary meals
789,,2023-06-16,VETRAI 75,-23.91,,,,2023-06-01,Sapphire Preferred,Shopping
790,,2023-06-18,MCDONALD S,-9.31,,,,2023-06-01,Sapphire Preferred,Shopping
791,,2023-06-18,Zipcar Monthly Plan,-8.5,,,,2023-06-01,Sapphire Preferred,Necessary meals
792,,2023-06-19,RedCoach Texas LLC,-86.72,,,,2023-06-01,Sapphire Preferred,Necessary meals
793,,2023-06-19,USCUSTOMS TRUSTEDTRAVELER,-100.0,,,,2023-06-01,Sapphire Preferred,Social food/drinks
794,,2023-06-20,CAMBRIDGE HEALTH MYCHART,-196.48,,,,2023-06-01,Sapphire Preferred,Bills
795,DEBIT,2023-06-20,Zelle payment to DAVID SERRATO JPM999y6mzah,-289.43,CHASE_TO_PARTNERFI,10055.58,,2023-06-01,,Transit
796,,2023-06-21,CHEESECAKE BAYBROOK,-36.3,,,,2023-06-01,Sapphire Preferred,Necessary meals
797,,2023-06-21,CHEESECAKE BAYBROOK,-26.68,,,,2023-06-01,Sapphire Preferred,Transit
798,DEBIT,2023-06-21,TJX REWARDS      PAYMENT    524366300420838 WEB ID: 9130142001,-33.03,ACH_DEBIT,10022.55,,2023-06-01,,Transit
799,,2023-06-22,H-E-B #713,-11.89,,,,2023-06-01,Sapphire Preferred,Transit
800,,2023-06-22,UNITED      0162496134355,-312.15,,,,2023-06-01,Sapphire Preferred,Transit
801,,2023-06-22,UNITED      0162496136629,-548.8,,,,2023-06-01,Sapphire Preferred,Social food/drinks
802,,2023-06-22,UNITED      0164216749531,-171.0,,,,2023-06-01,Sapphire Preferred,Medical
803,,2023-06-25,CVS/PHARMACY #08387,-161.11,,,,2023-06-01,Sapphire Preferred,Bills
804,,2023-06-25,IHOP 1421,-23.64,,,,2023-06-01,Sapphire Preferred,Bills
805,,2023-06-25,MICHAELS STORES 5114,-33.04,,,,2023-06-01,Sapphire Preferred,Exercise
806,,2023-06-25,MOZARTS COFFEE ROASTERS,-5.29,,,,2023-06-01,Sapphire Preferred,Exercise
807,,2023-06-25,RAISING CANES 0161,-11.91,,,,2023-06-01,Sapphire Preferred,Bills
808,,2023-06-25,SQ *AUSTIN- HOUNDSTOOTH D,-5.36,,,,2023-06-01,Sapphire Preferred,Social food/drinks
809,,2023-06-25,SQ *GAJIC COACHING LLC,-80.0,,,,2023-06-01,Sapphire Preferred,Transit
810,,2023-06-25,TERRY BLACKS BARBECUE,-23.82,,,,2023-06-01,Sapphire Preferred,Venmo/Cash
811,,2023-06-25,TERRY BLACKS BARBECUE,-6.5,,,,2023-06-01,Sapphire Preferred,Necessary meals
812,,2023-06-25,TST* Ramen Tatsu-Ya - Sou,-17.26,,,,2023-06-01,Sapphire Preferred,Transit
813,,2023-06-25,UNITED      0162496666588,-40.0,,,,2023-06-01,Sapphire Preferred,Transit
814,,2023-06-25,UNITED      0164217278098,-169.0,,,,2023-06-01,Sapphire Preferred,Transit
815,,2023-06-26,Subway 11715,-10.27,,,,2023-06-01,Sapphire Preferred,Venmo/Cash
816,,2023-06-26,WALGREENS #5709,-11.72,,,,2023-06-01,Sapphire Preferred,Travel
817,DEBIT,2023-06-26,Zelle payment to DAVID SERRATO JPM999ygp1rq,-112.73,CHASE_TO_PARTNERFI,9909.82,,2023-06-01,,Grocery
818,,2023-06-27,H-E-B #713,-3.64,,,,2023-06-01,Sapphire Preferred,Necessary meals
819,,2023-06-28,Subway 16092,-10.71,,,,2023-06-01,Sapphire Preferred,Grocery
820,,2023-06-29,BROTHERS MARKETPLACE #404,-17.24,,,,2023-06-01,Sapphire Preferred,Social food/drinks
821,,2023-06-29,CHIPOTLE 1615,-10.54,,,,2023-06-01,Sapphire Preferred,Transit
822,,2023-06-29,MBTA HAYMARKET,-20.0,,,,2023-06-01,Sapphire Preferred,Transit
823,,2023-06-29,MBTA KENDALL,-4.8,,,,2023-06-01,Sapphire Preferred,Venmo/Cash
824,,2023-06-29,TST* ALL STAR SANDWICH BA,-15.98,,,,2023-06-01,Sapphire Preferred,Necessary meals
825,,2023-06-29,TST* BOM DOUGH,-4.38,,,,2023-06-01,Sapphire Preferred,Necessary meals
826,,2023-06-30,CVS/PHARMACY #11242,-10.6,,,,2023-06-01,Sapphire Preferred,Subscriptions
827,,2023-06-30,IC* INSTACART,-39.74,,,,2023-06-01,Sapphire Preferred,Grocery
828,,2023-06-30,TST* ACEITUNA CAFE,-14.71,,,,2023-06-01,Sapphire Preferred,Social food/drinks
829,,2023-06-30,USAA INSURANCE PAYMENT,-217.43,,,,2023-06-01,Sapphire Preferred,Social food/drinks
830,,2023-07-02,CVS/PHARMACY #11242,-2.73,,,,2023-07-01,Sapphire Preferred,Necessary meals
831,,2023-07-02,DELAWARE NORTH LOGAN F&amp;B,-14.54,,,,2023-07-01,Sapphire Preferred,Travel
832,,2023-07-02,IN N OUT BURGER 326,-4.94,,,,2023-07-01,Sapphire Preferred,Travel
833,,2023-07-02,J. CREW #502,-28.7,,,,2023-07-01,Sapphire Preferred,Necessary meals
834,,2023-07-02,KOJA KITCHEN SF,-13.4,,,,2023-07-01,Sapphire Preferred,Social food/drinks
835,,2023-07-02,TST* State Bird Provision,-165.76,,,,2023-07-01,Sapphire Preferred,Grocery
836,,2023-07-02,UA INFLT    0164219226794,-8.0,,,,2023-07-01,Sapphire Preferred,Necessary meals
837,,2023-07-02,WHOLEFDS SOM 10151,-6.29,,,,2023-07-01,Sapphire Preferred,Transit
838,,2023-07-03,IN N OUT BURGER 159,-3.74,,,,2023-07-01,Sapphire Preferred,Social food/drinks
839,,2023-07-03,K POP  - SF,-8.68,,,,2023-07-01,Sapphire Preferred,Transit
840,DEBIT,2023-07-03,LPCRESIDENT3-225 SIGONFILE                  PPD ID: 9000326709,-3951.2,ACH_DEBIT,8837.36,,2023-07-01,,Social food/drinks
841,,2023-07-03,TST* Victory Hall &amp; Parlo,-26.23,,,,2023-07-01,Sapphire Preferred,Shopping
842,DEBIT,2023-07-03,VENMO            PAYMENT    1027962245248   WEB ID: 3264681992,-3.79,ACH_DEBIT,8823.27,,2023-07-01,,Entertainment
843,DEBIT,2023-07-03,VENMO            PAYMENT    1027962489449   WEB ID: 3264681992,-10.3,ACH_DEBIT,8827.06,,2023-07-01,,Travel
844,,2023-07-04,CALTRAIN,-8.25,,,,2023-07-01,Sapphire Preferred,Necessary meals
845,,2023-07-04,EXPRESS#1632,-194.22,,,,2023-07-01,Sapphire Preferred,Necessary meals
846,,2023-07-04,TST* Udon Mugizo - San Fr,-21.42,,,,2023-07-01,Sapphire Preferred,Social food/drinks
847,,2023-07-05,99 RANCH #1768,-21.11,,,,2023-07-01,Sapphire Preferred,Social food/drinks
848,,2023-07-05,Amazon Prime*YY7DB7UE3,-8.11,,,,2023-07-01,Sapphire Preferred,Necessary meals
849,DEBIT,2023-07-05,VENMO            PAYMENT    1027964431723   WEB ID: 3264681992,-8.34,ACH_DEBIT,8814.93,,2023-07-01,,Social food/drinks
850,,2023-07-07,Amazon.com*0E1467X33,-74.36,,,,2023-07-01,Sapphire Preferred,Transit
851,,2023-07-07,COMMUNITY BOATING INC,-470.0,,,,2023-07-01,Sapphire Preferred,Transit
852,,2023-07-07,TST* ACEITUNA CAFE,-14.71,,,,2023-07-01,Sapphire Preferred,Shopping
853,,2023-07-09,AMZN Mktp US*F93AY6RL3,-15.99,,,,2023-07-01,Sapphire Preferred,Grocery
854,,2023-07-09,Amazon.com*SF9BV5ZS3,-15.48,,,,2023-07-01,Sapphire Preferred,Necessary meals
855,,2023-07-09,CHIPOTLE 1615,-9.84,,,,2023-07-01,Sapphire Preferred,Social food/drinks
856,,2023-07-09,DUMPLING HOUSE,-52.0,,,,2023-07-01,Sapphire Preferred,Travel
857,,2023-07-09,TST* ACEITUNA CAFE,-14.71,,,,2023-07-01,Sapphire Preferred,Shopping
858,,2023-07-09,TST* Boston Doner,-101.53,,,,2023-07-01,Sapphire Preferred,Social food/drinks
859,,2023-07-10,AMK FENWAY PARK CONCES,-28.25,,,,2023-07-01,Sapphire Preferred,Social food/drinks
860,,2023-07-10,AMK FENWAY PARK CONCES,-14.18,,,,2023-07-01,Sapphire Preferred,Necessary meals
861,,2023-07-10,LUCKY STRIKE JILLIANS,-109.25,,,,2023-07-01,Sapphire Preferred,Necessary meals
862,,2023-07-10,LUCKY STRIKE JILLIANS,-53.15,,,,2023-07-01,Sapphire Preferred,Grocery
863,,2023-07-10,SOJUBA,-217.16,,,,2023-07-01,Sapphire Preferred,Transit
864,,2023-07-10,UBER   EATS,-25.89,,,,2023-07-01,Sapphire Preferred,Necessary meals
865,,2023-07-11,BROTHERS MARKETPLACE #404,-32.17,,,,2023-07-01,Sapphire Preferred,Medication
866,DEBIT,2023-07-11,COMCAST 8773102  263397871                  PPD ID: 0000213249,-39.99,ACH_DEBIT,8772.82,,2023-07-01,,Shopping
867,DEBIT,2023-07-11,GOOGLE *Google Stora g.co/helppay# CA        07/11,-2.12,DEBIT_CARD,8812.81,,2023-07-01,,Necessary meals
868,,2023-07-11,STEAMGAMES.COM 4259522985,-7.43,,,,2023-07-01,Sapphire Preferred,Social food/drinks
869,,2023-07-11,TM *YANKEES V ASTROS,-123.78,,,,2023-07-01,Sapphire Preferred,Travel
870,DEBIT,2023-07-12,CAMBRIDGE HEALTH TC ACH     035-0173650242  WEB ID: 9000539437,-751.05,ACH_DEBIT,8021.77,,2023-07-01,,Shopping
871,,2023-07-12,CHIPOTLE 1615,-10.54,,,,2023-07-01,Sapphire Preferred,Shopping
872,DEBIT,2023-07-12,EVERSOURCE       WEB_PAY    06955639062723  WEB ID: 1202042013,-43.76,ACH_DEBIT,7978.01,,2023-07-01,,Medication
873,,2023-07-12,TST* ACEITUNA CAFE,-29.43,,,,2023-07-01,Sapphire Preferred,Social food/drinks
874,,2023-07-12,WL *Steam Purchase,-13.27,,,,2023-07-01,Sapphire Preferred,Transit
875,,2023-07-13,AMK FENWAY PARK CONCES,-6.69,,,,2023-07-01,Sapphire Preferred,Transit
876,,2023-07-13,CHIPOTLE 1615,-12.73,,,,2023-07-01,Sapphire Preferred,Social food/drinks
877,,2023-07-14,AMTRAK .COM 1930717618778,-200.0,,,,2023-07-01,Sapphire Preferred,Necessary meals
878,,2023-07-14,AMTRAK .COM 1930730746291,-275.0,,,,2023-07-01,Sapphire Preferred,Transit
879,,2023-07-14,AMTRAK .COM 1930730746291,275.0,,,,2023-07-01,Sapphire Preferred,Transit
880,,2023-07-14,TST* ACEITUNA CAFE,-14.71,,,,2023-07-01,Sapphire Preferred,Social food/drinks
881,,2023-07-14,UBER   TRIP,-11.88,,,,2023-07-01,Sapphire Preferred,Exercise
882,,2023-07-14,UBER* TRIP,-21.72,,,,2023-07-01,Sapphire Preferred,Travel
883,,2023-07-16,AMZN Mktp US*SW7GA9KH3,-10.61,,,,2023-07-01,Sapphire Preferred,Clothing
884,,2023-07-16,BROTHERS MARKETPLACE #404,-11.26,,,,2023-07-01,Sapphire Preferred,Shopping
885,,2023-07-16,BROTHERS MARKETPLACE #404,-2.49,,,,2023-07-01,Sapphire Preferred,Bills
886,,2023-07-16,GAMETIME    TICKETS,-436.0,,,,2023-07-01,Sapphire Preferred,Transit
887,,2023-07-16,HONG KONG BOSTON,-29.5,,,,2023-07-01,Sapphire Preferred,Social food/drinks
888,,2023-07-16,IC* INSTACART,-52.93,,,,2023-07-01,Sapphire Preferred,Venmo/Cash
889,,2023-07-16,RED SOX TICKETS,-418.0,,,,2023-07-01,Sapphire Preferred,Venmo/Cash
890,,2023-07-16,TST* ACEITUNA CAFE,-14.71,,,,2023-07-01,Sapphire Preferred,Travel
891,,2023-07-16,TST* Trillium Brewing Com,-20.0,,,,2023-07-01,Sapphire Preferred,Grocery
892,,2023-07-18,BROTHERS MARKETPLACE #404,-4.29,,,,2023-07-01,Sapphire Preferred,Travel
893,,2023-07-18,HARVARD GARDENS,-185.5,,,,2023-07-01,Sapphire Preferred,Necessary meals
894,,2023-07-18,Zipcar Monthly Plan,-8.5,,,,2023-07-01,Sapphire Preferred,Necessary meals
895,,2023-07-19,TST* ACEITUNA CAFE,-14.71,,,,2023-07-01,Sapphire Preferred,Necessary meals
896,,2023-07-19,TST* Fuji at Kendall Squa,-54.08,,,,2023-07-01,Sapphire Preferred,Necessary meals
897,,2023-07-20,BROTHERS MARKETPLACE #404,-2.49,,,,2023-07-01,Sapphire Preferred,Necessary meals
898,,2023-07-20,CHIPOTLE 1615,-9.84,,,,2023-07-01,Sapphire Preferred,Travel
899,,2023-07-20,MADRAS DOSA CO,-2.14,,,,2023-07-01,Sapphire Preferred,Entertainment
900,,2023-07-20,PKL BOSTON,-112.5,,,,2023-07-01,Sapphire Preferred,Entertainment
901,,2023-07-20,SQ *BON ME - BIN,-16.8,,,,2023-07-01,Sapphire Preferred,Social food/drinks
902,,2023-07-21,AMC ONLINE 9640,-112.68,,,,2023-07-01,Sapphire Preferred,Necessary meals
903,,2023-07-21,AMC ONLINE 9640,-90.9,,,,2023-07-01,Sapphire Preferred,Transit
904,DEBIT,2023-07-21,TJX REWARDS      PAYMENT    524366300420838 WEB ID: 9130142001,-195.81,ACH_DEBIT,8181.82,,2023-07-01,,Transit
905,,2023-07-21,TST* ACEITUNA CAFE,-14.71,,,,2023-07-01,Sapphire Preferred,Necessary meals
906,,2023-07-21,UBER* EATS,-36.15,,,,2023-07-01,Sapphire Preferred,Bills
907,,2023-07-23,BROTHERS MARKETPLACE #404,-18.3,,,,2023-07-01,Sapphire Preferred,Medication
908,,2023-07-23,CHIPOTLE 1615,-11.72,,,,2023-07-01,Sapphire Preferred,Necessary meals
909,,2023-07-23,TST* Sumiao Xiang Restaur,-103.75,,,,2023-07-01,Sapphire Preferred,Social food/drinks
910,,2023-07-24,BLUEBIKES,-3.13,,,,2023-07-01,Sapphire Preferred,Shopping
911,,2023-07-24,BLUEBIKES,-3.13,,,,2023-07-01,Sapphire Preferred,Shopping
912,,2023-07-24,TST* PKL - Boston,-20.2,,,,2023-07-01,Sapphire Preferred,Bills
913,,2023-07-25,TST* ACEITUNA CAFE,-14.71,,,,2023-07-01,Sapphire Preferred,Bills
914,,2023-07-26,Amrheins,-77.2,,,,2023-07-01,Sapphire Preferred,Clothing
915,,2023-07-26,BAR TACO FORT POINT ONE D,-38.55,,,,2023-07-01,Sapphire Preferred,Investments
916,,2023-07-26,BLUEBIKES,-3.13,,,,2023-07-01,Sapphire Preferred,Social food/drinks
917,,2023-07-26,BROTHERS MARKETPLACE #404,-11.76,,,,2023-07-01,Sapphire Preferred,Social food/drinks
918,,2023-07-26,CHIPOTLE 1615,-9.84,,,,2023-07-01,Sapphire Preferred,Medication
919,,2023-07-27,BROTHERS MARKETPLACE #404,-7.95,,,,2023-07-01,Sapphire Preferred,Social food/drinks
920,,2023-07-28,BROTHERS MARKETPLACE #404,-11.76,,,,2023-07-01,Sapphire Preferred,Social food/drinks
921,,2023-07-28,IC* INSTACART,-148.63,,,,2023-07-01,Sapphire Preferred,Necessary meals
922,,2023-07-28,SP FOLLOWYOURLEGEND,-36.99,,,,2023-07-01,Sapphire Preferred,Transit
923,,2023-07-28,TST* ACEITUNA CAFE,-16.77,,,,2023-07-01,Sapphire Preferred,Transit
924,,2023-07-28,UBER   TRIP,-30.08,,,,2023-07-01,Sapphire Preferred,Necessary meals
925,,2023-07-30,BLUEBIKES,-3.13,,,,2023-07-01,Sapphire Preferred,Social food/drinks
926,,2023-07-30,CHIPOTLE ONLINE,-10.54,,,,2023-07-01,Sapphire Preferred,Necessary meals
927,,2023-07-30,TST* ACEITUNA CAFE,-17.39,,,,2023-07-01,Sapphire Preferred,Transit
928,,2023-07-30,TST* TRIDENT BOOK SELLERS,-27.21,,,,2023-07-01,Sapphire Preferred,Necessary meals
929,,2023-07-30,UA BH PRUDENTIAL,-50.05,,,,2023-07-01,Sapphire Preferred,Medical
930,,2023-07-30,UBER   TRIP,-13.03,,,,2023-07-01,Sapphire Preferred,Social food/drinks
931,,2023-07-31,1028 CAFFE NERO PORTER SQ,-4.12,,,,2023-07-01,Sapphire Preferred,Grocery
932,,2023-07-31,Amazon.com*TH9G051K2,-24.99,,,,2023-07-01,Sapphire Preferred,Social food/drinks
933,,2023-07-31,BLUEBIKES,-3.13,,,,2023-07-01,Sapphire Preferred,Social food/drinks
934,,2023-07-31,COMMUNITY BOATING INC,-5.0,,,,2023-07-01,Sapphire Preferred,Necessary meals
935,DEBIT,2023-07-31,NON-CHASE ATM FEE-WITH,-3.0,FEE_TRANSACTION,20690.96,,2023-07-01,,Necessary meals
936,DEBIT,2023-07-31,NON-CHASE ATM WITHDRAW               964538  07/311270 MASS,-103.5,ATM,20693.96,,2023-07-01,,Transit
937,,2023-07-31,SQ *TOTTO RAMEN SOUTH BAY,-20.2,,,,2023-07-01,Sapphire Preferred,Transit
938,,2023-07-31,UBER   TRIP,-15.77,,,,2023-07-01,Sapphire Preferred,Transit
939,DEBIT,2023-07-31,VENMO            PAYMENT    1028484535595   WEB ID: 3264681992,-17.9,ACH_DEBIT,20797.46,,2023-07-01,,Shopping
940,,2023-08-02,CHIPOTLE ONLINE,-11.0,,,,2023-08-01,Sapphire Preferred,Social food/drinks
941,,2023-08-02,SEAMLSSMENYAJIRO,-13.55,,,,2023-08-01,Sapphire Preferred,Subscriptions
942,,2023-08-02,TST* ACEITUNA CAFE,-17.82,,,,2023-08-01,Sapphire Preferred,Grocery
943,,2023-08-03,CHIPOTLE 1615,-12.73,,,,2023-08-01,Sapphire Preferred,Medication
944,,2023-08-03,SQ *BON ME - BIN,-16.1,,,,2023-08-01,Sapphire Preferred,Medication
945,,2023-08-03,USTA SOCIAL LEAGUE,-75.0,,,,2023-08-01,Sapphire Preferred,Social food/drinks
946,,2023-08-04,BROTHERS MARKETPLACE #404,-5.99,,,,2023-08-01,Sapphire Preferred,Transit
947,,2023-08-06,Amazon Prime*TA8N99ZR2,-8.11,,,,2023-08-01,Sapphire Preferred,Bills
948,,2023-08-06,BILLY'S AT THE STADIUM,-45.34,,,,2023-08-01,Sapphire Preferred,Transit
949,,2023-08-06,MTA*NYCT PAYGO,-2.75,,,,2023-08-01,Sapphire Preferred,Transit
950,,2023-08-06,MTA*NYCT PAYGO,-2.75,,,,2023-08-01,Sapphire Preferred,Transit
951,,2023-08-06,MTA*NYCT PAYGO,-2.75,,,,2023-08-01,Sapphire Preferred,Shopping
952,,2023-08-06,MTA*NYCT PAYGO,-2.75,,,,2023-08-01,Sapphire Preferred,Medication
953,,2023-08-06,MTA*NYCT PAYGO,-2.75,,,,2023-08-01,Sapphire Preferred,Venmo/Cash
954,,2023-08-06,MTA*NYCT PAYGO,-2.75,,,,2023-08-01,Sapphire Preferred,Shopping
955,,2023-08-06,MTA*NYCT PAYGO,-2.75,,,,2023-08-01,Sapphire Preferred,Venmo/Cash
956,,2023-08-06,MTA*NYCT PAYGO,-2.75,,,,2023-08-01,Sapphire Preferred,Venmo/Cash
957,,2023-08-06,OMAR'S MEDITERRANEAN,-20.62,,,,2023-08-01,Sapphire Preferred,Necessary meals
958,,2023-08-06,UBER   TRIP,-20.89,,,,2023-08-01,Sapphire Preferred,Shopping
959,,2023-08-06,YANKEE STDM CONCESSIONS,-30.23,,,,2023-08-01,Sapphire Preferred,Necessary meals
960,,2023-08-07,Subway 27428,-16.26,,,,2023-08-01,Sapphire Preferred,Social food/drinks
961,,2023-08-07,THAI BASIL RESTAURANT,-20.22,,,,2023-08-01,Sapphire Preferred,Travel
962,,2023-08-07,TST* Noreetuh,-413.68,,,,2023-08-01,Sapphire Preferred,Necessary meals
963,DEBIT,2023-08-07,VENMO            PAYMENT    1028608015886   WEB ID: 3264681992,-8.85,ACH_DEBIT,20671.84,,2023-08-01,,Necessary meals
964,DEBIT,2023-08-07,VENMO            PAYMENT    1028632527847   WEB ID: 3264681992,-4.89,ACH_DEBIT,20666.95,,2023-08-01,,Necessary meals
965,DEBIT,2023-08-07,VENMO            PAYMENT    1028632690704   WEB ID: 3264681992,-10.27,ACH_DEBIT,20680.69,,2023-08-01,,Necessary meals
966,,2023-08-07,YANKEE STDM CONCESSIONS,-16.65,,,,2023-08-01,Sapphire Preferred,Travel
967,,2023-08-08,AIRBNB * HMC3BSE2KD,-176.92,,,,2023-08-01,Sapphire Preferred,Social food/drinks
968,,2023-08-08,AMZN Mktp US*TA3RE66W2,-9.34,,,,2023-08-01,Sapphire Preferred,Social food/drinks
969,,2023-08-08,AMZN Mktp US*TA9WS5V40,-95.61,,,,2023-08-01,Sapphire Preferred,Clothing
970,,2023-08-08,TICKPICK,-240.0,,,,2023-08-01,Sapphire Preferred,Clothing
971,,2023-08-08,UBER   EATS,-36.15,,,,2023-08-01,Sapphire Preferred,Necessary meals
972,DEBIT,2023-08-08,VENMO            PAYMENT    1028667083774   WEB ID: 3264681992,-26.8,ACH_DEBIT,20687.23,,2023-08-01,,Entertainment
973,,2023-08-09,AIRBNB * HMC3BSE2KD,176.92,,,,2023-08-01,Sapphire Preferred,Entertainment
974,,2023-08-09,AIRBNB * HMPQE2QK9N,-243.27,,,,2023-08-01,Sapphire Preferred,Venmo/Cash
975,,2023-08-09,AMZN Mktp US*TA1XH5Q30,-11.68,,,,2023-08-01,Sapphire Preferred,Venmo/Cash
976,,2023-08-09,Amazon.com*TA1US19G2,-8.49,,,,2023-08-01,Sapphire Preferred,Venmo/Cash
977,DEBIT,2023-08-09,Instacart San Francisco CA           802527  08/08,-105.87,DEBIT_CARD,20581.36,,2023-08-01,,Venmo/Cash
978,,2023-08-09,TST* ACEITUNA CAFE,-16.77,,,,2023-08-01,Sapphire Preferred,Social food/drinks
979,,2023-08-10,AMZN Mktp US*TA3NQ5640,-8.81,,,,2023-08-01,Sapphire Preferred,Social food/drinks
980,DEBIT,2023-08-10,Amazon.com*TA94K2281 Amzn.com/bill WA        08/10,-28.62,DEBIT_CARD,20432.11,,2023-08-01,,Social food/drinks
981,DEBIT,2023-08-10,CHIPOTLE ONLINE 949-524-4000 CA              08/10,-12.54,DEBIT_CARD,20552.05,,2023-08-01,,Social food/drinks
982,DEBIT,2023-08-10,TST* ACEITUNA CAFE 617-252-0707 MA           08/10,-16.77,DEBIT_CARD,20564.59,,2023-08-01,,Social food/drinks
983,DEBIT,2023-08-10,TST* TALL SHIP- EAST BO BOSTON MA            08/10,-91.32,DEBIT_CARD,20460.73,,2023-08-01,,Social food/drinks
984,DEBIT,2023-08-11,COMCAST 8773102  263397871                  PPD ID: 0000213249,-39.99,ACH_DEBIT,20347.92,,2023-08-01,,Social food/drinks
985,DEBIT,2023-08-11,SPOTHERO 844-356-805 HTTPSSPOTHERO IL        08/11,-27.43,DEBIT_CARD,20387.91,,2023-08-01,,Social food/drinks
986,DEBIT,2023-08-11,TST* ACEITUNA CAFE 617-252-0707 MA           08/11,-16.77,DEBIT_CARD,20415.34,,2023-08-01,,Transit
987,,2023-08-11,UBER   TRIP,-38.47,,,,2023-08-01,Sapphire Preferred,Transit
988,,2023-08-11,UBER   TRIP,-29.32,,,,2023-08-01,Sapphire Preferred,Transit
989,,2023-08-13,BLUEBIKES,-3.13,,,,2023-08-01,Sapphire Preferred,Transit
990,,2023-08-13,UBER   TRIP,-18.56,,,,2023-08-01,Sapphire Preferred,Social food/drinks
991,DEBIT,2023-08-14,AMK FENWAY PARK CONCES BOSTON MA             08/11,-28.25,DEBIT_CARD,20382.61,,2023-08-01,,Social food/drinks
992,DEBIT,2023-08-14,CAMBRIDGE HEALTH MYCHAR 7813380357 MA        08/10,-32.38,DEBIT_CARD,20440.85,,2023-08-01,,Social food/drinks
993,DEBIT,2023-08-14,EVERSOURCE       WEB_PAY    10788198072823  WEB ID: 1202042013,-95.85,ACH_DEBIT,20276.76,,2023-08-01,,Shopping
994,DEBIT,2023-08-14,GOOGLE *Google Stora g.co/helppay# CA        08/11,-2.12,DEBIT_CARD,20473.23,,2023-08-01,,Social food/drinks
995,,2023-08-14,LIFE IS SPORTS LLC,-35.0,,,,2023-08-01,Sapphire Preferred,Social food/drinks
996,,2023-08-14,LIFE IS SPORTS LLC,-10.0,,,,2023-08-01,Sapphire Preferred,Shopping
997,DEBIT,2023-08-14,LPCRESIDENT3-225 WEB PMTS   HM50ND          WEB ID: 9000326709,-3951.2,ACH_DEBIT,11505.93,,2023-08-01,,Shopping
998,DEBIT,2023-08-14,LS CAMBRIDGE SPIRITS 617-4949000 MA          08/11,-29.99,DEBIT_CARD,20410.86,,2023-08-01,,Transit
999,,2023-08-14,UBER   TRIP,-14.44,,,,2023-08-01,Sapphire Preferred,Transit
1000,DEBIT,2023-08-14,Zelle payment to Ethan Glaze 18146184884,-10.0,QUICKPAY_DEBIT,20372.61,,2023-08-01,,Transit
1001,,2023-08-15,CHIPOTLE 1615,-10.54,,,,2023-08-01,Sapphire Preferred,Transit
1002,,2023-08-15,SUNOCO 8000778102,-21.27,,,,2023-08-01,Sapphire Preferred,Transit
1003,,2023-08-15,UBER   TRIP,-9.99,,,,2023-08-01,Sapphire Preferred,Transit
1004,,2023-08-15,UBER   TRIP,-8.37,,,,2023-08-01,Sapphire Preferred,Clothing
1005,DEBIT,2023-08-15,VENMO            PAYMENT    1028802901850   WEB ID: 3264681992,-803.96,ACH_DEBIT,13580.72,,2023-08-01,,Travel
1006,,2023-08-15,Zipcar Trip AUG18,-391.72,,,,2023-08-01,Sapphire Preferred,Travel
1007,,2023-08-16,BROTHERS MARKETPLACE #404,-14.03,,,,2023-08-01,Sapphire Preferred,Bills
1008,,2023-08-16,TST* ACEITUNA CAFE,-17.19,,,,2023-08-01,Sapphire Preferred,Transit
1009,,2023-08-17,BROTHERS MARKETPLACE #404,-13.58,,,,2023-08-01,Sapphire Preferred,Transit
1010,,2023-08-17,CITY TABLE,-49.87,,,,2023-08-01,Sapphire Preferred,Transit
1011,,2023-08-17,UBER   TRIP,-12.08,,,,2023-08-01,Sapphire Preferred,Transit
1012,,2023-08-17,UBER *TRIP HELP.UBER.COM,-18.4,,,,2023-08-01,Sapphire Preferred,Transit
1013,DEBIT,2023-08-17,VENMO            PAYMENT    1028824938255   WEB ID: 3264681992,-37.94,ACH_DEBIT,13686.78,,2023-08-01,,Transit
1014,,2023-08-18,SQ *BON ME - TEST KITCHEN,-17.25,,,,2023-08-01,Sapphire Preferred,Transit
1015,,2023-08-18,TST* ACEITUNA CAFE,-16.08,,,,2023-08-01,Sapphire Preferred,Social food/drinks
1016,,2023-08-18,Zipcar Monthly Plan,-8.5,,,,2023-08-01,Sapphire Preferred,Grocery
1017,,2023-08-20,MARKET BASKET 00000687,-3.2,,,,2023-08-01,Sapphire Preferred,Subscriptions
1018,,2023-08-21,SQ *WOOLFIE'S BAKERY,-12.72,,,,2023-08-01,Sapphire Preferred,Haircut
1019,,2023-08-21,SQ *WOOLFIE'S BAKERY,-7.69,,,,2023-08-01,Sapphire Preferred,Haircut
1020,,2023-08-21,Subway 31620,-28.85,,,,2023-08-01,Sapphire Preferred,Social food/drinks
1021,,2023-08-21,Zipcar Extend AUG18,-23.15,,,,2023-08-01,Sapphire Preferred,Social food/drinks
1022,,2023-08-22,AMTRAK .COM 2320641598040,-219.0,,,,2023-08-01,Sapphire Preferred,Social food/drinks
1023,,2023-08-22,CHIPOTLE ONLINE,-12.54,,,,2023-08-01,Sapphire Preferred,Social food/drinks
1024,,2023-08-22,TST* Cambridge Brewing Co,-88.11,,,,2023-08-01,Sapphire Preferred,Transit
1025,,2023-08-23,BROTHERS MARKETPLACE #404,-11.76,,,,2023-08-01,Sapphire Preferred,Social food/drinks
1026,,2023-08-23,SQ *BON ME - TEST KITCHEN,-17.25,,,,2023-08-01,Sapphire Preferred,Social food/drinks
1027,,2023-08-23,UBER   TRIP,-9.29,,,,2023-08-01,Sapphire Preferred,Social food/drinks
1028,,2023-08-24,TST* Sumiao Xiang Restaur,-52.5,,,,2023-08-01,Sapphire Preferred,Social food/drinks
1029,,2023-08-24,UBER   TRIP,-9.63,,,,2023-08-01,Sapphire Preferred,Social food/drinks
1030,,2023-08-25,SQ *SPRING BROOK FARM,-6.5,,,,2023-08-01,Sapphire Preferred,Social food/drinks
1031,,2023-08-25,TARGET        00032227,-35.52,,,,2023-08-01,Sapphire Preferred,Travel
1032,,2023-08-25,TICKETS 95608783,-156.56,,,,2023-08-01,Sapphire Preferred,Social food/drinks
1033,,2023-08-27,AMTRAK .COM 2320641598040,51.0,,,,2023-08-01,Sapphire Preferred,Necessary meals
1034,,2023-08-27,CHIPOTLE 1615,-10.54,,,,2023-08-01,Sapphire Preferred,Grocery
1035,,2023-08-27,CHOWBUS,-29.91,,,,2023-08-01,Sapphire Preferred,Entertainment
1036,,2023-08-27,SQ *DBCO TAPROOM,-19.82,,,,2023-08-01,Sapphire Preferred,Shopping
1037,,2023-08-27,SQ *M&amp;M BBQ @ DBCO,-22.15,,,,2023-08-01,Sapphire Preferred,Social food/drinks
1038,,2023-08-27,TST* ACEITUNA CAFE,-17.39,,,,2023-08-01,Sapphire Preferred,Travel
1039,,2023-08-27,TSURUTONTAN  UPNGO.COM,-156.56,,,,2023-08-01,Sapphire Preferred,Necessary meals
1040,,2023-08-27,UBER   TRIP,-10.93,,,,2023-08-01,Sapphire Preferred,Necessary meals
1041,,2023-08-27,UBER *TRIP HELP.UBER.COM,-13.84,,,,2023-08-01,Sapphire Preferred,Transit
1042,,2023-08-28,AMZN Mktp US*T33I41N11,-60.39,,,,2023-08-01,Sapphire Preferred,Necessary meals
1043,,2023-08-28,BROTHERS MARKETPLACE #404,-60.11,,,,2023-08-01,Sapphire Preferred,Necessary meals
1044,,2023-08-28,CHIPOTLE 1615,-9.84,,,,2023-08-01,Sapphire Preferred,Necessary meals
1045,,2023-08-29,AMK FENWAY PARK CONCES,-28.25,,,,2023-08-01,Sapphire Preferred,Bills
1046,,2023-08-29,AMTRAK .COM 2390910699555,-27.0,,,,2023-08-01,Sapphire Preferred,Social food/drinks
1047,,2023-08-29,Amazon.com*T391310P1,-25.84,,,,2023-08-01,Sapphire Preferred,Travel
1048,,2023-08-29,TST* Cask n Flagon - Fen,-60.48,,,,2023-08-01,Sapphire Preferred,Entertainment
1049,,2023-08-30,AMK FENWAY PARK CONCES,-6.42,,,,2023-08-01,Sapphire Preferred,Necessary meals
1050,,2023-08-30,TST* ACEITUNA CAFE,-16.77,,,,2023-08-01,Sapphire Preferred,Transit
1051,,2023-08-30,TST* ACEITUNA CAFE,-14.71,,,,2023-08-01,Sapphire Preferred,Necessary meals
1052,,2023-08-31,BROTHERS MARKETPLACE #404,-22.44,,,,2023-08-01,Sapphire Preferred,Social food/drinks
1053,,2023-08-31,UBER   TRIP,-14.67,,,,2023-08-01,Sapphire Preferred,Social food/drinks
1054,,2023-09-01,CHIPOTLE ONLINE,-13.0,,,,2023-09-01,Sapphire Preferred,Social food/drinks
1055,,2023-09-01,CVS/PHARMACY #11242,-27.07,,,,2023-09-01,Sapphire Preferred,Social food/drinks
1056,,2023-09-01,TENNIS WAREHOUSE,-60.4,,,,2023-09-01,Sapphire Preferred,Social food/drinks
1057,,2023-09-01,TST* ACEITUNA CAFE,-16.77,,,,2023-09-01,Sapphire Preferred,Necessary meals
1058,,2023-09-03,1009 CAFFE NERO BURNHAM B,-3.48,,,,2023-09-01,Sapphire Preferred,Bills
1059,,2023-09-03,7462-RailNinja,-360.0,,,,2023-09-01,Sapphire Preferred,Bills
1060,,2023-09-03,Amazon.com*T39Q437Y1,-14.74,,,,2023-09-01,Sapphire Preferred,Grocery
1061,,2023-09-03,Amazon.com*TL15A6J62,-64.99,,,,2023-09-01,Sapphire Preferred,Grocery
1062,,2023-09-03,CVS/PHARMACY #00361,-23.0,,,,2023-09-01,Sapphire Preferred,Transit
1063,,2023-09-03,FERRYHOUSE CAFE,-2.75,,,,2023-09-01,Sapphire Preferred,Social food/drinks
1064,,2023-09-03,MTA*NYCT PAYGO,-2.9,,,,2023-09-01,Sapphire Preferred,Social food/drinks
1065,,2023-09-03,MTA*NYCT PAYGO,-2.9,,,,2023-09-01,Sapphire Preferred,Social food/drinks
1066,,2023-09-03,SQ *NASER,-5.9,,,,2023-09-01,Sapphire Preferred,Bills
1067,,2023-09-03,Subway 21411,-11.2,,,,2023-09-01,Sapphire Preferred,Social food/drinks
1068,,2023-09-03,UBER   TRIP,-16.91,,,,2023-09-01,Sapphire Preferred,Grocery
1069,,2023-09-03,UBER   TRIP,-11.08,,,,2023-09-01,Sapphire Preferred,Necessary meals
1070,,2023-09-04,KANDL DELICATESSEN,-13.24,,,,2023-09-01,Sapphire Preferred,Travel
1071,,2023-09-05,2US TENNIS ASC,-53.5,,,,2023-09-01,Sapphire Preferred,Exercise
1072,,2023-09-05,7462-RailNinja,-306.0,,,,2023-09-01,Sapphire Preferred,Social food/drinks
1073,,2023-09-05,AMK US OPEN MERCHANDISE,-40.0,,,,2023-09-01,Sapphire Preferred,Necessary meals
1074,,2023-09-05,Amazon Prime*TL9DE6B12,-8.11,,,,2023-09-01,Sapphire Preferred,Necessary meals
1075,DEBIT,2023-09-05,LPCRESIDENT3-225 SIGONFILE                  PPD ID: 9000326709,-3966.75,ACH_DEBIT,12642.4,,2023-09-01,,Social food/drinks
1076,,2023-09-05,MTA*NYCT PAYGO,-2.9,,,,2023-09-01,Sapphire Preferred,Travel
1077,,2023-09-05,PERKCHOPS.COM,-6.07,,,,2023-09-01,Sapphire Preferred,Grocery
1078,DEBIT,2023-09-05,VENMO            PAYMENT    1029163433671   WEB ID: 3264681992,-18.55,ACH_DEBIT,16609.15,,2023-09-01,,Grocery
1079,DEBIT,2023-09-05,VENMO            PAYMENT    1029207411564   WEB ID: 3264681992,-14.23,ACH_DEBIT,12628.17,,2023-09-01,,Travel
1080,,2023-09-06,7462-RailNinja,360.0,,,,2023-09-01,Sapphire Preferred,Necessary meals
1081,,2023-09-07,BROTHERS MARKETPLACE #404,-13.54,,,,2023-09-01,Sapphire Preferred,Necessary meals
1082,,2023-09-07,FITZPATRICK MANHATTAN HOT,-2051.35,,,,2023-09-01,Sapphire Preferred,Travel
1083,DEBIT,2023-09-07,IC* INSTACART 888-2467822 CA                 09/07,-15.9,DEBIT_CARD,8478.17,,2023-09-01,,Travel
1084,,2023-09-07,UBER   EATS,-36.15,,,,2023-09-01,Sapphire Preferred,Medical
1085,,2023-09-08,CHIPOTLE 1615,-10.54,,,,2023-09-01,Sapphire Preferred,Transit
1086,,2023-09-08,TST* ACEITUNA CAFE,-17.19,,,,2023-09-01,Sapphire Preferred,Necessary meals
1087,,2023-09-10,CHIPOTLE 1615,-10.54,,,,2023-09-01,Sapphire Preferred,Grocery
1088,,2023-09-10,FITZPATRICK MANHATTAN HOT,-64.26,,,,2023-09-01,Sapphire Preferred,Necessary meals
1089,,2023-09-10,LUCKY STRIKE JILLIANS,-64.28,,,,2023-09-01,Sapphire Preferred,Subscriptions
1090,,2023-09-10,LUCKY STRIKE JILLIANS,-20.19,,,,2023-09-01,Sapphire Preferred,Necessary meals
1091,,2023-09-10,SQ *FRESH SOUTH BOSTON,-46.66,,,,2023-09-01,Sapphire Preferred,Necessary meals
1092,,2023-09-10,TST* ACEITUNA CAFE,-17.46,,,,2023-09-01,Sapphire Preferred,Necessary meals
1093,,2023-09-10,UBER   TRIP,-20.82,,,,2023-09-01,Sapphire Preferred,Subscriptions
1094,,2023-09-10,UBER   TRIP,-15.66,,,,2023-09-01,Sapphire Preferred,Shopping
1095,,2023-09-11,CHIPOTLE 1615,-10.54,,,,2023-09-01,Sapphire Preferred,Shopping
1096,DEBIT,2023-09-11,COMCAST 8773102  263397871                  PPD ID: 0000213249,-39.99,ACH_DEBIT,10545.89,,2023-09-01,,Necessary meals
1097,,2023-09-11,CVS/PHARMACY #11242,-15.71,,,,2023-09-01,Sapphire Preferred,Entertainment
1098,DEBIT,2023-09-11,Instacart San Francisco CA           802549  09/10,-12.29,DEBIT_CARD,10585.88,,2023-09-01,,Necessary meals
1099,,2023-09-11,TST* Lily Ps,-107.02,,,,2023-09-01,Sapphire Preferred,Travel
1100,,2023-09-12,AMZN Mktp US*TR4FI3DZ2,-19.1,,,,2023-09-01,Sapphire Preferred,Travel
1101,,2023-09-12,Amazon.com*TR9RF38U0,-10.44,,,,2023-09-01,Sapphire Preferred,Travel
1102,DEBIT,2023-09-12,EVERSOURCE       WEB_PAY    14417789082823  WEB ID: 1202042013,-131.28,ACH_DEBIT,3412.49,,2023-09-01,,Grocery
1103,DEBIT,2023-09-12,GOOGLE *Google Storag 855-836-3987 CA        09/11,-2.12,DEBIT_CARD,10543.77,,2023-09-01,,Grocery
1104,,2023-09-12,NikePOS_US,-130.0,,,,2023-09-01,Sapphire Preferred,Social food/drinks
1105,DEBIT,2023-09-12,SCHWAB BROKERAGE MONEYLINK                  PPD ID: 9005586224,-7000.0,ACH_DEBIT,3543.77,,2023-09-01,,Entertainment
1106,,2023-09-13,AMK FENWAY PARK CONCES,-28.25,,,,2023-09-01,Sapphire Preferred,Subscriptions
1107,,2023-09-13,AMK FENWAY PARK CONCES,-28.25,,,,2023-09-01,Sapphire Preferred,Necessary meals
1108,,2023-09-13,CVS/PHARMACY #11242,-29.21,,,,2023-09-01,Sapphire Preferred,Social food/drinks
1109,,2023-09-13,S&amp;S RESTAURANT AND DELI,-14.2,,,,2023-09-01,Sapphire Preferred,Social food/drinks
1110,,2023-09-13,THAI BASIL RESTAURANT,-14.93,,,,2023-09-01,Sapphire Preferred,Necessary meals
1111,,2023-09-13,TST* ACEITUNA CAFE,-17.19,,,,2023-09-01,Sapphire Preferred,Necessary meals
1112,,2023-09-13,UBER   TRIP,-10.06,,,,2023-09-01,Sapphire Preferred,Necessary meals
1113,,2023-09-13,UBER   TRIP,-9.94,,,,2023-09-01,Sapphire Preferred,Grocery
1114,,2023-09-14,CHIPOTLE ONLINE,-13.0,,,,2023-09-01,Sapphire Preferred,Necessary meals
1115,,2023-09-14,FIELD &amp; VINE,-75.0,,,,2023-09-01,Sapphire Preferred,Clothing
1116,,2023-09-14,UBER   EATS,-41.14,,,,2023-09-01,Sapphire Preferred,Social food/drinks
1117,,2023-09-14,UBER   TRIP,-25.2,,,,2023-09-01,Sapphire Preferred,Necessary meals
1118,,2023-09-15,CHIPOTLE 1615,-10.54,,,,2023-09-01,Sapphire Preferred,Social food/drinks
1119,,2023-09-15,HOPPING EYE ASSOCIATES LL,-373.96,,,,2023-09-01,Sapphire Preferred,Social food/drinks
1120,,2023-09-15,SQ *SPRING BROOK FARM,-9.5,,,,2023-09-01,Sapphire Preferred,Venmo/Cash
1121,,2023-09-17,BROTHERS MARKETPLACE #404,-20.34,,,,2023-09-01,Sapphire Preferred,Venmo/Cash
1122,,2023-09-17,SP MORE THAN WORDS Y,-17.96,,,,2023-09-01,Sapphire Preferred,Medical
1123,,2023-09-17,SQ *AMORINO CAMBRIDGE,-6.26,,,,2023-09-01,Sapphire Preferred,Necessary meals
1124,,2023-09-17,TST* ACEITUNA CAFE,-17.46,,,,2023-09-01,Sapphire Preferred,Subscriptions
1125,,2023-09-17,TST* ACEITUNA CAFE,-17.46,,,,2023-09-01,Sapphire Preferred,Bills
1126,,2023-09-17,UBER   TRIP,-24.98,,,,2023-09-01,Sapphire Preferred,Necessary meals
1127,,2023-09-17,UBER   TRIP,-17.15,,,,2023-09-01,Sapphire Preferred,Shopping
1128,,2023-09-17,UBER   TRIP,-14.23,,,,2023-09-01,Sapphire Preferred,Shopping
1129,,2023-09-18,HARVARD BOOK STORE,-21.24,,,,2023-09-01,Sapphire Preferred,Necessary meals
1130,,2023-09-18,TST* BURRO BAR - SOUTH EN,-203.92,,,,2023-09-01,Sapphire Preferred,Bills
1131,,2023-09-18,Zipcar Monthly Plan,-8.5,,,,2023-09-01,Sapphire Preferred,Social food/drinks
1132,,2023-09-19,BROTHERS MARKETPLACE #404,-29.94,,,,2023-09-01,Sapphire Preferred,Necessary meals
1133,,2023-09-19,CVS/PHARMACY #11242,-18.05,,,,2023-09-01,Sapphire Preferred,Shopping
1134,,2023-09-19,CVS/PHARMACY #11242,-1.03,,,,2023-09-01,Sapphire Preferred,Grocery
1135,,2023-09-19,TST* Yume Ga Arukara- Cam,-22.42,,,,2023-09-01,Sapphire Preferred,Necessary meals
1136,,2023-09-19,UBER   TRIP,-13.92,,,,2023-09-01,Sapphire Preferred,Necessary meals
1137,DEBIT,2023-09-20,LPCRESIDENT3-225 WEB PMTS   H57NVD          WEB ID: 9000326709,-50.0,ACH_DEBIT,13681.43,,2023-09-01,,Necessary meals
1138,,2023-09-20,UBER   TRIP,-13.24,,,,2023-09-01,Sapphire Preferred,Venmo/Cash
1139,,2023-09-20,UBER   TRIP,-12.12,,,,2023-09-01,Sapphire Preferred,Venmo/Cash
1140,,2023-09-20,UBER   TRIP,-5.25,,,,2023-09-01,Sapphire Preferred,Venmo/Cash
1141,,2023-09-21,AMZN Mktp US*TX73W6720,-139.95,,,,2023-09-01,Sapphire Preferred,Venmo/Cash
1142,,2023-09-21,CVS/PHARMACY #11242,-29.2,,,,2023-09-01,Sapphire Preferred,Venmo/Cash
1143,DEBIT,2023-09-21,FOREIGN EXCHANGE RATE ADJUSTMENT FEE 307349  09/22Intl Airp,-1.53,FEE_TRANSACTION,13623.74,,2023-09-01,,Venmo/Cash
1144,,2023-09-21,HUDSON ST1886,-4.24,,,,2023-09-01,Sapphire Preferred,Venmo/Cash
1145,DEBIT,2023-09-21,NON-CHASE ATM FEE-WITH,-5.0,FEE_TRANSACTION,13625.27,,2023-09-01,,Venmo/Cash
1146,DEBIT,2023-09-21,NON-CHASE ATM WITHDRAW               307349  09/22Intl Airp HK Dollar  400.00 X 0.1279000 (EXCHG RTE),-51.16,ATM,13630.27,,2023-09-01,,Entertainment
1147,,2023-09-21,Subway 31620,-11.79,,,,2023-09-01,Sapphire Preferred,Clothing
1148,,2023-09-21,TARGET        00032227,-26.3,,,,2023-09-01,Sapphire Preferred,Social food/drinks
1149,,2023-09-21,TST* ACEITUNA CAFE,-17.19,,,,2023-09-01,Sapphire Preferred,Venmo/Cash
1150,,2023-09-21,TST* The Nu Do Society,-68.7,,,,2023-09-01,Sapphire Preferred,Venmo/Cash
1151,,2023-09-22,7462-RailNinja,306.0,,,,2023-09-01,Sapphire Preferred,Venmo/Cash
1152,,2023-09-22,CHOWBUS,-15.39,,,,2023-09-01,Sapphire Preferred,Venmo/Cash
1153,,2023-09-22,TST* ACEITUNA CAFE,-17.19,,,,2023-09-01,Sapphire Preferred,Shopping
1154,,2023-09-24,7-ELEVEN  HK (1604),-1.47,,,,2023-09-01,Sapphire Preferred,Necessary meals
1155,,2023-09-24,7-Eleven  HK (0968),-9.91,,,,2023-09-01,Sapphire Preferred,Necessary meals
1156,,2023-09-24,7462-RailNinja,-276.0,,,,2023-09-01,Sapphire Preferred,Necessary meals
1157,,2023-09-24,G2000 - GS398    82040,-59.98,,,,2023-09-01,Sapphire Preferred,Travel
1158,,2023-09-24,MAXIM'S CAKES (3279),-5.5,,,,2023-09-01,Sapphire Preferred,Venmo/Cash
1159,,2023-09-24,NATIONAL GEOGRAPHIC,-71.62,,,,2023-09-01,Sapphire Preferred,Venmo/Cash
1160,,2023-09-24,UNIQLO HONG KONG LTD,-51.03,,,,2023-09-01,Sapphire Preferred,Venmo/Cash
1161,,2023-09-24,WATSON'S 252/HKS2,-1.01,,,,2023-09-01,Sapphire Preferred,Necessary meals
1162,DEBIT,2023-09-25,FOREIGN EXCHANGE RATE ADJUSTMENT FEE 229614  09/23Mongkok H,-11.57,FEE_TRANSACTION,12997.4,,2023-09-01,,Shopping
1163,DEBIT,2023-09-25,FOREIGN EXCHANGE RATE ADJUSTMENT FEE 506134  09/24NICE CD/A,-6.87,FEE_TRANSACTION,12990.53,,2023-09-01,,Grocery
1164,DEBIT,2023-09-25,NON-CHASE ATM FEE-WITH,-5.0,FEE_TRANSACTION,12985.53,,2023-09-01,,Travel
1165,DEBIT,2023-09-25,NON-CHASE ATM FEE-WITH,-5.0,FEE_TRANSACTION,12980.53,,2023-09-01,,Shopping
1166,DEBIT,2023-09-25,NON-CHASE ATM WITHDRAW               229614  09/23Mongkok H HK Dollar  3000.00 X 0.1279237 (EXCHG RTE),-385.69,ATM,13238.05,,2023-09-01,,Shopping
1167,DEBIT,2023-09-25,NON-CHASE ATM WITHDRAW               506134  09/24NICE CD/A Won        300000 X 0.000751575 (EXCHG RTE),-229.08,ATM,13008.97,,2023-09-01,,Social food/drinks
1168,,2023-09-26,(JU)UIJEUDUAMJEI,-28.71,,,,2023-09-01,Sapphire Preferred,Social food/drinks
1169,,2023-09-26,ALACHI(HONGDAIJEOM),-44.64,,,,2023-09-01,Sapphire Preferred,Necessary meals
1170,,2023-09-26,Amy143 (EIMI143),-56.37,,,,2023-09-01,Sapphire Preferred,Grocery
1171,,2023-09-26,GUEREIPEU HUREACHEUMUN/(J,-75.98,,,,2023-09-01,Sapphire Preferred,Social food/drinks
1172,,2023-09-26,RAINPLENZ INSADONG,-26.91,,,,2023-09-01,Sapphire Preferred,Bills
1173,,2023-09-26,ZIES(GS)25 JONGROINSA,-5.98,,,,2023-09-01,Sapphire Preferred,Bills
1174,,2023-09-27,(JOO)EMPEULLEIGEULAUNDEU(,-30.06,,,,2023-09-01,Sapphire Preferred,Bills
1175,,2023-09-27,BEODEUL FLOOR     7159015,-44.42,,,,2023-09-01,Sapphire Preferred,Social food/drinks
1176,,2023-09-27,Beam,-5.05,,,,2023-09-01,Sapphire Preferred,Exercise
1177,,2023-09-27,Beam,-3.83,,,,2023-09-01,Sapphire Preferred,Necessary meals
1178,,2023-09-27,Beam,-2.48,,,,2023-09-01,Sapphire Preferred,Entertainment
1179,,2023-09-27,Beam,-2.21,,,,2023-09-01,Sapphire Preferred,Exercise
1180,,2023-09-27,CU  HONGIK UNIV. 3RD STOR,-2.18,,,,2023-09-01,Sapphire Preferred,Venmo/Cash
1181,,2023-09-27,CU  HONGIK UNIV. 3RD STOR,-1.28,,,,2023-09-01,Sapphire Preferred,Venmo/Cash
1182,,2023-09-27,DAMJANGYEOPEGOOKHOAGGOTCC,-4.73,,,,2023-09-01,Sapphire Preferred,Venmo/Cash
1183,,2023-09-27,DUCKY WORLD       5901907,-4.51,,,,2023-09-01,Sapphire Preferred,Grocery
1184,,2023-09-27,GS25 ESSEOWOOLYUK1HOJU,-14.13,,,,2023-09-01,Sapphire Preferred,Necessary meals
1185,,2023-09-27,KONGKONGI         0217432,-284.1,,,,2023-09-01,Sapphire Preferred,Necessary meals
1186,,2023-09-27,UGLY PROJECT      3411982,-16.53,,,,2023-09-01,Sapphire Preferred,Travel
1187,,2023-09-27,UGLY PROJECT      3411982,-3.01,,,,2023-09-01,Sapphire Preferred,Necessary meals
1188,,2023-09-28,Beam,-2.38,,,,2023-09-01,Sapphire Preferred,Necessary meals
1189,,2023-09-28,Beam,-1.44,,,,2023-09-01,Sapphire Preferred,Necessary meals
1190,,2023-09-29,Beam,-3.7,,,,2023-09-01,Sapphire Preferred,Social food/drinks
1191,,2023-09-29,Beam,-3.03,,,,2023-09-01,Sapphire Preferred,Subscriptions
1192,,2023-09-29,Beam,-3.03,,,,2023-09-01,Sapphire Preferred,Entertainment
1193,,2023-09-29,Beam,-1.96,,,,2023-09-01,Sapphire Preferred,Social food/drinks
1194,,2023-09-29,MUSINSA,-104.0,,,,2023-09-01,Sapphire Preferred,Transit
1195,,2023-10-01,AMERICAN AIR0010636376744,-78.38,,,,2023-10-01,Sapphire Preferred,Social food/drinks
1196,,2023-10-01,AMERICAN AIR0012483190299,-243.9,,,,2023-10-01,Sapphire Preferred,Clothing
1197,,2023-10-01,ANNUAL MEMBERSHIP FEE,-95.0,,,,2023-10-01,Sapphire Preferred,Social food/drinks
1198,,2023-10-01,Beam,-2.09,,,,2023-10-01,Sapphire Preferred,Social food/drinks
1199,,2023-10-01,Beam,-1.97,,,,2023-10-01,Sapphire Preferred,Clothing
1200,,2023-10-01,Beam,-1.69,,,,2023-10-01,Sapphire Preferred,Clothing
1201,,2023-10-01,Beam,-1.57,,,,2023-10-01,Sapphire Preferred,Social food/drinks
1202,,2023-10-01,Beam,-1.56,,,,2023-10-01,Sapphire Preferred,Entertainment
1203,,2023-10-01,Beam,-1.3,,,,2023-10-01,Sapphire Preferred,Necessary meals
1204,,2023-10-01,Beam,-1.29,,,,2023-10-01,Sapphire Preferred,Grocery
1205,,2023-10-01,CHONBUK NATIONAL UNIV. CO,-2.33,,,,2023-10-01,Sapphire Preferred,Grocery
1206,,2023-10-01,E-MART 24  HANGANG YEOUID,-2.45,,,,2023-10-01,Sapphire Preferred,Necessary meals
1207,,2023-10-01,GOOGLE *RelayForReddit,-1.07,,,,2023-10-01,Sapphire Preferred,Venmo/Cash
1208,,2023-10-01,HAIR AND JOY      0148817,-52.37,,,,2023-10-01,Sapphire Preferred,Necessary meals
1209,,2023-10-01,HAIR AND JOY      0148817,-11.97,,,,2023-10-01,Sapphire Preferred,Medication
1210,,2023-10-01,HANOKKAPE         5295805,-3.01,,,,2023-10-01,Sapphire Preferred,Entertainment
1211,,2023-10-01,JEONJU CITY HALL  3450093,-6.77,,,,2023-10-01,Sapphire Preferred,Necessary meals
1212,,2023-10-01,STARFIELD COEX MALL,-3.42,,,,2023-10-01,Sapphire Preferred,Subscriptions
1213,,2023-10-01,THE HOUSE WHERE WINTER ST,-17.95,,,,2023-10-01,Sapphire Preferred,Subscriptions
1214,,2023-10-02,Beam,-1.7,,,,2023-10-01,Sapphire Preferred,Necessary meals
1215,,2023-10-02,GS25 IMJINGAKPYUNGHWAJ,-2.01,,,,2023-10-01,Sapphire Preferred,Social food/drinks
1216,,2023-10-02,GS25JUNJOOKYODAEJUM,-11.13,,,,2023-10-01,Sapphire Preferred,Clothing
1217,,2023-10-02,GS25JUNJOOKYODAEJUM,-6.24,,,,2023-10-01,Sapphire Preferred,Medication
1218,,2023-10-02,JOGYEORDEROFKOREABUDDH,-37.06,,,,2023-10-01,Sapphire Preferred,Clothing
1219,,2023-10-02,KAWOODON,-8.95,,,,2023-10-01,Sapphire Preferred,Grocery
1220,,2023-10-02,SSEOBWAEI HONGDAEATJUM,-9.62,,,,2023-10-01,Sapphire Preferred,Necessary meals
1221,,2023-10-02,T MOBILE HOTSPOT GMBH CAT,-19.95,,,,2023-10-01,Sapphire Preferred,Entertainment
1222,,2023-10-03,(JOO)ESEUTIO HONGDAIeSEUK,-36.38,,,,2023-10-01,Sapphire Preferred,Shopping
1223,,2023-10-03,7-ELEVEN HONGDAIGYOYEON,-10.99,,,,2023-10-01,Sapphire Preferred,Shopping
1224,,2023-10-03,BROTHERS MARKETPLACE #404,-9.28,,,,2023-10-01,Sapphire Preferred,Shopping
1225,,2023-10-03,DEOIIPOLEKODEU(DAY FOR RE,-82.29,,,,2023-10-01,Sapphire Preferred,Social food/drinks
1226,,2023-10-04,Amazon Prime*T98FW9S80,-8.11,,,,2023-10-01,Sapphire Preferred,Necessary meals
1227,,2023-10-04,CU  HONGIK UNIV. SEOGYO B,-22.29,,,,2023-10-01,Sapphire Preferred,Shopping
1228,,2023-10-04,JETBLUE     2792135378172,-213.9,,,,2023-10-01,Sapphire Preferred,Social food/drinks
1229,,2023-10-04,SQ *BON ME - TEST KITCHEN,-17.25,,,,2023-10-01,Sapphire Preferred,Necessary meals
1230,,2023-10-04,TST* ACEITUNA CAFE,-17.19,,,,2023-10-01,Sapphire Preferred,Necessary meals
1231,,2023-10-04,UNIFICATION TRAIN 3093292,-10.44,,,,2023-10-01,Sapphire Preferred,Venmo/Cash
1232,,2023-10-05,TST* ACEITUNA CAFE,-14.71,,,,2023-10-01,Sapphire Preferred,Venmo/Cash
1233,,2023-10-06,CHIPOTLE 1615,-10.54,,,,2023-10-01,Sapphire Preferred,Medication
1234,,2023-10-06,IC* INSTACART,-47.75,,,,2023-10-01,Sapphire Preferred,Bills
1235,DEBIT,2023-10-06,LPCRESIDENT3-225 WEB PMTS   6KFZZD          WEB ID: 9000326709,-3945.25,ACH_DEBIT,6762.4,,2023-10-01,,Exercise
1236,,2023-10-06,SSIJEOIIOLLIBEUYEONG(JOO),-71.33,,,,2023-10-01,Sapphire Preferred,Clothing
1237,,2023-10-08,AVIS RENT-A-CAR,-144.08,,,,2023-10-01,Sapphire Preferred,Venmo/Cash
1238,,2023-10-08,LS BATTLE LAKE GOLF CO,-31.01,,,,2023-10-01,Sapphire Preferred,Social food/drinks
1239,,2023-10-08,PANERA BREAD #606101 P,-3.34,,,,2023-10-01,Sapphire Preferred,Shopping
1240,,2023-10-08,SHELL OIL 57541709101,-2.7,,,,2023-10-01,Sapphire Preferred,Necessary meals
1241,,2023-10-08,Subway 11465,-14.66,,,,2023-10-01,Sapphire Preferred,Necessary meals
1242,,2023-10-08,TST* Shy Bird,-23.53,,,,2023-10-01,Sapphire Preferred,Social food/drinks
1243,,2023-10-10,AMK CONC BARS MMP,-43.93,,,,2023-10-01,Sapphire Preferred,Necessary meals
1244,,2023-10-10,AMK MMP TIN2 CONC,-13.69,,,,2023-10-01,Sapphire Preferred,Grocery
1245,,2023-10-10,AMK MMP TIN2 CONC,-9.52,,,,2023-10-01,Sapphire Preferred,Social food/drinks
1246,,2023-10-10,BAYLOR UNIV CONCESS,-3.79,,,,2023-10-01,Sapphire Preferred,Venmo/Cash
1247,,2023-10-10,Subway 64335,-11.18,,,,2023-10-01,Sapphire Preferred,Necessary meals
1248,DEBIT,2023-10-11,COMCAST 8773102  263397871                  PPD ID: 0000213249,-39.99,ACH_DEBIT,6720.29,,2023-10-01,,Necessary meals
1249,DEBIT,2023-10-11,GOOGLE *Google Stora g.co/helppay# CA        10/11,-2.12,DEBIT_CARD,6760.28,,2023-10-01,,Venmo/Cash
1250,,2023-10-11,H-E-B #713,-30.49,,,,2023-10-01,Sapphire Preferred,Social food/drinks
1251,,2023-10-11,H-E-B #713,-11.62,,,,2023-10-01,Sapphire Preferred,Social food/drinks
1252,,2023-10-11,RICE - PARKING,-12.0,,,,2023-10-01,Sapphire Preferred,Social food/drinks
1253,,2023-10-11,SQ *LITTLE KITCHEN HTX,-11.2,,,,2023-10-01,Sapphire Preferred,Social food/drinks
1254,,2023-10-12,#1105-B34D  AKASHI,-15.46,,,,2023-10-01,Sapphire Preferred,Shopping
1255,,2023-10-12,CJ OLIVE YOUNG HONGIK UNI,-28.35,,,,2023-10-01,Sapphire Preferred,Necessary meals
1256,DEBIT,2023-10-12,EVERSOURCE       WEB_PAY    18024836092723  WEB ID: 1202042013,-110.87,ACH_DEBIT,6609.42,,2023-10-01,,Travel
1257,,2023-10-12,GRUBHUBJOLLOFRICEKING,-73.99,,,,2023-10-01,Sapphire Preferred,Grocery
1258,,2023-10-12,KROGER 300,-12.99,,,,2023-10-01,Sapphire Preferred,Bills
1259,,2023-10-12,Subway 64335,-11.18,,,,2023-10-01,Sapphire Preferred,Necessary meals
1260,,2023-10-12,Zipcar Trip OCT14,-230.38,,,,2023-10-01,Sapphire Preferred,Bills
1261,,2023-10-13,ACT*USTA LEAGUES,-25.15,,,,2023-10-01,Sapphire Preferred,Necessary meals
1262,,2023-10-13,CADILLAC BAR A S IAH,-17.64,,,,2023-10-01,Sapphire Preferred,Social food/drinks
1263,,2023-10-13,CHICK-FIL-A AS IAH,-6.66,,,,2023-10-01,Sapphire Preferred,Grocery
1264,,2023-10-13,CHIPOTLE 1615,-9.84,,,,2023-10-01,Sapphire Preferred,Necessary meals
1265,,2023-10-13,PEETS COFFEE- 616,-14.09,,,,2023-10-01,Sapphire Preferred,Bills
1266,,2023-10-13,UNITED      0162333863222,-335.65,,,,2023-10-01,Sapphire Preferred,Necessary meals
1267,,2023-10-15,BROTHERS MARKETPLACE #404,-12.96,,,,2023-10-01,Sapphire Preferred,Venmo/Cash
1268,,2023-10-15,BROTHERS MARKETPLACE #404,-11.76,,,,2023-10-01,Sapphire Preferred,Shopping
1269,,2023-10-15,JETBLUE     2790499942499,213.9,,,,2023-10-01,Sapphire Preferred,Necessary meals
1270,,2023-10-15,SQ *BON ME - TEST KITCHEN,-32.84,,,,2023-10-01,Sapphire Preferred,Social food/drinks
1271,,2023-10-15,TST* TATTE BAKERY CHARLES,-4.71,,,,2023-10-01,Sapphire Preferred,Grocery
1272,,2023-10-15,UA INFLT    0164245474592,-8.0,,,,2023-10-01,Sapphire Preferred,Necessary meals
1273,,2023-10-15,Zipcar Extend OCT15,-15.66,,,,2023-10-01,Sapphire Preferred,Social food/drinks
1274,DEBIT,2023-10-16,CAMBRIDGE HEALTH MYCHAR 7813380357 MA        10/13,-52.05,DEBIT_CARD,9604.41,,2023-10-01,,Social food/drinks
1275,,2023-10-16,ETOLL AVIS U646355150,-9.79,,,,2023-10-01,Sapphire Preferred,Social food/drinks
1276,,2023-10-17,CHIPOTLE 1615,-10.54,,,,2023-10-01,Sapphire Preferred,Social food/drinks
1277,,2023-10-18,BROTHERS MARKETPLACE #404,-16.05,,,,2023-10-01,Sapphire Preferred,Social food/drinks
1278,,2023-10-18,TST* ACEITUNA CAFE,-17.19,,,,2023-10-01,Sapphire Preferred,Social food/drinks
1279,,2023-10-18,Zipcar Monthly Plan,-8.5,,,,2023-10-01,Sapphire Preferred,Venmo/Cash
1280,,2023-10-19,IC* INSTACART,-49.94,,,,2023-10-01,Sapphire Preferred,Venmo/Cash
1281,,2023-10-19,SQ *BON ME - TEST KITCHEN,-17.97,,,,2023-10-01,Sapphire Preferred,Venmo/Cash
1282,,2023-10-19,TST* ACEITUNA CAFE,-17.19,,,,2023-10-01,Sapphire Preferred,Venmo/Cash
1283,DEBIT,2023-10-20,Nintendo CA1073710048 800-2553700 WA         10/20,-63.74,DEBIT_CARD,9540.67,,2023-10-01,,Necessary meals
1284,,2023-10-22,AMZN Mktp US*NG33M01Q3,-75.98,,,,2023-10-01,Sapphire Preferred,Subscriptions
1285,,2023-10-22,Amazon.com*TP7945WA1,-21.29,,,,2023-10-01,Sapphire Preferred,Social food/drinks
1286,,2023-10-22,CHIPOTLE 1615,-10.81,,,,2023-10-01,Sapphire Preferred,Social food/drinks
1287,,2023-10-22,EB CRAWL-O-WEEN BOSTO,-189.28,,,,2023-10-01,Sapphire Preferred,Social food/drinks
1288,,2023-10-22,TST* ACEITUNA CAFE,-17.19,,,,2023-10-01,Sapphire Preferred,Social food/drinks
1289,,2023-10-22,Zipcar Trip OCT21,-48.34,,,,2023-10-01,Sapphire Preferred,Clothing
1290,,2023-10-22,Zipcar Trip OCT21,10.62,,,,2023-10-01,Sapphire Preferred,Clothing
1291,,2023-10-22,Zipcar Trip OCT21,37.72,,,,2023-10-01,Sapphire Preferred,Social food/drinks
1292,,2023-10-23,BROTHERS MARKETPLACE #404,-11.76,,,,2023-10-01,Sapphire Preferred,Bills
1293,,2023-10-23,BROTHERS MARKETPLACE #404,-8.0,,,,2023-10-01,Sapphire Preferred,Social food/drinks
1294,,2023-10-24,ROYALTEA (ALLSTON),-7.44,,,,2023-10-01,Sapphire Preferred,Social food/drinks
1295,,2023-10-24,SEATGEEK TICKETS,-641.5,,,,2023-10-01,Sapphire Preferred,Travel
1296,DEBIT,2023-10-25,GOOGLE *RelayForReddi 855-836-3987 CA        10/25,-0.24,DEBIT_CARD,9540.43,,2023-10-01,,Necessary meals
1297,,2023-10-25,TST* ACEITUNA CAFE,-17.19,,,,2023-10-01,Sapphire Preferred,Social food/drinks
1298,DEBIT,2023-10-26,LOVE GRILLE 866-5083558 PA                   10/25,-19.92,DEBIT_CARD,9518.51,,2023-10-01,,Necessary meals
1299,DEBIT,2023-10-26,SOUTHEASTERN PENNSYLV PHILADELPHIA PA        10/25,-2.0,DEBIT_CARD,9538.43,,2023-10-01,,Social food/drinks
1300,DEBIT,2023-10-26,SQ *BON ME - TEST KITCH gosq.com MA          10/25,-17.97,DEBIT_CARD,9500.54,,2023-10-01,,Social food/drinks
1301,DEBIT,2023-10-27,FANTUAN DELIVERY HTTPSWWW.FANT WA            10/26,-38.95,DEBIT_CARD,9444.4,,2023-10-01,,Subscriptions
1302,DEBIT,2023-10-27,TST* ACEITUNA CAFE 617-252-0707 MA           10/27,-17.19,DEBIT_CARD,9483.35,,2023-10-01,,Shopping
1303,DEBIT,2023-10-30,BROTHERS  1 BROADWAY CAMBRIDGE MA            10/30,-22.01,DEBIT_CARD,9252.85,,2023-10-01,,Social food/drinks
1304,DEBIT,2023-10-30,CHIPOTLE 1615 CAMBRIDGE MA                   10/29,-10.81,DEBIT_CARD,9274.86,,2023-10-01,,Bills
1305,DEBIT,2023-10-30,PRIME EXPRESS INC BOSTON MA                  10/28,-20.0,DEBIT_CARD,9412.61,,2023-10-01,,Shopping
1306,DEBIT,2023-10-30,ROYALE BOSTON MA                             10/28,-47.0,DEBIT_CARD,9315.67,,2023-10-01,,Social food/drinks
1307,DEBIT,2023-10-30,Subway 31620 Cambridge MA                    10/28,-11.79,DEBIT_CARD,9432.61,,2023-10-01,,Necessary meals
1308,DEBIT,2023-10-30,TST* NED DEVINE'S - BOS BOSTON MA            10/29,-49.94,DEBIT_CARD,9362.67,,2023-10-01,,Social food/drinks
1309,DEBIT,2023-10-30,TST* Yume Ga Arukara- C Cambridge MA         10/29,-30.0,DEBIT_CARD,9285.67,,2023-10-01,,Social food/drinks
1310,DEBIT,2023-10-31,VENMO            PAYMENT    1030317102013   WEB ID: 3264681992,-39.21,ACH_DEBIT,12240.67,,2023-10-01,,Travel
1311,DEBIT,2023-10-31,VENMO            PAYMENT    1030317896593   WEB ID: 3264681992,-5.48,ACH_DEBIT,12235.19,,2023-10-01,,Social food/drinks
1312,DEBIT,2023-11-01,CAMBRIDGE HEALTH MYCHAR 7813380357 MA        10/30,-17.23,DEBIT_CARD,12215.81,,2023-11-01,,Medical
1313,DEBIT,2023-11-01,CHIPOTLE 1615 CAMBRIDGE MA                   10/31,-10.81,DEBIT_CARD,12187.81,,2023-11-01,,Social food/drinks
1314,DEBIT,2023-11-01,GOOGLE *RelayForReddi 855-836-3987 CA        11/01,-2.15,DEBIT_CARD,12233.04,,2023-11-01,,Social food/drinks
1315,DEBIT,2023-11-01,LPCRESIDENT3-225 WEB PMTS   8MWV2F          WEB ID: 9000326709,-25.0,ACH_DEBIT,12162.81,,2023-11-01,,Grocery
1316,DEBIT,2023-11-01,TST* ACEITUNA CAFE 617-252-0707 MA           11/01,-17.19,DEBIT_CARD,12198.62,,2023-11-01,,Grocery
1317,DEBIT,2023-11-02,AMZN Mktp US*2L2555P Amzn.com/bill WA        11/02,-15.93,DEBIT_CARD,12119.09,,2023-11-01,,Clothing
1318,DEBIT,2023-11-02,AMZN Mktp US*6C4UV1L Amzn.com/bill WA        11/02,-10.6,DEBIT_CARD,12135.02,,2023-11-01,,Venmo/Cash
1319,DEBIT,2023-11-02,TST* ACEITUNA CAFE 617-252-0707 MA           11/02,-17.19,DEBIT_CARD,12145.62,,2023-11-01,,Shopping
1320,DEBIT,2023-11-03,LPCRESIDENT3-225 WEB PMTS   JJ405F          WEB ID: 9000326709,-3956.0,ACH_DEBIT,8163.09,,2023-11-01,,Necessary meals
1321,,2023-11-03,MADRAS DOSA CO,-30.76,,,,2023-11-01,Sapphire Preferred,Necessary meals
1322,,2023-11-03,SQ *BON ME - TEST KITCHEN,-18.84,,,,2023-11-01,Sapphire Preferred,Bills
1323,,2023-11-05,Amazon Prime*ID0WE68W3,-8.11,,,,2023-11-01,Sapphire Preferred,Bills
1324,,2023-11-05,BROTHERS MARKETPLACE #404,-19.13,,,,2023-11-01,Sapphire Preferred,Bills
1325,,2023-11-05,IC* INSTACART,-49.37,,,,2023-11-01,Sapphire Preferred,Travel
1326,,2023-11-05,TST* ACEITUNA CAFE,-17.19,,,,2023-11-01,Sapphire Preferred,Travel
1327,,2023-11-06,CHIPOTLE 1615,-10.81,,,,2023-11-01,Sapphire Preferred,Necessary meals
1328,DEBIT,2023-11-06,VENMO            PAYMENT    1030398991712   WEB ID: 3264681992,-18.0,ACH_DEBIT,8117.09,,2023-11-01,,Social food/drinks
1329,DEBIT,2023-11-06,VENMO            PAYMENT    1030398993320   WEB ID: 3264681992,-5.5,ACH_DEBIT,8104.69,,2023-11-01,,Necessary meals
1330,DEBIT,2023-11-06,VENMO            PAYMENT    1030398994670   WEB ID: 3264681992,-6.9,ACH_DEBIT,8110.19,,2023-11-01,,Necessary meals
1331,DEBIT,2023-11-06,VENMO            PAYMENT    1030398996656   WEB ID: 3264681992,-28.0,ACH_DEBIT,8135.09,,2023-11-01,,Social food/drinks
1332,DEBIT,2023-11-06,VENMO            PAYMENT    1030418436941   WEB ID: 3264681992,-14.45,ACH_DEBIT,8063.24,,2023-11-01,,Grocery
1333,DEBIT,2023-11-06,VENMO            PAYMENT    1030427099665   WEB ID: 3264681992,-27.0,ACH_DEBIT,8077.69,,2023-11-01,,Social food/drinks
1334,DEBIT,2023-11-06,VENMO            PAYMENT    1030439686464   WEB ID: 3264681992,-11.67,ACH_DEBIT,8036.85,,2023-11-01,,Social food/drinks
1335,DEBIT,2023-11-06,VENMO            PAYMENT    1030449861760   WEB ID: 3264681992,-14.72,ACH_DEBIT,8048.52,,2023-11-01,,Venmo/Cash
1336,,2023-11-07,IKON PASS,-939.0,,,,2023-11-01,Sapphire Preferred,Venmo/Cash
1337,,2023-11-07,KINCO,-74.39,,,,2023-11-01,Sapphire Preferred,Grocery
1338,,2023-11-07,TST* Chilacates MAIN PROJ,-21.64,,,,2023-11-01,Sapphire Preferred,Necessary meals
1339,DEBIT,2023-11-07,VENMO            PAYMENT    1030450832291   WEB ID: 3264681992,-11.02,ACH_DEBIT,3478.16,,2023-11-01,,Subscriptions
1340,DEBIT,2023-11-07,VENMO            PAYMENT    1030450833362   WEB ID: 3264681992,-3.0,ACH_DEBIT,3475.16,,2023-11-01,,Social food/drinks
1341,DEBIT,2023-11-07,VENMO            PAYMENT    1030469088038   WEB ID: 3264681992,-27.05,ACH_DEBIT,3448.11,,2023-11-01,,Grocery
1342,DEBIT,2023-11-07,VENMO            PAYMENT    1030469917607   WEB ID: 3264681992,-4.68,ACH_DEBIT,3443.43,,2023-11-01,,Grocery
1343,,2023-11-08,AMZN Mktp US*LE9T34F73,-212.45,,,,2023-11-01,Sapphire Preferred,Necessary meals
1344,,2023-11-08,CHIPOTLE 1615,-10.11,,,,2023-11-01,Sapphire Preferred,Medication
1345,,2023-11-08,TST* ACEITUNA CAFE,-17.19,,,,2023-11-01,Sapphire Preferred,Necessary meals
1346,,2023-11-08,TST* ACEITUNA CAFE,-14.71,,,,2023-11-01,Sapphire Preferred,Necessary meals
1347,,2023-11-08,UNITED      0162340085612,-726.87,,,,2023-11-01,Sapphire Preferred,Social food/drinks
1348,DEBIT,2023-11-08,VENMO            PAYMENT    1030488626729   WEB ID: 3264681992,-12.59,ACH_DEBIT,3430.84,,2023-11-01,,Social food/drinks
1349,DEBIT,2023-11-09,NON-CHASE ATM FEE-WITH,-3.0,FEE_TRANSACTION,3064.84,,2023-11-01,,Social food/drinks
1350,DEBIT,2023-11-09,NON-CHASE ATM WITHDRAW               275173  11/091336 MASS,-363.0,ATM,3067.84,,2023-11-01,,Social food/drinks
1351,,2023-11-09,SQ *BON ME TEST KITCHEN,-17.97,,,,2023-11-01,Sapphire Preferred,Social food/drinks
1352,,2023-11-10,BROADWAY MARKETPLAC,-40.52,,,,2023-11-01,Sapphire Preferred,Clothing
1353,,2023-11-10,BROTHERS MARKETPLACE #404,-11.77,,,,2023-11-01,Sapphire Preferred,Venmo/Cash
1354,,2023-11-10,Zipcar Toll OCT15,-1.0,,,,2023-11-01,Sapphire Preferred,Venmo/Cash
1355,,2023-11-12,AMZN Mktp US*603SF97U3,-16.99,,,,2023-11-01,Sapphire Preferred,Venmo/Cash
1356,,2023-11-12,Amazon.com*9Z0QW1XH3,-602.84,,,,2023-11-01,Sapphire Preferred,Venmo/Cash
1357,,2023-11-12,EMMET'S,-32.2,,,,2023-11-01,Sapphire Preferred,Shopping
1358,,2023-11-12,EMMET'S,-29.8,,,,2023-11-01,Sapphire Preferred,Necessary meals
1359,,2023-11-12,TST* DIG INN- MIT - KENDA,-14.71,,,,2023-11-01,Sapphire Preferred,Venmo/Cash
1360,,2023-11-13,BROTHERS MARKETPLACE #404,-2.0,,,,2023-11-01,Sapphire Preferred,Venmo/Cash
1361,,2023-11-13,COASTERS - MA,-40.13,,,,2023-11-01,Sapphire Preferred,Venmo/Cash
1362,DEBIT,2023-11-13,COMCAST 8773102  263397871                  PPD ID: 0000213249,-39.99,ACH_DEBIT,2964.92,,2023-11-01,,Venmo/Cash
1363,DEBIT,2023-11-13,EVERSOURCE       WEB_PAY    21737223102723  WEB ID: 1202042013,-57.81,ACH_DEBIT,3004.91,,2023-11-01,,Venmo/Cash
1364,DEBIT,2023-11-13,GOOGLE *Google Storag 855-836-3987 CA        11/11,-2.12,DEBIT_CARD,3062.72,,2023-11-01,,Venmo/Cash
1365,,2023-11-14,BIG NIGHT LIVE,-10.0,,,,2023-11-01,Sapphire Preferred,Venmo/Cash
1366,,2023-11-14,USTA.COM,-30.0,,,,2023-11-01,Sapphire Preferred,Grocery
1367,,2023-11-15,CHIPOTLE 1615,-10.81,,,,2023-11-01,Sapphire Preferred,Medication
1368,,2023-11-15,TOP GOLF CANTON 1070-2,-33.55,,,,2023-11-01,Sapphire Preferred,Entertainment
1369,,2023-11-15,USTA.COM,28.45,,,,2023-11-01,Sapphire Preferred,Necessary meals
1370,DEBIT,2023-11-15,VENMO            PAYMENT    1030610030452   WEB ID: 3264681992,-12.15,ACH_DEBIT,5932.72,,2023-11-01,,Shopping
1371,DEBIT,2023-11-15,VENMO            PAYMENT    1030613042533   WEB ID: 3264681992,-19.08,ACH_DEBIT,5944.87,,2023-11-01,,Shopping
1372,DEBIT,2023-11-15,VENMO            PAYMENT    1030618702019   WEB ID: 3264681992,-27.8,ACH_DEBIT,5963.95,,2023-11-01,,Necessary meals
1373,,2023-11-16,BROTHERS MARKETPLACE #404,-7.98,,,,2023-11-01,Sapphire Preferred,Necessary meals
1374,,2023-11-16,TST* ACEITUNA CAFE,-17.19,,,,2023-11-01,Sapphire Preferred,Necessary meals
1375,,2023-11-17,TST* ACEITUNA CAFE,-17.19,,,,2023-11-01,Sapphire Preferred,Medication
1376,,2023-11-19,ALASKA AIR  0272352907664,-156.9,,,,2023-11-01,Sapphire Preferred,Necessary meals
1377,,2023-11-19,DELAWARE NORTH LOGAN F&amp;B,-13.0,,,,2023-11-01,Sapphire Preferred,Social food/drinks
1378,,2023-11-19,HUDSON ST1891,-3.7,,,,2023-11-01,Sapphire Preferred,Social food/drinks
1379,,2023-11-19,TST* ACEITUNA CAFE,-17.19,,,,2023-11-01,Sapphire Preferred,Entertainment
1380,,2023-11-19,TST* LILY PS,-43.45,,,,2023-11-01,Sapphire Preferred,Venmo/Cash
1381,,2023-11-19,Zipcar Monthly Plan,-8.5,,,,2023-11-01,Sapphire Preferred,Necessary meals
1382,,2023-11-20,WWW.GUSWORTHAM.ORG,-49.5,,,,2023-11-01,Sapphire Preferred,Entertainment
1383,,2023-11-21,AZUMA JAPANESE RESTAUR,-22.94,,,,2023-11-01,Sapphire Preferred,Necessary meals
1384,,2023-11-21,RICE - PARKING,-12.0,,,,2023-11-01,Sapphire Preferred,Entertainment
1385,,2023-11-21,TST* KASRA VILLAGE,-26.61,,,,2023-11-01,Sapphire Preferred,Entertainment
1386,,2023-11-22,NORDSTROM RACK #0721,-10.79,,,,2023-11-01,Sapphire Preferred,Necessary meals
1387,,2023-11-22,RICE COFFEE HOUSE,-2.0,,,,2023-11-01,Sapphire Preferred,Necessary meals
1388,,2023-11-23,TST* CUCHARA RESTAURANT,-159.07,,,,2023-11-01,Sapphire Preferred,Grocery
1389,,2023-11-26,EXPRESS.COM,-95.26,,,,2023-11-01,Sapphire Preferred,Subscriptions
1390,,2023-11-26,Ralph Lauren Corporation,-143.99,,,,2023-11-01,Sapphire Preferred,Entertainment
1391,,2023-11-26,STOMPS BURGER JOINT,-17.1,,,,2023-11-01,Sapphire Preferred,Entertainment
1392,,2023-11-28,CULTUREMAPST2571,-5.0,,,,2023-11-01,Sapphire Preferred,Venmo/Cash
1393,,2023-11-28,Subway 64335,-11.93,,,,2023-11-01,Sapphire Preferred,Venmo/Cash
1394,,2023-11-29,BROTHERS MARKETPLACE #404,-18.16,,,,2023-11-01,Sapphire Preferred,Necessary meals
1395,,2023-11-29,BROTHERS MARKETPLACE #404,-16.05,,,,2023-11-01,Sapphire Preferred,Shopping
1396,,2023-11-29,IAH E YUME MARKET,-22.72,,,,2023-11-01,Sapphire Preferred,Necessary meals
1397,DEBIT,2023-11-29,VENMO            PAYMENT    1030933767840   WEB ID: 3264681992,-31.79,ACH_DEBIT,5900.93,,2023-11-01,,Necessary meals
1398,,2023-11-30,CHIPOTLE ONLINE,-12.81,,,,2023-11-01,Sapphire Preferred,Necessary meals
1399,,2023-11-30,CVS/PHARMACY #11242,-21.24,,,,2023-11-01,Sapphire Preferred,Shopping
1400,,2023-11-30,EB GOOFS UNDERGROUND,-70.2,,,,2023-11-01,Sapphire Preferred,Bills
1401,,2023-11-30,TST* ACEITUNA CAFE,-17.19,,,,2023-11-01,Sapphire Preferred,Shopping
1402,,2023-11-30,Wikimedia,-10.4,,,,2023-11-01,Sapphire Preferred,Venmo/Cash
1403,DEBIT,2023-12-01,GOOGLE *RelayForRedd g.co/helppay# CA        12/01,-2.15,DEBIT_CARD,9829.89,,2023-12-01,,Venmo/Cash
1404,,2023-12-01,GRUBHUBKINGITHAI,-25.57,,,,2023-12-01,Sapphire Preferred,Venmo/Cash
1405,,2023-12-01,TST* YUME GA ARUKARA- CAM,-19.0,,,,2023-12-01,Sapphire Preferred,Grocery
1406,,2023-12-03,BEACON HILL CLEANERS,-16.5,,,,2023-12-01,Sapphire Preferred,Social food/drinks
1407,,2023-12-03,CVS/PHARMACY #01002,-8.49,,,,2023-12-01,Sapphire Preferred,Necessary meals
1408,,2023-12-03,EXPRESS.COM,-88.0,,,,2023-12-01,Sapphire Preferred,Necessary meals
1409,,2023-12-03,H MART CAMBRIDGE LLC,-49.58,,,,2023-12-01,Sapphire Preferred,Entertainment
1410,,2023-12-03,SQ *BON ME - BIN,-15.49,,,,2023-12-01,Sapphire Preferred,Social food/drinks
1411,,2023-12-03,SQ *KILLINGTON &amp; PICO MOU,-168.54,,,,2023-12-01,Sapphire Preferred,Necessary meals
1412,,2023-12-03,SQ *SOWA BOSTON,-8.56,,,,2023-12-01,Sapphire Preferred,Necessary meals
1413,,2023-12-03,SQ *SOWA POWER STATION,-10.0,,,,2023-12-01,Sapphire Preferred,Necessary meals
1414,,2023-12-03,SQ *SOWA WINTER MARKET,-22.0,,,,2023-12-01,Sapphire Preferred,Social food/drinks
1415,,2023-12-03,SUPREME LIQUORS CAMBRIDG,-36.23,,,,2023-12-01,Sapphire Preferred,Entertainment
1416,,2023-12-03,TST* ACEITUNA CAFE,-17.19,,,,2023-12-01,Sapphire Preferred,Entertainment
1417,,2023-12-04,Amazon Prime*3M9417RY3,-8.11,,,,2023-12-01,Sapphire Preferred,Necessary meals
1418,,2023-12-04,CARRIE NATION,-88.0,,,,2023-12-01,Sapphire Preferred,Social food/drinks
1419,,2023-12-04,CHIPOTLE 1615,-10.81,,,,2023-12-01,Sapphire Preferred,Necessary meals
1420,,2023-12-04,SOUTH END PITA,-25.1,,,,2023-12-01,Sapphire Preferred,Grocery
1421,DEBIT,2023-12-04,VENMO            PAYMENT    1031044313680   WEB ID: 3264681992,-148.15,ACH_DEBIT,9681.74,,2023-12-01,,Bills
1422,DEBIT,2023-12-04,VENMO            PAYMENT    1031044316249   WEB ID: 3264681992,-90.0,ACH_DEBIT,9591.74,,2023-12-01,,Necessary meals
1423,,2023-12-05,CVS/PHARMACY #11242,-27.71,,,,2023-12-01,Sapphire Preferred,Bills
1424,DEBIT,2023-12-05,LPCRESIDENT3-225 WEB PMTS   BLK1CF          WEB ID: 9000326709,-3956.0,ACH_DEBIT,5571.07,,2023-12-01,,Venmo/Cash
1425,,2023-12-05,MIT RECREATION -ONLINE,-15.0,,,,2023-12-01,Sapphire Preferred,Necessary meals
1426,,2023-12-05,Ralph Lauren Corporation,72.0,,,,2023-12-01,Sapphire Preferred,Bills
1427,DEBIT,2023-12-05,VENMO            PAYMENT    1031073412580   WEB ID: 3264681992,-64.67,ACH_DEBIT,9527.07,,2023-12-01,,Venmo/Cash
1428,,2023-12-05,Wagamama USA LLC,-18.73,,,,2023-12-01,Sapphire Preferred,Shopping
1429,,2023-12-06,Amazon.com*8J4J23PX3,-26.36,,,,2023-12-01,Sapphire Preferred,Grocery
1430,,2023-12-06,CHIPOTLE ONLINE,-10.11,,,,2023-12-01,Sapphire Preferred,Medication
1431,,2023-12-06,IC* INSTACART,-49.94,,,,2023-12-01,Sapphire Preferred,Shopping
1432,,2023-12-06,SQ *CROSSROADS PRESENTS L,-5.0,,,,2023-12-01,Sapphire Preferred,Grocery
1433,,2023-12-06,TST* ACEITUNA CAFE,-17.19,,,,2023-12-01,Sapphire Preferred,Necessary meals
1434,,2023-12-07,BROTHERS MARKETPLACE #404,-7.28,,,,2023-12-01,Sapphire Preferred,Medication
1435,,2023-12-07,TST* BB.Q CHICKEN USA - K,-30.42,,,,2023-12-01,Sapphire Preferred,Subscriptions
1436,DEBIT,2023-12-07,VENMO            PAYMENT    1031119595590   WEB ID: 3264681992,-17.58,ACH_DEBIT,5553.49,,2023-12-01,,Necessary meals
1437,,2023-12-08,SQ *BON ME TEST KITCHEN,-39.79,,,,2023-12-01,Sapphire Preferred,Social food/drinks
1438,,2023-12-08,TST* ACEITUNA CAFE,-17.19,,,,2023-12-01,Sapphire Preferred,Entertainment
1439,DEBIT,2023-12-08,VENMO            PAYMENT    1031128657864   WEB ID: 3264681992,-41.35,ACH_DEBIT,5512.14,,2023-12-01,,Necessary meals
1440,,2023-12-08,ZUMA BOSTON,-166.51,,,,2023-12-01,Sapphire Preferred,Necessary meals
1441,,2023-12-10,99 RESTAURANT #99,-15.4,,,,2023-12-01,Sapphire Preferred,Medication
1442,,2023-12-10,SQ *K-1 BREW BAR,-16.52,,,,2023-12-01,Sapphire Preferred,Subscriptions
1443,,2023-12-10,SQ *K-1 FOOD COURT,-28.05,,,,2023-12-01,Sapphire Preferred,Travel
1444,,2023-12-10,SQ *SNOWSHED RETAIL,-3.18,,,,2023-12-01,Sapphire Preferred,Grocery
1445,,2023-12-10,TST* ACEITUNA CAFE,-17.19,,,,2023-12-01,Sapphire Preferred,Necessary meals
1446,,2023-12-10,Zipcar Extend OCT15,-84.64,,,,2023-12-01,Sapphire Preferred,Grocery
1447,,2023-12-11,BROTHERS MARKETPLACE #404,-11.76,,,,2023-12-01,Sapphire Preferred,Social food/drinks
1448,DEBIT,2023-12-11,COMCAST 8773102  263397871                  PPD ID: 0000213249,-39.99,ACH_DEBIT,5470.03,,2023-12-01,,Social food/drinks
1449,,2023-12-11,DUNKIN #346297 Q35,-2.38,,,,2023-12-01,Sapphire Preferred,Venmo/Cash
1450,DEBIT,2023-12-11,GOOGLE *Google Storag 855-836-3987 CA        12/11,-2.12,DEBIT_CARD,5510.02,,2023-12-01,,Venmo/Cash
1451,,2023-12-11,Subway 18073,-13.46,,,,2023-12-01,Sapphire Preferred,Venmo/Cash
1452,,2023-12-13,ASMARA RESTAURANT,-58.2,,,,2023-12-01,Sapphire Preferred,Social food/drinks
1453,,2023-12-13,BROTHERS MARKETPLACE #404,-16.93,,,,2023-12-01,Sapphire Preferred,Transit
1454,,2023-12-13,CHIPOTLE 1615,-10.81,,,,2023-12-01,Sapphire Preferred,Transit
1455,DEBIT,2023-12-13,EVERSOURCE       WEB_PAY    25322337112823  WEB ID: 1202042013,-62.31,ACH_DEBIT,1205.79,,2023-12-01,,Transit
1456,,2023-12-13,TST* ACEITUNA CAFE,-17.19,,,,2023-12-01,Sapphire Preferred,Social food/drinks
1457,DEBIT,2023-12-13,VENMO            PAYMENT    1031233014686   WEB ID: 3264681992,-132.0,ACH_DEBIT,1073.79,,2023-12-01,,Venmo/Cash
1458,,2023-12-14,Amazon.com*OA77948X3,-31.86,,,,2023-12-01,Sapphire Preferred,Venmo/Cash
1459,,2023-12-14,CHIPOTLE ONLINE,-10.11,,,,2023-12-01,Sapphire Preferred,Transit
1460,,2023-12-15,TST* CAFE LUNA - MAIN STR,-169.49,,,,2023-12-01,Sapphire Preferred,Transit
1461,,2023-12-17,BROTHERS MARKETPLACE #404,-14.25,,,,2023-12-01,Sapphire Preferred,Medication
1462,,2023-12-17,CHIPOTLE 1615,-10.81,,,,2023-12-01,Sapphire Preferred,Social food/drinks
1463,,2023-12-17,HONG KONG BOSTON,-25.5,,,,2023-12-01,Sapphire Preferred,Venmo/Cash
1464,,2023-12-17,HONG KONG BOSTON,-20.75,,,,2023-12-01,Sapphire Preferred,Venmo/Cash
1465,,2023-12-17,HONG KONG BOSTON,-20.75,,,,2023-12-01,Sapphire Preferred,Social food/drinks
1466,,2023-12-18,CENTRAL PARK LIQUOR OF ST,-3.99,,,,2023-12-01,Sapphire Preferred,Social food/drinks
1467,,2023-12-18,TST* BERKSHIRE FARM MARKE,-14.22,,,,2023-12-01,Sapphire Preferred,Transit
1468,,2023-12-18,TST* BERKSHIRE FARM MARKE,-1.34,,,,2023-12-01,Sapphire Preferred,Clothing
1469,DEBIT,2023-12-18,VENMO            PAYMENT    1031310535217   WEB ID: 3264681992,-13.89,ACH_DEBIT,4652.75,,2023-12-01,,Social food/drinks
1470,DEBIT,2023-12-18,VENMO            PAYMENT    1031311936110   WEB ID: 3264681992,-15.13,ACH_DEBIT,4666.64,,2023-12-01,,Social food/drinks
1471,DEBIT,2023-12-18,VENMO            PAYMENT    1031323475327   WEB ID: 3264681992,-25.79,ACH_DEBIT,4626.96,,2023-12-01,,Social food/drinks
1472,DEBIT,2023-12-18,VENMO            PAYMENT    1031358331677   WEB ID: 3264681992,-170.0,ACH_DEBIT,4456.96,,2023-12-01,,Social food/drinks
1473,,2023-12-18,WENDY'S 3936,-2.37,,,,2023-12-01,Sapphire Preferred,Social food/drinks
1474,,2023-12-18,Zipcar Monthly Plan,-8.5,,,,2023-12-01,Sapphire Preferred,Entertainment
1475,,2023-12-19,FOUR POINTS LODGE,-26.23,,,,2023-12-01,Sapphire Preferred,Entertainment
1476,,2023-12-19,T BAR AT STEAMBOAT,-51.0,,,,2023-12-01,Sapphire Preferred,Social food/drinks
1477,,2023-12-19,T BAR AT STEAMBOAT,-9.0,,,,2023-12-01,Sapphire Preferred,Social food/drinks
1478,,2023-12-19,T BAR AT STEAMBOAT,-6.0,,,,2023-12-01,Sapphire Preferred,Subscriptions
1479,,2023-12-20,BOOMERANG SPORTS EXCHANGE,-108.39,,,,2023-12-01,Sapphire Preferred,Entertainment
1480,,2023-12-21,Ralph Lauren Corporation,-203.04,,,,2023-12-01,Sapphire Preferred,Social food/drinks
1481,,2023-12-21,THUNDERHEAD RESTAURANT,-21.23,,,,2023-12-01,Sapphire Preferred,Travel
1482,DEBIT,2023-12-21,TJX REWARDS      PAYMENT    524366300420838 WEB ID: 9130142001,-83.33,ACH_DEBIT,4373.63,,2023-12-01,,Necessary meals
1483,,2023-12-22,FOUR POINTS LODGE,-38.67,,,,2023-12-01,Sapphire Preferred,Shopping
1484,,2023-12-24,SLOPESIDE GRILL,-46.97,,,,2023-12-01,Sapphire Preferred,Bills
1485,,2023-12-24,UNITED      0162350633201,-260.08,,,,2023-12-01,Sapphire Preferred,Shopping
1486,,2023-12-24,WENDY'S 3936,-10.82,,,,2023-12-01,Sapphire Preferred,Social food/drinks
1487,,2023-12-26,OTSUKA RAMEN &amp; BAR,-30.42,,,,2023-12-01,Sapphire Preferred,Entertainment
1488,,2023-12-28,Subway 64335,-9.73,,,,2023-12-01,Sapphire Preferred,Travel
1489,,2023-12-28,TST* SWEET PARIS - BAYBRO,-19.83,,,,2023-12-01,Sapphire Preferred,Social food/drinks
1490,,2024-01-01,TST* ROCK NUETNEYS,-13.38,,,,2024-01-01,Sapphire Preferred,Necessary meals
1491,DEBIT,2024-01-02,GOOGLE *RelayForReddi 855-836-3987 CA        01/01,-2.15,DEBIT_CARD,8348.03,,2024-01-01,,Bills
1492,,2024-01-04,Amazon Prime*931PM4FU3,-8.11,,,,2024-01-01,Sapphire Preferred,Social food/drinks
1493,,2024-01-04,GEN KOREAN BBQ HOUSE,-77.01,,,,2024-01-01,Sapphire Preferred,Grocery
1494,DEBIT,2024-01-04,LPCRESIDENT3-225 WEB PMTS   G9S1KF          WEB ID: 9000326709,-3956.0,ACH_DEBIT,4392.03,,2024-01-01,,Grocery
1495,,2024-01-04,TARGET        00033423,-22.72,,,,2024-01-01,Sapphire Preferred,Bills
1496,,2024-01-04,TERRY BLACKS BARBECUE,-109.24,,,,2024-01-01,Sapphire Preferred,Necessary meals
1497,,2024-01-05,BUC-EE'S #28,-16.22,,,,2024-01-01,Sapphire Preferred,Necessary meals
1498,,2024-01-05,PBS AUSTIN CONGRESS,-78.61,,,,2024-01-01,Sapphire Preferred,Venmo/Cash
1499,,2024-01-05,WESTWOODS LIQUOR,-23.8,,,,2024-01-01,Sapphire Preferred,Bills
1500,,2024-01-07,COURTYARD BY MARRIOTT,-469.56,,,,2024-01-01,Sapphire Preferred,Necessary meals
1501,,2024-01-07,FIRST WATCH - 0285,-36.89,,,,2024-01-01,Sapphire Preferred,Necessary meals
1502,,2024-01-07,GEORGE JOHNSON DDS LEAGUE,-275.0,,,,2024-01-01,Sapphire Preferred,Entertainment
1503,,2024-01-07,SEVEN GRAND AUSTIN,-29.96,,,,2024-01-01,Sapphire Preferred,Social food/drinks
1504,,2024-01-07,SEVEN GRAND AUSTIN,-8.66,,,,2024-01-01,Sapphire Preferred,Venmo/Cash
1505,,2024-01-08,BROTHERS MARKETPLACE #404,-44.7,,,,2024-01-01,Sapphire Preferred,Venmo/Cash
1506,,2024-01-08,BROTHERS MARKETPLACE #404,-15.78,,,,2024-01-01,Sapphire Preferred,Bills
1507,,2024-01-08,TST* PANDA EXPRESS - IHA,-9.85,,,,2024-01-01,Sapphire Preferred,Subscriptions
1508,DEBIT,2024-01-08,VENMO            PAYMENT    1031765431044   WEB ID: 3264681992,-6.5,ACH_DEBIT,4385.53,,2024-01-01,,Social food/drinks
1509,,2024-01-09,Amazon.com*TK06R9BW1,-22.23,,,,2024-01-01,Sapphire Preferred,Venmo/Cash
1510,,2024-01-10,TST* ACEITUNA CAFE,-15.99,,,,2024-01-01,Sapphire Preferred,Necessary meals
1511,,2024-01-11,CHIPOTLE 1615,-10.11,,,,2024-01-01,Sapphire Preferred,Necessary meals
1512,DEBIT,2024-01-11,COMCAST 8773102  263397871                  PPD ID: 0000213249,-39.99,ACH_DEBIT,4287.61,,2024-01-01,,Social food/drinks
1513,DEBIT,2024-01-11,EVERSOURCE       WEB_PAY    28783876122723  WEB ID: 1202042013,-55.81,ACH_DEBIT,4327.6,,2024-01-01,,Grocery
1514,DEBIT,2024-01-11,GOOGLE *Google Storag 855-836-3987 CA        01/11,-2.12,DEBIT_CARD,4383.41,,2024-01-01,,Necessary meals
1515,,2024-01-11,UNITED      0162355023570,-496.11,,,,2024-01-01,Sapphire Preferred,Bills
1516,,2024-01-12,UNITED      0162355024523,0.97,,,,2024-01-01,Sapphire Preferred,Necessary meals
1517,,2024-01-14,CHIPOTLE 1615,-20.92,,,,2024-01-01,Sapphire Preferred,Social food/drinks
1518,,2024-01-14,SQ *LORD HOBO BREWING WOB,-7.49,,,,2024-01-01,Sapphire Preferred,Venmo/Cash
1519,,2024-01-14,TST* ACEITUNA CAFE,-18.68,,,,2024-01-01,Sapphire Preferred,Venmo/Cash
1520,,2024-01-14,TST* ACEITUNA CAFE,-18.23,,,,2024-01-01,Sapphire Preferred,Subscriptions
1521,,2024-01-14,TST* FLAT TOP JOHNNYS,-136.11,,,,2024-01-01,Sapphire Preferred,Social food/drinks
1522,,2024-01-15,BROTHERS MARKETPLACE #404,-19.19,,,,2024-01-01,Sapphire Preferred,Social food/drinks
1523,,2024-01-15,SQ *MARTIN'S COFFEE SHOP,-29.51,,,,2024-01-01,Sapphire Preferred,Social food/drinks
1524,,2024-01-15,TST* PHOENIX LANDING,-38.24,,,,2024-01-01,Sapphire Preferred,Grocery
1525,DEBIT,2024-01-16,VENMO            PAYMENT    1031908452860   WEB ID: 3264681992,-3.72,ACH_DEBIT,4698.15,,2024-01-01,,Entertainment
1526,DEBIT,2024-01-16,VENMO            PAYMENT    1031912877768   WEB ID: 3264681992,-200.0,ACH_DEBIT,4701.87,,2024-01-01,,Venmo/Cash
1527,,2024-01-17,BROTHERS MARKETPLACE #404,-17.81,,,,2024-01-01,Sapphire Preferred,Necessary meals
1528,,2024-01-18,CHIPOTLE ONLINE,-10.81,,,,2024-01-01,Sapphire Preferred,Necessary meals
1529,,2024-01-18,Zipcar Monthly Plan,-8.5,,,,2024-01-01,Sapphire Preferred,Social food/drinks
1530,,2024-01-19,TST* FLAT TOP JOHNNYS,-76.67,,,,2024-01-01,Sapphire Preferred,Necessary meals
1531,,2024-01-21,BROTHERS MARKETPLACE #404,-39.78,,,,2024-01-01,Sapphire Preferred,Social food/drinks
1532,,2024-01-21,BROTHERS MARKETPLACE #404,-14.75,,,,2024-01-01,Sapphire Preferred,Necessary meals
1533,,2024-01-21,CHIPOTLE 1615,-13.7,,,,2024-01-01,Sapphire Preferred,Bills
1534,,2024-01-21,CVS/PHARMACY #11242,-27.5,,,,2024-01-01,Sapphire Preferred,Social food/drinks
1535,,2024-01-21,Subway 58339,-12.53,,,,2024-01-01,Sapphire Preferred,Travel
1536,,2024-01-21,TST* ACEITUNA CAFE,-18.68,,,,2024-01-01,Sapphire Preferred,Clothing
1537,,2024-01-21,TST* THE HARP - BOSTON,-15.98,,,,2024-01-01,Sapphire Preferred,Social food/drinks
1538,,2024-01-21,TST* THE HARP - BOSTON,-10.0,,,,2024-01-01,Sapphire Preferred,Social food/drinks
1539,,2024-01-21,TST* THE HARP - BOSTON,-8.99,,,,2024-01-01,Sapphire Preferred,Social food/drinks
1540,,2024-01-22,JOE'S NEWBURY,-93.75,,,,2024-01-01,Sapphire Preferred,Travel
1541,,2024-01-22,LYONS LIQUORS,-14.41,,,,2024-01-01,Sapphire Preferred,Venmo/Cash
1542,,2024-01-22,NikePOS_US,-23.0,,,,2024-01-01,Sapphire Preferred,Venmo/Cash
1543,DEBIT,2024-01-22,VENMO            PAYMENT    1032038684672   WEB ID: 3264681992,-20.49,ACH_DEBIT,4707.66,,2024-01-01,,Venmo/Cash
1544,DEBIT,2024-01-22,VENMO            PAYMENT    1032038929078   WEB ID: 3264681992,-14.61,ACH_DEBIT,4693.05,,2024-01-01,,Venmo/Cash
1545,DEBIT,2024-01-22,VENMO            PAYMENT    1032054263530   WEB ID: 3264681992,-13.29,ACH_DEBIT,4655.76,,2024-01-01,,Venmo/Cash
1546,DEBIT,2024-01-22,VENMO            PAYMENT    1032054885876   WEB ID: 3264681992,-24.0,ACH_DEBIT,4669.05,,2024-01-01,,Venmo/Cash
1547,,2024-01-23,AMZN Mktp US*R817G8952,-17.31,,,,2024-01-01,Sapphire Preferred,Travel
1548,,2024-01-23,TST* ACEITUNA CAFE,-15.99,,,,2024-01-01,Sapphire Preferred,Travel
1549,DEBIT,2024-01-23,VENMO            PAYMENT    1032059064179   WEB ID: 3264681992,-19.0,ACH_DEBIT,4486.54,,2024-01-01,,Grocery
1550,DEBIT,2024-01-23,VENMO            PAYMENT    1032059065227   WEB ID: 3264681992,-17.03,ACH_DEBIT,4469.51,,2024-01-01,,Grocery
1551,DEBIT,2024-01-23,VENMO            PAYMENT    1032059066420   WEB ID: 3264681992,-49.0,ACH_DEBIT,4554.76,,2024-01-01,,Travel
1552,DEBIT,2024-01-23,VENMO            PAYMENT    1032059066935   WEB ID: 3264681992,-26.73,ACH_DEBIT,4528.03,,2024-01-01,,Necessary meals
1553,DEBIT,2024-01-23,VENMO            PAYMENT    1032059069320   WEB ID: 3264681992,-52.0,ACH_DEBIT,4603.76,,2024-01-01,,Social food/drinks
1554,DEBIT,2024-01-23,VENMO            PAYMENT    1032059142166   WEB ID: 3264681992,-22.49,ACH_DEBIT,4505.54,,2024-01-01,,Venmo/Cash
1555,DEBIT,2024-01-23,VENMO            PAYMENT    1032060001908   WEB ID: 3264681992,-8.39,ACH_DEBIT,4461.12,,2024-01-01,,Social food/drinks
1556,,2024-01-24,BROTHERS MARKETPLACE #404,-15.3,,,,2024-01-01,Sapphire Preferred,Social food/drinks
1557,,2024-01-24,CVS/PHARMACY #11242,-7.96,,,,2024-01-01,Sapphire Preferred,Necessary meals
1558,,2024-01-24,SUNDAY RIVER RESORT ECOMM,-132.0,,,,2024-01-01,Sapphire Preferred,Necessary meals
1559,,2024-01-24,TST* ACEITUNA CAFE,-18.23,,,,2024-01-01,Sapphire Preferred,Grocery
1560,,2024-01-25,AMZN Mktp US*R05F66S80,-33.95,,,,2024-01-01,Sapphire Preferred,Necessary meals
1561,,2024-01-25,AMZN Mktp US*R80SX49H1,-16.99,,,,2024-01-01,Sapphire Preferred,Shopping
1562,,2024-01-25,CHIPOTLE ONLINE,-11.0,,,,2024-01-01,Sapphire Preferred,Social food/drinks
1563,,2024-01-25,IC* INSTACART,-49.74,,,,2024-01-01,Sapphire Preferred,Social food/drinks
1564,,2024-01-28,CHIPOTLE ONLINE,-10.81,,,,2024-01-01,Sapphire Preferred,Necessary meals
1565,,2024-01-28,CVS/PHARMACY #11242,-4.56,,,,2024-01-01,Sapphire Preferred,Social food/drinks
1566,,2024-01-28,GRUBHUBFUJIATKENDALL,-24.61,,,,2024-01-01,Sapphire Preferred,Social food/drinks
1567,,2024-01-28,HEI LA MOON RESTAURANT,-130.93,,,,2024-01-01,Sapphire Preferred,Social food/drinks
1568,,2024-01-28,SQ *CILANTRO,-17.82,,,,2024-01-01,Sapphire Preferred,Clothing
1569,,2024-01-29,SUNDAY RIVER F &amp; B,-25.2,,,,2024-01-01,Sapphire Preferred,Subscriptions
1570,DEBIT,2024-01-29,VENMO            PAYMENT    1032178121216   WEB ID: 3264681992,-5.84,ACH_DEBIT,4455.28,,2024-01-01,,Social food/drinks
1571,,2024-01-30,CHIPOTLE ONLINE,-11.98,,,,2024-01-01,Sapphire Preferred,Venmo/Cash
1572,,2024-01-30,SUNDAY RIVER F &amp; B,-39.42,,,,2024-01-01,Sapphire Preferred,Venmo/Cash
1573,,2024-01-31,CHIPOTLE 1615,-10.81,,,,2024-01-01,Sapphire Preferred,Grocery
1574,,2024-01-31,LUCKY STRIKE - 785 - BOST,-72.93,,,,2024-01-01,Sapphire Preferred,Necessary meals
1575,,2024-01-31,LUCKY STRIKE - 785 - BOST,-26.54,,,,2024-01-01,Sapphire Preferred,Shopping
1576,,2024-01-31,SQ *BON ME TEST KITCHEN,-15.25,,,,2024-01-01,Sapphire Preferred,Necessary meals
1577,,2024-01-31,TST* ACEITUNA CAFE,-18.68,,,,2024-01-01,Sapphire Preferred,Bills
1578,,2024-02-01,BROTHERS MARKETPLACE #404,-11.76,,,,2024-02-01,Sapphire Preferred,Subscriptions
1579,DEBIT,2024-02-01,GOOGLE *RelayForRedd g.co/helppay# CA        02/01,-2.15,DEBIT_CARD,7527.91,,2024-02-01,,Necessary meals
1580,,2024-02-01,LUCKY STRIKE - 785 - BOST,-10.0,,,,2024-02-01,Sapphire Preferred,Shopping
1581,,2024-02-01,LUCKY STRIKE - 785 - BOST,-10.0,,,,2024-02-01,Sapphire Preferred,Necessary meals
1582,DEBIT,2024-02-01,VENMO            PAYMENT    1032243897143   WEB ID: 3264681992,-10.87,ACH_DEBIT,7517.04,,2024-02-01,,Necessary meals
1583,DEBIT,2024-02-01,VENMO            PAYMENT    1032253504040   WEB ID: 3264681992,-185.23,ACH_DEBIT,7331.81,,2024-02-01,,Exercise
1584,,2024-02-02,TST* ACEITUNA CAFE,-18.68,,,,2024-02-01,Sapphire Preferred,Shopping
1585,,2024-02-04,Amazon Prime*R25N960V1,-5.36,,,,2024-02-01,Sapphire Preferred,Grocery
1586,,2024-02-04,CHIPOTLE 1615,-10.81,,,,2024-02-01,Sapphire Preferred,Social food/drinks
1587,,2024-02-04,CHIPOTLE ONLINE,-10.81,,,,2024-02-01,Sapphire Preferred,Clothing
1588,,2024-02-04,TST* ACEITUNA CAFE,-18.68,,,,2024-02-01,Sapphire Preferred,Necessary meals
1589,,2024-02-05,Amazon.com*R28TE3VK1,-45.24,,,,2024-02-01,Sapphire Preferred,Travel
1590,DEBIT,2024-02-05,LPCRESIDENT3-225 WEB PMTS   3W8LQF          WEB ID: 9000326709,-3956.0,ACH_DEBIT,3190.98,,2024-02-01,,Social food/drinks
1591,,2024-02-05,TARGET        00032227,-55.52,,,,2024-02-01,Sapphire Preferred,Social food/drinks
1592,DEBIT,2024-02-05,VENMO            PAYMENT    1032289025866   WEB ID: 3264681992,-184.83,ACH_DEBIT,7146.98,,2024-02-01,,Entertainment
1593,DEBIT,2024-02-05,VENMO            PAYMENT    1032317681692   WEB ID: 3264681992,-0.11,ACH_DEBIT,3190.87,,2024-02-01,,Entertainment
1594,DEBIT,2024-02-05,VENMO            PAYMENT    1032327604523   WEB ID: 3264681992,-4.26,ACH_DEBIT,3186.61,,2024-02-01,,Venmo/Cash
1595,,2024-02-06,BROTHERS MARKETPLACE #404,-4.29,,,,2024-02-01,Sapphire Preferred,Grocery
1596,,2024-02-06,TOSCANO RESTAURANT,-92.71,,,,2024-02-01,Sapphire Preferred,Necessary meals
1597,,2024-02-07,SQ *BON ME TEST KITCHEN,-29.79,,,,2024-02-01,Sapphire Preferred,Shopping
1598,,2024-02-07,TST* ACEITUNA CAFE,-18.68,,,,2024-02-01,Sapphire Preferred,Necessary meals
1599,,2024-02-08,PUTTSHACK BOSTON SEA.,-36.0,,,,2024-02-01,Sapphire Preferred,Venmo/Cash
1600,,2024-02-08,TST* PEPPER SKYS,-38.64,,,,2024-02-01,Sapphire Preferred,Venmo/Cash
1601,,2024-02-09,IC* INSTACART*SUBSCRIP,-99.0,,,,2024-02-01,Sapphire Preferred,Venmo/Cash
1602,,2024-02-09,TST* ACEITUNA CAFE,-18.23,,,,2024-02-01,Sapphire Preferred,Grocery
1603,,2024-02-11,DUNKIN #336422 Q35,-3.09,,,,2024-02-01,Sapphire Preferred,Social food/drinks
1604,,2024-02-11,FIESTA JALISCO,-234.33,,,,2024-02-01,Sapphire Preferred,Venmo/Cash
1605,,2024-02-11,SNOW.COM/VAIL RESORTS SKI,-123.0,,,,2024-02-01,Sapphire Preferred,Venmo/Cash
1606,,2024-02-11,SNOW.COM/VAIL RESORTS SKI,-55.0,,,,2024-02-01,Sapphire Preferred,Venmo/Cash
1607,,2024-02-11,Subway 262,-38.76,,,,2024-02-01,Sapphire Preferred,Bills
1608,,2024-02-11,TST* FIELD &amp; VINE,-81.41,,,,2024-02-01,Sapphire Preferred,Bills
1609,,2024-02-11,TST* TATTE BAKERY 3RD,-21.06,,,,2024-02-01,Sapphire Preferred,Necessary meals
1610,,2024-02-12,BROTHERS MARKETPLACE #404,-4.29,,,,2024-02-01,Sapphire Preferred,Travel
1611,DEBIT,2024-02-12,COMCAST 8773102  263397871                  PPD ID: 0000213249,-39.99,ACH_DEBIT,3243.5,,2024-02-01,,Social food/drinks
1612,,2024-02-12,DUNKIN #337608 Q35,-4.86,,,,2024-02-01,Sapphire Preferred,Bills
1613,DEBIT,2024-02-12,GOOGLE *Google Storag 855-836-3987 CA        02/11,-2.12,DEBIT_CARD,3283.49,,2024-02-01,,Social food/drinks
1614,DEBIT,2024-02-12,VENMO            PAYMENT    1032467895541   WEB ID: 3264681992,-4.47,ACH_DEBIT,121.26,,2024-02-01,,Entertainment
1615,,2024-02-13,CHIPOTLE 1615,-10.11,,,,2024-02-01,Sapphire Preferred,Social food/drinks
1616,DEBIT,2024-02-13,EVERSOURCE       WEB_PAY    32719056012924  WEB ID: 1202042013,-71.44,ACH_DEBIT,49.82,,2024-02-01,,Social food/drinks
1617,DEBIT,2024-02-13,VENMO            PAYMENT    1032502124119   WEB ID: 3264681992,-1.06,ACH_DEBIT,48.76,,2024-02-01,,Social food/drinks
1618,,2024-02-14,AMZN Mktp US*RI84I73Q2,-49.91,,,,2024-02-01,Sapphire Preferred,Social food/drinks
1619,,2024-02-14,BROTHERS MARKETPLACE #404,-11.76,,,,2024-02-01,Sapphire Preferred,Necessary meals
1620,,2024-02-14,CVS/PHARMACY #11242,-28.0,,,,2024-02-01,Sapphire Preferred,Social food/drinks
1621,,2024-02-15,AMZN Mktp US*RI3IN0DS0,-373.97,,,,2024-02-01,Sapphire Preferred,Social food/drinks
1622,,2024-02-15,BROTHERS MARKETPLACE #404,-18.98,,,,2024-02-01,Sapphire Preferred,Clothing
1623,,2024-02-16,CHIPOTLE ONLINE,-10.81,,,,2024-02-01,Sapphire Preferred,Social food/drinks
1624,,2024-02-16,CVS/PHARMACY #11242,-43.24,,,,2024-02-01,Sapphire Preferred,Venmo/Cash
1625,DEBIT,2024-02-16,THE ATHLETIC HTTPSTHEATHLE CA                02/16,-59.99,DEBIT_CARD,3149.69,,2024-02-01,,Venmo/Cash
1626,,2024-02-16,TST* ACEITUNA CAFE,-18.68,,,,2024-02-01,Sapphire Preferred,Venmo/Cash
1627,,2024-02-18,CARRIE NATION,-54.6,,,,2024-02-01,Sapphire Preferred,Travel
1628,,2024-02-18,PALISADES TAHOE ALPINE,-75.56,,,,2024-02-01,Sapphire Preferred,Grocery
1629,,2024-02-18,Subway 10538,-12.83,,,,2024-02-01,Sapphire Preferred,Shopping
1630,,2024-02-18,TST* ACEITUNA CAFE,-18.68,,,,2024-02-01,Sapphire Preferred,Social food/drinks
1631,,2024-02-18,VINTAGE LOUNGE,-113.3,,,,2024-02-01,Sapphire Preferred,Social food/drinks
1632,,2024-02-18,Zipcar Monthly Plan,-8.5,,,,2024-02-01,Sapphire Preferred,Grocery
1633,,2024-02-18,Zipcar Trip FEB17,-82.33,,,,2024-02-01,Sapphire Preferred,Exercise
1634,,2024-02-19,BROTHERS MARKETPLACE #404,-4.99,,,,2024-02-01,Sapphire Preferred,Social food/drinks
1635,,2024-02-19,CHIPOTLE ONLINE,-10.81,,,,2024-02-01,Sapphire Preferred,Exercise
1636,,2024-02-19,H MART SAN FRANCISCO LLC,-126.93,,,,2024-02-01,Sapphire Preferred,Entertainment
1637,,2024-02-19,SQ *DAEHO KALBI JJIM &amp; BE,-28.24,,,,2024-02-01,Sapphire Preferred,Necessary meals
1638,,2024-02-19,SQ *HONG KONG BAN JEOM,-1.63,,,,2024-02-01,Sapphire Preferred,Necessary meals
1639,DEBIT,2024-02-20,VENMO            PAYMENT    1032597111876   WEB ID: 3264681992,-0.85,ACH_DEBIT,3140.77,,2024-02-01,,Necessary meals
1640,DEBIT,2024-02-20,VENMO            PAYMENT    1032608254583   WEB ID: 3264681992,-8.07,ACH_DEBIT,3141.62,,2024-02-01,,Subscriptions
1641,DEBIT,2024-02-20,VENMO            PAYMENT    1032641495747   WEB ID: 3264681992,-9.32,ACH_DEBIT,3131.45,,2024-02-01,,Entertainment
1642,,2024-02-21,LI PO LOUNGE,-68.0,,,,2024-02-01,Sapphire Preferred,Necessary meals
1643,,2024-02-21,TST* EL PORTENO - FERRY B,-17.39,,,,2024-02-01,Sapphire Preferred,Necessary meals
1644,,2024-02-22,LIME*RIDE COST,-8.27,,,,2024-02-01,Sapphire Preferred,Social food/drinks
1645,,2024-02-22,LIME*RIDE COST,-6.47,,,,2024-02-01,Sapphire Preferred,Necessary meals
1646,,2024-02-22,SQ *POKE BAR,-19.8,,,,2024-02-01,Sapphire Preferred,Social food/drinks
1647,DEBIT,2024-02-22,VENMO            PAYMENT    1032674794342   WEB ID: 3264681992,-7.04,ACH_DEBIT,3124.41,,2024-02-01,,Social food/drinks
1648,DEBIT,2024-02-22,VENMO            PAYMENT    1032679436313   WEB ID: 3264681992,-6.39,ACH_DEBIT,3118.02,,2024-02-01,,Social food/drinks
1649,,2024-02-23,CALTRAIN,-10.5,,,,2024-02-01,Sapphire Preferred,Entertainment
1650,,2024-02-23,CALTRAIN,-10.5,,,,2024-02-01,Sapphire Preferred,Social food/drinks
1651,,2024-02-23,CVS/PHARMACY #11107,-40.15,,,,2024-02-01,Sapphire Preferred,Social food/drinks
1652,,2024-02-23,SF ORGANICA,-4.49,,,,2024-02-01,Sapphire Preferred,Social food/drinks
1653,DEBIT,2024-02-23,VENMO            PAYMENT    1032696408471   WEB ID: 3264681992,-9.32,ACH_DEBIT,3108.7,,2024-02-01,,Venmo/Cash
1654,DEBIT,2024-02-23,VENMO            PAYMENT    1032696997839   WEB ID: 3264681992,-7.37,ACH_DEBIT,3101.33,,2024-02-01,,Venmo/Cash
1655,,2024-02-25,OH! BURGER,-30.36,,,,2024-02-01,Sapphire Preferred,Necessary meals
1656,,2024-02-26,BLUEBIRD PALISADES,-22.73,,,,2024-02-01,Sapphire Preferred,Social food/drinks
1657,,2024-02-26,CHEVRON 0072862,-40.21,,,,2024-02-01,Sapphire Preferred,Social food/drinks
1658,,2024-02-26,KTEES LOGO WEAR,-69.11,,,,2024-02-01,Sapphire Preferred,Social food/drinks
1659,,2024-02-26,LE CHAMOIS &amp; THE LOFT BAR,-70.0,,,,2024-02-01,Sapphire Preferred,Social food/drinks
1660,,2024-02-26,PALISADES BANQUETS,-13.18,,,,2024-02-01,Sapphire Preferred,Shopping
1661,,2024-02-26,TAHOE STATE RECREATION AR,-5.0,,,,2024-02-01,Sapphire Preferred,Bills
1662,,2024-02-28,BRIGHTON RESORT F &amp; B,-20.68,,,,2024-02-01,Sapphire Preferred,Social food/drinks
1663,,2024-02-28,OH MAI DOWNTOWN,-49.1,,,,2024-02-01,Sapphire Preferred,Social food/drinks
1664,,2024-02-28,SKI 'N SEE - SALT LAKE CI,-123.55,,,,2024-02-01,Sapphire Preferred,Grocery
1665,,2024-02-28,SQ *ALTA SKI AREA F&amp;B - A,-12.08,,,,2024-02-01,Sapphire Preferred,Necessary meals
1666,,2024-02-28,TST* THIRST DRINKS- DOWNT,-3.02,,,,2024-02-01,Sapphire Preferred,Medication
1667,,2024-03-01,CREEKSIDE CAFE,-96.22,,,,2024-03-01,Sapphire Preferred,Necessary meals
1668,DEBIT,2024-03-01,GOOGLE *RelayForRedd g.co/helppay# CA        03/01,-2.15,DEBIT_CARD,6495.26,,2024-03-01,,Social food/drinks
1669,,2024-03-01,TIBURON LOCKERS INC,-11.0,,,,2024-03-01,Sapphire Preferred,Shopping
1670,,2024-03-01,TST* SPITZ - SUGARHOUSE,-48.12,,,,2024-03-01,Sapphire Preferred,Necessary meals
1671,,2024-03-01,UNITED      0162368640557,-549.1,,,,2024-03-01,Sapphire Preferred,Venmo/Cash
1672,,2024-03-03,Subway 64335,-10.38,,,,2024-03-01,Sapphire Preferred,Social food/drinks
1673,,2024-03-04,Amazon Prime*RN30Z2HY0,-8.11,,,,2024-03-01,Sapphire Preferred,Social food/drinks
1674,DEBIT,2024-03-04,LPCRESIDENT3-225 WEB PMTS   3KX3XF          WEB ID: 9000326709,-3956.0,ACH_DEBIT,2539.26,,2024-03-01,,Necessary meals
1675,,2024-03-06,AMZN Mktp US*RZ9MN7DW1,-96.34,,,,2024-03-01,Sapphire Preferred,Social food/drinks
1676,,2024-03-08,ALAMO DRFTHS SEAPORT RET,-32.76,,,,2024-03-01,Sapphire Preferred,Necessary meals
1677,,2024-03-10,AXS.COMRODEO HOUSTON,-21.0,,,,2024-03-01,Sapphire Preferred,Necessary meals
1678,,2024-03-10,GARLANDS DEL RIO,-542.64,,,,2024-03-01,Sapphire Preferred,Social food/drinks
1679,,2024-03-10,SQ *BIG FAT BACON,-21.65,,,,2024-03-01,Sapphire Preferred,Social food/drinks
1680,,2024-03-11,10078D CAVA KENDALL SQ,-13.75,,,,2024-03-01,Sapphire Preferred,Venmo/Cash
1681,DEBIT,2024-03-11,COMCAST 8773102  263397871                  PPD ID: 0000213249,-39.99,ACH_DEBIT,6696.18,,2024-03-01,,Necessary meals
1682,,2024-03-11,SONIC DRIVE IN #1122,-11.43,,,,2024-03-01,Sapphire Preferred,Entertainment
1683,,2024-03-12,BROTHERS MARKETPLACE #404,-21.52,,,,2024-03-01,Sapphire Preferred,Subscriptions
1684,,2024-03-12,BROTHERS MARKETPLACE #404,-4.99,,,,2024-03-01,Sapphire Preferred,Necessary meals
1685,DEBIT,2024-03-12,GOOGLE *Google Storag 855-836-3987 CA        03/11,-2.12,DEBIT_CARD,6694.06,,2024-03-01,,Necessary meals
1686,,2024-03-12,IAH KPRC CHANNEL 2 TRV,-4.39,,,,2024-03-01,Sapphire Preferred,Entertainment
1687,,2024-03-12,TST* TERMINAL C FRESHENS,-11.9,,,,2024-03-01,Sapphire Preferred,Entertainment
1688,DEBIT,2024-03-12,VENMO            PAYMENT    1033071886681   WEB ID: 3264681992,-24.03,ACH_DEBIT,6670.03,,2024-03-01,,Necessary meals
1689,DEBIT,2024-03-13,EVERSOURCE       WEB_PAY    36366467022824  WEB ID: 1202042013,-87.67,ACH_DEBIT,4160.77,,2024-03-01,,Venmo/Cash
1690,,2024-03-13,TST* ACEITUNA CAFE,-15.99,,,,2024-03-01,Sapphire Preferred,Social food/drinks
1691,,2024-03-14,CHIPOTLE ONLINE,-10.81,,,,2024-03-01,Sapphire Preferred,Social food/drinks
1692,,2024-03-14,TM TICKETMASTER,-86.43,,,,2024-03-01,Sapphire Preferred,Travel
1693,,2024-03-14,TST* MIDA RESTAURANT,-315.03,,,,2024-03-01,Sapphire Preferred,Bills
1694,DEBIT,2024-03-14,VENMO            PAYMENT    1033120036810   WEB ID: 3264681992,-1.06,ACH_DEBIT,4159.71,,2024-03-01,,Necessary meals
1695,DEBIT,2024-03-14,VENMO            PAYMENT    1033120060372   WEB ID: 3264681992,-0.11,ACH_DEBIT,4159.6,,2024-03-01,,Necessary meals
1696,,2024-03-15,INTUIT *TURBOTAX,-189.13,,,,2024-03-01,Sapphire Preferred,Shopping
1697,DEBIT,2024-03-15,Nintendo CD1171800377 800-2553700 WA         03/15,-21.24,DEBIT_CARD,7192.72,,2024-03-01,,Necessary meals
1698,,2024-03-15,TST* DIRTY WATER DOUGH -,-14.77,,,,2024-03-01,Sapphire Preferred,Entertainment
1699,DEBIT,2024-03-15,VENMO            PAYMENT    1033137007372   WEB ID: 3264681992,-1.06,ACH_DEBIT,7213.96,,2024-03-01,,Shopping
1700,,2024-03-17,Subway 31620,-11.76,,,,2024-03-01,Sapphire Preferred,Grocery
1701,,2024-03-17,TST* ACEITUNA CAFE,-15.99,,,,2024-03-01,Sapphire Preferred,Grocery
1702,,2024-03-18,AMK MUSIC HALL CONCESSION,-16.64,,,,2024-03-01,Sapphire Preferred,Necessary meals
1703,,2024-03-18,BROTHERS MARKETPLACE #404,-2.99,,,,2024-03-01,Sapphire Preferred,Necessary meals
1704,,2024-03-18,CHIPOTLE ONLINE,-10.11,,,,2024-03-01,Sapphire Preferred,Necessary meals
1705,DEBIT,2024-03-18,IRS              USATAXPYMT                 PPD ID: 3387702000,-1214.0,ACH_DEBIT,5978.72,,2024-03-01,,Venmo/Cash
1706,,2024-03-18,SQ *METRO BOSTON VENDING,-9.63,,,,2024-03-01,Sapphire Preferred,Venmo/Cash
1707,,2024-03-18,TST* SCORES - BOSTON,-75.97,,,,2024-03-01,Sapphire Preferred,Venmo/Cash
1708,DEBIT,2024-03-18,VENMO            PAYMENT    1033159191267   WEB ID: 3264681992,-1.06,ACH_DEBIT,5977.66,,2024-03-01,,Travel
1709,DEBIT,2024-03-18,VENMO            PAYMENT    1033186387554   WEB ID: 3264681992,-14.55,ACH_DEBIT,5963.11,,2024-03-01,,Grocery
1710,,2024-03-18,Zipcar Monthly Plan,-8.5,,,,2024-03-01,Sapphire Preferred,Social food/drinks
1711,,2024-03-19,BELL IN HAND TAVERN,-91.37,,,,2024-03-01,Sapphire Preferred,Entertainment
1712,,2024-03-19,BIG NIGHT LIVE,-63.85,,,,2024-03-01,Sapphire Preferred,Necessary meals
1713,,2024-03-19,BIG NIGHT LIVE,-25.54,,,,2024-03-01,Sapphire Preferred,Social food/drinks
1714,,2024-03-19,BROTHERS MARKETPLACE #404,-14.63,,,,2024-03-01,Sapphire Preferred,Transit
1715,,2024-03-19,Boston Ballet,-122.0,,,,2024-03-01,Sapphire Preferred,Transit
1716,DEBIT,2024-03-19,VENMO            PAYMENT    1033203284541   WEB ID: 3264681992,-0.85,ACH_DEBIT,5962.26,,2024-03-01,,Transit
1717,,2024-03-21,TST* ACEITUNA CAFE,-15.99,,,,2024-03-01,Sapphire Preferred,Transit
1718,,2024-03-22,10078D CAVA KENDALL SQ,-14.71,,,,2024-03-01,Sapphire Preferred,Transit
1719,,2024-03-22,SOMENYA RESTAURANT,-50.51,,,,2024-03-01,Sapphire Preferred,Social food/drinks
1720,,2024-03-22,TST* ACEITUNA CAFE,-15.99,,,,2024-03-01,Sapphire Preferred,Venmo/Cash
1721,,2024-03-22,TST* PURITAN AND COMPANY,-92.89,,,,2024-03-01,Sapphire Preferred,Transit
1722,,2024-03-24,CHIPOTLE 1615,-10.81,,,,2024-03-01,Sapphire Preferred,Transit
1723,,2024-03-24,RMV BOSTON,-115.0,,,,2024-03-01,Sapphire Preferred,Grocery
1724,,2024-03-24,TST* BOM DOUGH,-17.87,,,,2024-03-01,Sapphire Preferred,Venmo/Cash
1725,,2024-03-25,ALASKA AIR  0272365031376,-375.53,,,,2024-03-01,Sapphire Preferred,Grocery
1726,,2024-03-25,J CREW FACTORY #162,-106.5,,,,2024-03-01,Sapphire Preferred,Transit
1727,,2024-03-25,SCORPION BAR GRAND,-20.0,,,,2024-03-01,Sapphire Preferred,Transit
1728,,2024-03-25,SNACK* TEN ONE TEA HOU,-7.44,,,,2024-03-01,Sapphire Preferred,Transit
1729,,2024-03-25,UMBRIA,-136.63,,,,2024-03-01,Sapphire Preferred,Social food/drinks
1730,,2024-03-25,UNITED      0162375185730,-425.72,,,,2024-03-01,Sapphire Preferred,Social food/drinks
1731,DEBIT,2024-03-25,VENMO            PAYMENT    1033321953859   WEB ID: 3264681992,-118.6,ACH_DEBIT,5578.96,,2024-03-01,,Grocery
1732,DEBIT,2024-03-25,VENMO            PAYMENT    1033321969787   WEB ID: 3264681992,-124.23,ACH_DEBIT,5697.56,,2024-03-01,,Bills
1733,DEBIT,2024-03-25,VENMO            PAYMENT    1033321985052   WEB ID: 3264681992,-45.32,ACH_DEBIT,5533.64,,2024-03-01,,Bills
1734,DEBIT,2024-03-25,VENMO            PAYMENT    1033321997153   WEB ID: 3264681992,-438.47,ACH_DEBIT,5821.79,,2024-03-01,,Bills
1735,DEBIT,2024-03-25,VENMO            PAYMENT    1033322085418   WEB ID: 3264681992,-32.55,ACH_DEBIT,5501.09,,2024-03-01,,Necessary meals
1736,DEBIT,2024-03-25,VENMO            PAYMENT    1033328399002   WEB ID: 3264681992,-17.43,ACH_DEBIT,5483.66,,2024-03-01,,Venmo/Cash
1737,,2024-03-26,AMERICAN AIR0010647521041,-10.0,,,,2024-03-01,Sapphire Preferred,Shopping
1738,,2024-03-26,AMERICAN AIR0012127638621,-84.1,,,,2024-03-01,Sapphire Preferred,Bills
1739,,2024-03-26,BROTHERS MARKETPLACE #404,-28.88,,,,2024-03-01,Sapphire Preferred,Necessary meals
1740,,2024-03-26,BROTHERS MARKETPLACE #404,-14.66,,,,2024-03-01,Sapphire Preferred,Necessary meals
1741,,2024-03-26,DELTA AIR   0062222267740,-163.1,,,,2024-03-01,Sapphire Preferred,Venmo/Cash
1742,,2024-03-26,TST* ACEITUNA CAFE,-15.99,,,,2024-03-01,Sapphire Preferred,Venmo/Cash
1743,,2024-03-26,TST* SUGAR &amp; SPICE - CAMB,-61.54,,,,2024-03-01,Sapphire Preferred,Shopping
1744,DEBIT,2024-03-26,VENMO            PAYMENT    1033360634616   WEB ID: 3264681992,-1.06,ACH_DEBIT,5482.6,,2024-03-01,,Shopping
1745,,2024-03-27,BEANTOWN PUB,-26.0,,,,2024-03-01,Sapphire Preferred,Necessary meals
1746,,2024-03-27,BEANTOWN PUB,-25.0,,,,2024-03-01,Sapphire Preferred,Necessary meals
1747,,2024-03-28,SQ *BON ME TEST KITCHEN,-15.25,,,,2024-03-01,Sapphire Preferred,Social food/drinks
1748,,2024-03-28,TST* ACEITUNA CAFE,-15.99,,,,2024-03-01,Sapphire Preferred,Travel
1749,,2024-03-29,BROTHERS MARKETPLACE #404,-6.49,,,,2024-03-01,Sapphire Preferred,Shopping
1750,,2024-03-29,CHIPOTLE ONLINE,-10.81,,,,2024-03-01,Sapphire Preferred,Transit
1751,,2024-03-31,Amazon.com*QI5OU1ME3,-37.96,,,,2024-03-01,Sapphire Preferred,Entertainment
1752,,2024-03-31,CARRIE NATION,-29.4,,,,2024-03-01,Sapphire Preferred,Social food/drinks
1753,,2024-03-31,CARRIE NATION,-14.3,,,,2024-03-01,Sapphire Preferred,Shopping
1754,,2024-03-31,POTBELLY #294,-15.18,,,,2024-03-01,Sapphire Preferred,Shopping
1755,,2024-03-31,SQ *THINKING CUP NEWBURY,-9.63,,,,2024-03-01,Sapphire Preferred,Social food/drinks
1756,,2024-03-31,TST* JM CURLEY,-197.37,,,,2024-03-01,Sapphire Preferred,Necessary meals
1757,,2024-03-31,TST* THE FRIENDLY TOAST -,-45.72,,,,2024-03-01,Sapphire Preferred,Entertainment
1758,,2024-03-31,TST* YOKI EXPRESS,-19.51,,,,2024-03-01,Sapphire Preferred,Social food/drinks
1759,DEBIT,2024-04-01,GOOGLE *RelayForRedd g.co/helppay# CA        04/01,-2.15,DEBIT_CARD,8535.88,,2024-04-01,,Social food/drinks
1760,,2024-04-01,TAIWAN CAFE,-60.93,,,,2024-04-01,Sapphire Preferred,Social food/drinks
1761,DEBIT,2024-04-01,VENMO            PAYMENT    1033470067798   WEB ID: 3264681992,-11.68,ACH_DEBIT,8524.2,,2024-04-01,,Necessary meals
1762,DEBIT,2024-04-01,VENMO            PAYMENT    1033482781621   WEB ID: 3264681992,-1.06,ACH_DEBIT,8523.14,,2024-04-01,,Social food/drinks
1763,,2024-04-02,BROTHERS MARKETPLACE #404,-2.49,,,,2024-04-01,Sapphire Preferred,Subscriptions
1764,,2024-04-02,CHIPOTLE 1615,-10.81,,,,2024-04-01,Sapphire Preferred,Travel
1765,,2024-04-02,TARGET        00032227,-34.5,,,,2024-04-01,Sapphire Preferred,Grocery
1766,,2024-04-02,TST* DIG INN- MIT - KENDA,-17.71,,,,2024-04-01,Sapphire Preferred,Grocery
1767,DEBIT,2024-04-03,LPCRESIDENT3-225 WEB PMTS   LM2M2G          WEB ID: 9000326709,-3956.0,ACH_DEBIT,4567.14,,2024-04-01,,Entertainment
1768,,2024-04-03,MLB.TV,-149.99,,,,2024-04-01,Sapphire Preferred,Necessary meals
1769,,2024-04-03,TST* ACEITUNA CAFE,-15.99,,,,2024-04-01,Sapphire Preferred,Social food/drinks
1770,,2024-04-04,Amazon Prime*XM2WO9HE3,-8.11,,,,2024-04-01,Sapphire Preferred,Venmo/Cash
1771,,2024-04-04,CHIPOTLE ONLINE,-10.81,,,,2024-04-01,Sapphire Preferred,Venmo/Cash
1772,,2024-04-04,TST* ACEITUNA CAFE,-15.99,,,,2024-04-01,Sapphire Preferred,Venmo/Cash
1773,,2024-04-04,USTA SOCIAL LEAGUE,-75.0,,,,2024-04-01,Sapphire Preferred,Transit
1774,,2024-04-07,AMZN Mktp US*RV90I7JD3,-19.15,,,,2024-04-01,Sapphire Preferred,Shopping
1775,,2024-04-07,BROTHERS MARKETPLACE #404,-29.29,,,,2024-04-01,Sapphire Preferred,Entertainment
1776,,2024-04-07,Lord Hobo,-42.4,,,,2024-04-01,Sapphire Preferred,Necessary meals
1777,,2024-04-07,SP FOLLOWYOURLEGEND,-41.99,,,,2024-04-01,Sapphire Preferred,Venmo/Cash
1778,,2024-04-07,TST* ACEITUNA CAFE,-15.99,,,,2024-04-01,Sapphire Preferred,Venmo/Cash
1779,,2024-04-07,UNITED      0162378276144,-22.76,,,,2024-04-01,Sapphire Preferred,Shopping
1780,,2024-04-08,BARCELONA CAMBRIDGE,-88.15,,,,2024-04-01,Sapphire Preferred,Necessary meals
1781,,2024-04-08,SQ *BOSTON FATHER&amp;SON,-5.49,,,,2024-04-01,Sapphire Preferred,Medication
1782,,2024-04-08,TM RESALE 800-842-7112,-187.86,,,,2024-04-01,Sapphire Preferred,Necessary meals
1783,,2024-04-08,TM RESALE 800-842-7112,-181.9,,,,2024-04-01,Sapphire Preferred,Necessary meals
1784,DEBIT,2024-04-08,VENMO            PAYMENT    1033618303682   WEB ID: 3264681992,-6.91,ACH_DEBIT,4560.23,,2024-04-01,,Social food/drinks
1785,,2024-04-09,BROTHERS MARKETPLACE #404,-1.5,,,,2024-04-01,Sapphire Preferred,Entertainment
1786,,2024-04-09,CHIPOTLE 1615,-10.81,,,,2024-04-01,Sapphire Preferred,Social food/drinks
1787,,2024-04-09,TARGET        00032227,-16.77,,,,2024-04-01,Sapphire Preferred,Travel
1788,,2024-04-09,TST* ACEITUNA CAFE,-15.99,,,,2024-04-01,Sapphire Preferred,Venmo/Cash
1789,DEBIT,2024-04-09,VENMO            PAYMENT    1033651674617   WEB ID: 3264681992,-1.06,ACH_DEBIT,4559.17,,2024-04-01,,Social food/drinks
1790,DEBIT,2024-04-09,VENMO            PAYMENT    1033651801253   WEB ID: 3264681992,-0.85,ACH_DEBIT,4558.32,,2024-04-01,,Social food/drinks
1791,DEBIT,2024-04-09,VENMO            PAYMENT    1033651920209   WEB ID: 3264681992,-0.85,ACH_DEBIT,4557.47,,2024-04-01,,Entertainment
1792,,2024-04-10,BROTHERS MARKETPLACE #404,-6.49,,,,2024-04-01,Sapphire Preferred,Transit
1793,,2024-04-10,TST* SARMA RESTAURANT,-72.44,,,,2024-04-01,Sapphire Preferred,Necessary meals
1794,DEBIT,2024-04-10,VENMO            PAYMENT    1033672563010   WEB ID: 3264681992,-1.06,ACH_DEBIT,4555.35,,2024-04-01,,Social food/drinks
1795,DEBIT,2024-04-10,VENMO            PAYMENT    1033672734404   WEB ID: 3264681992,-1.06,ACH_DEBIT,4554.29,,2024-04-01,,Social food/drinks
1796,DEBIT,2024-04-10,VENMO            PAYMENT    1033672874704   WEB ID: 3264681992,-1.06,ACH_DEBIT,4556.41,,2024-04-01,,Social food/drinks
1797,DEBIT,2024-04-11,COMCAST 8773102  263397871                  PPD ID: 0000213249,-39.99,ACH_DEBIT,872.07,,2024-04-01,,Travel
1798,DEBIT,2024-04-11,EVERSOURCE       WEB_PAY    39954716032724  WEB ID: 1202042013,-60.0,ACH_DEBIT,912.06,,2024-04-01,,Travel
1799,,2024-04-11,TST* ACEITUNA CAFE,-18.68,,,,2024-04-01,Sapphire Preferred,Social food/drinks
1800,,2024-04-11,Zipcar Trip APR10,-113.91,,,,2024-04-01,Sapphire Preferred,Grocery
1801,,2024-04-12,DD *KOKODA,-17.6,,,,2024-04-01,Sapphire Preferred,Necessary meals
1802,DEBIT,2024-04-12,GOOGLE *Google Stora g.co/helppay# CA        04/11,-2.12,DEBIT_CARD,869.95,,2024-04-01,,Social food/drinks
1803,,2024-04-14,CW&amp;S 1799 POS,-14.99,,,,2024-04-01,Sapphire Preferred,Social food/drinks
1804,,2024-04-14,PKL BOSTON,-148.0,,,,2024-04-01,Sapphire Preferred,Social food/drinks
1805,,2024-04-14,SNACK* TEN ONE TEA HOU,-7.44,,,,2024-04-01,Sapphire Preferred,Venmo/Cash
1806,,2024-04-14,SQ *YUME GA ARUKARA,-21.85,,,,2024-04-01,Sapphire Preferred,Venmo/Cash
1807,,2024-04-14,SQ *YUME GA ARUKARA,-2.0,,,,2024-04-01,Sapphire Preferred,Venmo/Cash
1808,,2024-04-14,SQ *ZINNEKEN'S BELGIAN WA,-20.39,,,,2024-04-01,Sapphire Preferred,Venmo/Cash
1809,,2024-04-14,TST* ACEITUNA CAFE,-15.99,,,,2024-04-01,Sapphire Preferred,Venmo/Cash
1810,,2024-04-14,TST* FLAT TOP JOHNNYS,-115.58,,,,2024-04-01,Sapphire Preferred,Venmo/Cash
1811,,2024-04-14,TST* NACO TACO,-60.43,,,,2024-04-01,Sapphire Preferred,Venmo/Cash
1812,,2024-04-15,FRG*MLBSHOP.COM,-67.97,,,,2024-04-01,Sapphire Preferred,Venmo/Cash
1813,,2024-04-15,TST* TRIDENT BOOK SELLERS,-34.77,,,,2024-04-01,Sapphire Preferred,Social food/drinks
1814,DEBIT,2024-04-15,VENMO            PAYMENT    1033762529770   WEB ID: 3264681992,-24.12,ACH_DEBIT,5074.13,,2024-04-01,,Entertainment
1815,DEBIT,2024-04-15,VENMO            PAYMENT    1033767076907   WEB ID: 3264681992,-1.06,ACH_DEBIT,5073.07,,2024-04-01,,Necessary meals
1816,DEBIT,2024-04-15,VENMO            PAYMENT    1033772289954   WEB ID: 3264681992,-0.96,ACH_DEBIT,5072.11,,2024-04-01,,Transit
1817,,2024-04-16,AMTRAK .COM 1050752628044,-56.0,,,,2024-04-01,Sapphire Preferred,Necessary meals
1818,,2024-04-16,BROTHERS MARKETPLACE #404,-16.7,,,,2024-04-01,Sapphire Preferred,Necessary meals
1819,,2024-04-16,HARVARD BOOK STORE,-21.24,,,,2024-04-01,Sapphire Preferred,Travel
1820,,2024-04-16,SQ *AMORINO CAMBRIDGE,-6.26,,,,2024-04-01,Sapphire Preferred,Exercise
1821,,2024-04-16,SQ *SHAKE SHACK,-10.74,,,,2024-04-01,Sapphire Preferred,Social food/drinks
1822,,2024-04-16,STAR MARKET 0602,-26.01,,,,2024-04-01,Sapphire Preferred,Grocery
1823,,2024-04-16,TST* GUSTAZO - CUBAN REST,-136.56,,,,2024-04-01,Sapphire Preferred,Grocery
1824,,2024-04-16,TST* RUSSELL HOUSE TAVERN,-70.4,,,,2024-04-01,Sapphire Preferred,Necessary meals
1825,,2024-04-16,VOLO* SPORTS LEAGUES,-49.5,,,,2024-04-01,Sapphire Preferred,Medication
1826,,2024-04-17,EB GOOFS UNDERGROUND,-35.1,,,,2024-04-01,Sapphire Preferred,Entertainment
1827,,2024-04-17,FIVE SPICES HOUSE,-29.2,,,,2024-04-01,Sapphire Preferred,Social food/drinks
1828,,2024-04-18,SQ *BON ME TEST KITCHEN,-15.25,,,,2024-04-01,Sapphire Preferred,Transit
1829,,2024-04-18,TST* ACEITUNA CAFE,-15.99,,,,2024-04-01,Sapphire Preferred,Necessary meals
1830,,2024-04-18,Zipcar Monthly Plan,-9.56,,,,2024-04-01,Sapphire Preferred,Travel
1831,,2024-04-21,SEATGEEK TICKETS,-90.9,,,,2024-04-01,Sapphire Preferred,Subscriptions
1832,,2024-04-21,TST* ACEITUNA CAFE,-15.99,,,,2024-04-01,Sapphire Preferred,Subscriptions
1833,,2024-04-21,TST* ACEITUNA CAFE,-15.99,,,,2024-04-01,Sapphire Preferred,Social food/drinks
1834,,2024-04-21,TST* PEPPER SKYS,-41.86,,,,2024-04-01,Sapphire Preferred,Bills
1835,DEBIT,2024-04-22,Subway 31620 Cambridge MA                    04/20,-11.76,DEBIT_CARD,5054.31,,2024-04-01,,Venmo/Cash
1836,DEBIT,2024-04-22,TST* FLOUR BAKERY & CAF BOSTON MA            04/19,-6.04,DEBIT_CARD,5066.07,,2024-04-01,,Venmo/Cash
1837,,2024-04-22,TST* LUNA HALL - DC,-34.05,,,,2024-04-01,Sapphire Preferred,Social food/drinks
1838,,2024-04-22,TST* LUNA HALL - DC,-2.0,,,,2024-04-01,Sapphire Preferred,Venmo/Cash
1839,DEBIT,2024-04-22,TST* PKL - BOSTON Boston MA                  04/20,-10.56,DEBIT_CARD,5043.75,,2024-04-01,,Venmo/Cash
1840,DEBIT,2024-04-22,TST* THE CROWN AND CROW WASHINGTON DC        04/22,-29.4,DEBIT_CARD,4980.79,,2024-04-01,,Venmo/Cash
1841,DEBIT,2024-04-22,TST* THE CROWN AND CROW WASHINGTON DC        04/22,-17.4,DEBIT_CARD,5026.35,,2024-04-01,,Venmo/Cash
1842,DEBIT,2024-04-22,TST* THE CROWN AND CROW WASHINGTON DC        04/22,-15.2,DEBIT_CARD,5011.15,,2024-04-01,,Venmo/Cash
1843,DEBIT,2024-04-22,VENMO            PAYMENT    1033891872731   WEB ID: 3264681992,-0.96,ACH_DEBIT,5010.19,,2024-04-01,,Venmo/Cash
1844,DEBIT,2024-04-22,VENMO            PAYMENT    1033904129138   WEB ID: 3264681992,-30.52,ACH_DEBIT,4950.27,,2024-04-01,,Venmo/Cash
1845,,2024-04-23,GAB TERM B DCA,-12.09,,,,2024-04-01,Sapphire Preferred,Necessary meals
1846,DEBIT,2024-04-23,MAI THAI WASHINGTON DC                       04/22,-101.42,DEBIT_CARD,4848.85,,2024-04-01,,Necessary meals
1847,,2024-04-23,SQ *EATS GEORGETOWN,-9.9,,,,2024-04-01,Sapphire Preferred,Travel
1848,,2024-04-23,SQ *EATS GEORGETOWN,-2.2,,,,2024-04-01,Sapphire Preferred,Grocery
1849,,2024-04-23,TST* BERKSHIRE FARM MARKE,-4.01,,,,2024-04-01,Sapphire Preferred,Grocery
1850,,2024-04-24,AMZN Mktp US*0O0090F33,-19.17,,,,2024-04-01,Sapphire Preferred,Venmo/Cash
1851,DEBIT,2024-04-24,PRINTWITHME 7737972118 IL                    04/23,-5.0,DEBIT_CARD,4764.84,,2024-04-01,,Venmo/Cash
1852,,2024-04-24,TST* CALL YOUR MOTHER - G,-17.6,,,,2024-04-01,Sapphire Preferred,Necessary meals
1853,DEBIT,2024-04-24,TST* CIAO ROMA - NORTH BOSTON MA             04/24,-79.01,DEBIT_CARD,4769.84,,2024-04-01,,Necessary meals
1854,,2024-04-25,BROTHERS MARKETPLACE #404,-38.18,,,,2024-04-01,Sapphire Preferred,Social food/drinks
1855,,2024-04-25,CHIPOTLE ONLINE,-10.81,,,,2024-04-01,Sapphire Preferred,Venmo/Cash
1856,,2024-04-25,CVS/PHARMACY #11242,-9.97,,,,2024-04-01,Sapphire Preferred,Social food/drinks
1857,,2024-04-25,DCA CHICK-FIL-A,-5.19,,,,2024-04-01,Sapphire Preferred,Social food/drinks
1858,,2024-04-25,FOOD AT KINGANDI,-18.68,,,,2024-04-01,Sapphire Preferred,Social food/drinks
1859,,2024-04-25,TOP SHELF,-10.61,,,,2024-04-01,Sapphire Preferred,Social food/drinks
1860,,2024-04-26,UBER   EATS,-58.74,,,,2024-04-01,Sapphire Preferred,Social food/drinks
1861,DEBIT,2024-04-26,Zelle payment to Brian aze 20579173304,-50.0,QUICKPAY_DEBIT,4714.84,,2024-04-01,,Necessary meals
1862,,2024-04-28,PY *New England Philharmo,-23.0,,,,2024-04-01,Sapphire Preferred,Social food/drinks
1863,,2024-04-28,SQ *CICADA COFFEE BAR,-17.08,,,,2024-04-01,Sapphire Preferred,Shopping
1864,,2024-04-28,TST* ACEITUNA CAFE,-15.99,,,,2024-04-01,Sapphire Preferred,Necessary meals
1865,DEBIT,2024-04-29,CARRIE NATION BOSTON MA                      04/27,-46.9,DEBIT_CARD,4667.94,,2024-04-01,,Social food/drinks
1866,,2024-04-29,CHIPOTLE 1615,-10.65,,,,2024-04-01,Sapphire Preferred,Social food/drinks
1867,,2024-04-29,FIVE GUYS MA 1576 QSR,-16.24,,,,2024-04-01,Sapphire Preferred,Social food/drinks
1868,DEBIT,2024-04-29,TST* MARIEL Boston MA                        04/26,-36.1,DEBIT_CARD,4631.84,,2024-04-01,,Social food/drinks
1869,DEBIT,2024-04-29,TST* TWO SAINTS TAVERN BOSTON MA             04/28,-10.56,DEBIT_CARD,4621.28,,2024-04-01,,Social food/drinks
1870,DEBIT,2024-04-29,VENMO            PAYMENT    1034045026496   WEB ID: 3264681992,-7.44,ACH_DEBIT,4613.84,,2024-04-01,,Social food/drinks
1871,,2024-04-30,SQ *SHAKE SHACK,-10.98,,,,2024-04-01,Sapphire Preferred,Bills
1872,,2024-05-01,Boston Ballet,-30.0,,,,2024-05-01,Sapphire Preferred,Social food/drinks
1873,DEBIT,2024-05-01,GOOGLE *RelayForReddi 855-836-3987 CA        05/01,-2.15,DEBIT_CARD,7804.38,,2024-05-01,,Shopping
1874,,2024-05-01,IC* INSTACART,-28.95,,,,2024-05-01,Sapphire Preferred,Social food/drinks
1875,,2024-05-01,SQ *BON ME - BIN,-15.25,,,,2024-05-01,Sapphire Preferred,Grocery
1876,,2024-05-01,STUBHUB  INC.,-193.5,,,,2024-05-01,Sapphire Preferred,Social food/drinks
1877,,2024-05-01,STUBHUB  INC.,-108.45,,,,2024-05-01,Sapphire Preferred,Social food/drinks
1878,,2024-05-01,TST* ACEITUNA CAFE,-15.99,,,,2024-05-01,Sapphire Preferred,Venmo/Cash
1879,DEBIT,2024-05-01,Zelle payment to Colleen Neal  20636263648,-130.0,QUICKPAY_DEBIT,7674.38,,2024-05-01,,Venmo/Cash
1880,,2024-05-02,AMK FENWAY PARK CONCES,-13.38,,,,2024-05-01,Sapphire Preferred,Venmo/Cash
1881,,2024-05-02,AMK FENWAY PARK CONCES,-6.64,,,,2024-05-01,Sapphire Preferred,Venmo/Cash
1882,,2024-05-02,Zipcar Trip MAY04,-214.72,,,,2024-05-01,Sapphire Preferred,Shopping
1883,DEBIT,2024-05-03,LPCRESIDENT3-225 WEB PMTS   774C8G          WEB ID: 9000326709,-3906.0,ACH_DEBIT,3768.38,,2024-05-01,,Transit
1884,,2024-05-03,TST* ACEITUNA CAFE,-15.99,,,,2024-05-01,Sapphire Preferred,Transit
1885,,2024-05-03,TST* ACEITUNA CAFE,-15.99,,,,2024-05-01,Sapphire Preferred,Social food/drinks
1886,,2024-05-05,Amazon Prime*ZE1PD19X3,-8.11,,,,2024-05-01,Sapphire Preferred,Bills
1887,,2024-05-05,CHIPOTLE ONLINE,-10.11,,,,2024-05-01,Sapphire Preferred,Social food/drinks
1888,,2024-05-05,Store,-13.23,,,,2024-05-01,Sapphire Preferred,Entertainment
1889,,2024-05-05,TARGET        00032227,-28.17,,,,2024-05-01,Sapphire Preferred,Transit
1890,,2024-05-05,WHOLEFDS RVR 10113,-30.97,,,,2024-05-01,Sapphire Preferred,Transit
1891,,2024-05-06,BROTHERS MARKETPLACE #404,-11.19,,,,2024-05-01,Sapphire Preferred,Transit
1892,,2024-05-06,CHIPOTLE 1615,-10.81,,,,2024-05-01,Sapphire Preferred,Grocery
1893,,2024-05-06,DUNKIN #337630 Q35,-4.43,,,,2024-05-01,Sapphire Preferred,Bills
1894,,2024-05-06,SHAWS 2190,-3.99,,,,2024-05-01,Sapphire Preferred,Social food/drinks
1895,DEBIT,2024-05-06,VENMO            PAYMENT    1034169009450   WEB ID: 3264681992,-1.06,ACH_DEBIT,3767.32,,2024-05-01,,Shopping
1896,DEBIT,2024-05-06,VENMO            PAYMENT    1034172519676   WEB ID: 3264681992,-1.06,ACH_DEBIT,3766.26,,2024-05-01,,Necessary meals
1897,DEBIT,2024-05-06,VENMO            PAYMENT    1034202915439   WEB ID: 3264681992,-15.63,ACH_DEBIT,3750.63,,2024-05-01,,Transit
1898,,2024-05-06,Zipcar Extend MAY04,-20.59,,,,2024-05-01,Sapphire Preferred,Shopping
1899,,2024-05-08,BROTHERS MARKETPLACE #404,-1.59,,,,2024-05-01,Sapphire Preferred,Social food/drinks
1900,,2024-05-08,FOOD AT KINGANDI,-19.85,,,,2024-05-01,Sapphire Preferred,Social food/drinks
1901,,2024-05-08,STUBHUB  INC.,-141.65,,,,2024-05-01,Sapphire Preferred,Social food/drinks
1902,,2024-05-08,TST* ACEITUNA CAFE,-15.99,,,,2024-05-01,Sapphire Preferred,Medical
1903,,2024-05-09,LEGENDS@YANKEE STDM-CO,-44.95,,,,2024-05-01,Sapphire Preferred,Clothing
1904,,2024-05-09,MTA*NYCT PAYGO,-2.9,,,,2024-05-01,Sapphire Preferred,Shopping
1905,,2024-05-09,MTA*NYCT PAYGO,-2.9,,,,2024-05-01,Sapphire Preferred,Venmo/Cash
1906,,2024-05-09,MTA*NYCT PAYGO,-2.9,,,,2024-05-01,Sapphire Preferred,Social food/drinks
1907,,2024-05-09,MTA*NYCT PAYGO,-2.9,,,,2024-05-01,Sapphire Preferred,Venmo/Cash
1908,,2024-05-09,MTA*NYCT PAYGO,-2.9,,,,2024-05-01,Sapphire Preferred,Shopping
1909,,2024-05-09,TST* LOS TACOS NO. 1 - PE,-24.17,,,,2024-05-01,Sapphire Preferred,Social food/drinks
1910,DEBIT,2024-05-09,VENMO            PAYMENT    1034276992407   WEB ID: 3264681992,-10.11,ACH_DEBIT,3740.52,,2024-05-01,,Venmo/Cash
1911,,2024-05-10,MTA*NYCT PAYGO,-2.9,,,,2024-05-01,Sapphire Preferred,Venmo/Cash
1912,,2024-05-10,MTA*NYCT PAYGO,-2.9,,,,2024-05-01,Sapphire Preferred,Subscriptions
1913,,2024-05-10,TRADER JOE S #544,-2.99,,,,2024-05-01,Sapphire Preferred,Necessary meals
1914,DEBIT,2024-05-10,Zelle payment to Colleen Neal  20737106530,-260.0,QUICKPAY_DEBIT,3480.52,,2024-05-01,,Venmo/Cash
1915,,2024-05-12,BROTHERS MARKETPLACE #404,-14.97,,,,2024-05-01,Sapphire Preferred,Grocery
1916,,2024-05-12,MBTA KENDALL,-9.6,,,,2024-05-01,Sapphire Preferred,Social food/drinks
1917,,2024-05-12,MTA*NYCT PAYGO,-2.9,,,,2024-05-01,Sapphire Preferred,Shopping
1918,,2024-05-12,MTA*NYCT PAYGO,-2.9,,,,2024-05-01,Sapphire Preferred,Transit
1919,,2024-05-12,SUPREME LIQUORS CAMBRIDG,-31.94,,,,2024-05-01,Sapphire Preferred,Grocery
1920,,2024-05-12,TST* CHIRP,-18.51,,,,2024-05-01,Sapphire Preferred,Necessary meals
1921,,2024-05-13,BROTHERS MARKETPLACE #404,-2.23,,,,2024-05-01,Sapphire Preferred,Medication
1922,DEBIT,2024-05-13,COMCAST 8773102  263397871                  PPD ID: 0000213249,-39.99,ACH_DEBIT,3303.64,,2024-05-01,,Transit
1923,DEBIT,2024-05-13,EVERSOURCE       WEB_PAY    43859669042924  WEB ID: 1202042013,-87.99,ACH_DEBIT,3392.53,,2024-05-01,,Social food/drinks
1924,DEBIT,2024-05-13,GOOGLE *GOOGLE STORA MOUNTAIN VIEW CA801641  05/10,-2.12,DEBIT_CARD,3390.41,,2024-05-01,,Social food/drinks
1925,DEBIT,2024-05-13,UBER   *EATS SAN FRANCISCO CA        363803  05/12,-46.78,DEBIT_CARD,3343.63,,2024-05-01,,Transit
1926,DEBIT,2024-05-13,VENMO            PAYMENT    1034346807967   WEB ID: 3264681992,-1.38,ACH_DEBIT,3302.26,,2024-05-01,,Venmo/Cash
1927,,2024-05-15,Amazon.com*0I35O3EQ3,-50.98,,,,2024-05-01,Sapphire Preferred,Venmo/Cash
1928,,2024-05-15,PURCH INTEREST DEBIT ADJ,-17.99,,,,2024-05-01,Sapphire Preferred,Venmo/Cash
1929,,2024-05-15,SQ *BON ME TEST KITCHEN,-15.25,,,,2024-05-01,Sapphire Preferred,Venmo/Cash
1930,,2024-05-15,TST* ACEITUNA CAFE,-15.99,,,,2024-05-01,Sapphire Preferred,Venmo/Cash
1931,DEBIT,2024-05-15,VENMO            PAYMENT    1034400613339   WEB ID: 3264681992,-1.06,ACH_DEBIT,7928.63,,2024-05-01,,Venmo/Cash
1932,DEBIT,2024-05-15,Zelle payment to Brian aze 20782634850,-1500.0,QUICKPAY_DEBIT,6428.63,,2024-05-01,,Social food/drinks
1933,,2024-05-16,AMZN Mktp US*AD9FQ0SN3,-7.32,,,,2024-05-01,Sapphire Preferred,Necessary meals
1934,,2024-05-16,Amazon.com*JF8ZZ66S3,-12.96,,,,2024-05-01,Sapphire Preferred,Venmo/Cash
1935,,2024-05-16,CHIPOTLE 1615,-10.81,,,,2024-05-01,Sapphire Preferred,Travel
1936,,2024-05-16,IC* INSTACART,-23.17,,,,2024-05-01,Sapphire Preferred,Entertainment
1937,,2024-05-16,TOCK ATMAD MONKFISH,-41.0,,,,2024-05-01,Sapphire Preferred,Shopping
1938,,2024-05-16,UNITED STATES TENNIS A,-30.0,,,,2024-05-01,Sapphire Preferred,Venmo/Cash
1939,,2024-05-17,Amazon.com*IZ3OX46Q3,-50.98,,,,2024-05-01,Sapphire Preferred,Necessary meals
1940,,2024-05-17,MBTA KENDALL,-4.8,,,,2024-05-01,Sapphire Preferred,Necessary meals
1941,,2024-05-17,PY *Union Comedy,-12.0,,,,2024-05-01,Sapphire Preferred,Entertainment
1942,,2024-05-17,TOCK ATMAD MONKFISH,10.0,,,,2024-05-01,Sapphire Preferred,Necessary meals
1943,,2024-05-19,AMZN Mktp US*DS7287L53,-8.49,,,,2024-05-01,Sapphire Preferred,Venmo/Cash
1944,,2024-05-19,Amazon.com*W15TB0HP3,-15.08,,,,2024-05-01,Sapphire Preferred,Grocery
1945,,2024-05-19,SQ *AERONAUT BREWING CO.,-8.99,,,,2024-05-01,Sapphire Preferred,Venmo/Cash
1946,,2024-05-19,SQ *BON ME TEST KITCHEN,-15.25,,,,2024-05-01,Sapphire Preferred,Venmo/Cash
1947,,2024-05-19,SQ *YOUNG AMERICANS LLC,-86.54,,,,2024-05-01,Sapphire Preferred,Grocery
1948,,2024-05-19,TOCK ATMAD MONKFISH,-10.0,,,,2024-05-01,Sapphire Preferred,Grocery
1949,,2024-05-19,TOCK ATMAD MONKFISH,10.0,,,,2024-05-01,Sapphire Preferred,Social food/drinks
1950,,2024-05-19,TOCK ATMAD MONKFISH,31.0,,,,2024-05-01,Sapphire Preferred,Social food/drinks
1951,,2024-05-19,TST* ACEITUNA CAFE,-15.99,,,,2024-05-01,Sapphire Preferred,Necessary meals
1952,,2024-05-19,TST* THELONIOUS MONKFISH,-361.78,,,,2024-05-01,Sapphire Preferred,Necessary meals
1953,,2024-05-19,Zipcar Monthly Plan,-9.56,,,,2024-05-01,Sapphire Preferred,Necessary meals
1954,,2024-05-19,Zipcar Toll MAY04,-0.5,,,,2024-05-01,Sapphire Preferred,Social food/drinks
1955,,2024-05-20,BROTHERS MARKETPLACE #404,-28.07,,,,2024-05-01,Sapphire Preferred,Social food/drinks
1956,,2024-05-20,BROTHERS MARKETPLACE #404,-11.76,,,,2024-05-01,Sapphire Preferred,Travel
1957,,2024-05-20,FSP*DAVID SIBLEY ENTERPRI,-61.58,,,,2024-05-01,Sapphire Preferred,Travel
1958,,2024-05-20,MCDONALD'S F1720,-10.95,,,,2024-05-01,Sapphire Preferred,Shopping
1959,,2024-05-20,RIVERSIDE RESTAURANT AND,-74.48,,,,2024-05-01,Sapphire Preferred,Shopping
1960,DEBIT,2024-05-20,VENMO            PAYMENT    1034476282365   WEB ID: 3264681992,-1.06,ACH_DEBIT,1784.05,,2024-05-01,,Medication
1961,DEBIT,2024-05-20,VENMO            PAYMENT    1034476429022   WEB ID: 3264681992,-0.74,ACH_DEBIT,1783.31,,2024-05-01,,Medication
1962,DEBIT,2024-05-20,VENMO            PAYMENT    1034488672776   WEB ID: 3264681992,-12.32,ACH_DEBIT,1770.99,,2024-05-01,,Subscriptions
1963,,2024-05-21,MBTA KENDALL,-4.8,,,,2024-05-01,Sapphire Preferred,Shopping
1964,,2024-05-22,AMZN Mktp US*WS3699273,-10.61,,,,2024-05-01,Sapphire Preferred,Exercise
1965,,2024-05-22,EB GOOFS UNDERGROUND,-36.72,,,,2024-05-01,Sapphire Preferred,Venmo/Cash
1966,,2024-05-22,TST* ACEITUNA CAFE,-15.99,,,,2024-05-01,Sapphire Preferred,Venmo/Cash
1967,DEBIT,2024-05-22,VENMO            PAYMENT    1034539712919   WEB ID: 3264681992,-1.06,ACH_DEBIT,1769.93,,2024-05-01,,Venmo/Cash
1968,DEBIT,2024-05-22,VENMO            PAYMENT    1034541585668   WEB ID: 3264681992,-1.06,ACH_DEBIT,1768.87,,2024-05-01,,Venmo/Cash
1969,,2024-05-23,AMZN Mktp US*7E3EE3MK3,-17.99,,,,2024-05-01,Sapphire Preferred,Venmo/Cash
1970,,2024-05-23,CHIPOTLE 1615,-10.11,,,,2024-05-01,Sapphire Preferred,Venmo/Cash
1971,,2024-05-23,CVS/PHARMACY #11242,-16.99,,,,2024-05-01,Sapphire Preferred,Venmo/Cash
1972,,2024-05-23,SQ *BON ME TEST KITCHEN,-15.25,,,,2024-05-01,Sapphire Preferred,Venmo/Cash
1973,,2024-05-23,TST* ACEITUNA CAFE,-15.99,,,,2024-05-01,Sapphire Preferred,Venmo/Cash
1974,,2024-05-23,TST* ILONA,-72.14,,,,2024-05-01,Sapphire Preferred,Venmo/Cash
1975,,2024-05-24,EB GOOFS UNDERGROUND,-12.24,,,,2024-05-01,Sapphire Preferred,Venmo/Cash
1976,,2024-05-24,FOOD AT CILANTRO,-17.75,,,,2024-05-01,Sapphire Preferred,Shopping
1977,,2024-05-24,UNITED STATES TENNIS A,28.45,,,,2024-05-01,Sapphire Preferred,Bills
1978,DEBIT,2024-05-24,VENMO            PAYMENT    1034582377139   WEB ID: 3264681992,-1.06,ACH_DEBIT,1767.81,,2024-05-01,,Necessary meals
1979,,2024-05-26,BOSTON CALLING MUSIC F,-27.1,,,,2024-05-01,Sapphire Preferred,Venmo/Cash
1980,,2024-05-26,BOSTON CALLING MUSIC F,-25.87,,,,2024-05-01,Sapphire Preferred,Shopping
1981,,2024-05-26,ELEVATED LIVING,-350.0,,,,2024-05-01,Sapphire Preferred,Necessary meals
1982,,2024-05-26,MBTA KENDALL,-9.6,,,,2024-05-01,Sapphire Preferred,Social food/drinks
1983,,2024-05-26,Subway 31620,-11.76,,,,2024-05-01,Sapphire Preferred,Travel
1984,,2024-05-26,TST* CANTAB LOUNGE,-19.5,,,,2024-05-01,Sapphire Preferred,Travel
1985,,2024-05-26,TST* FELIPES TAQUERIA,-46.87,,,,2024-05-01,Sapphire Preferred,Shopping
1986,,2024-05-26,TST* FELIPES TAQUERIA,-11.62,,,,2024-05-01,Sapphire Preferred,Social food/drinks
1987,,2024-05-26,Zipcar Trip MAY26,-27.93,,,,2024-05-01,Sapphire Preferred,Necessary meals
1988,,2024-05-26,Zipcar Trip MAY26,27.93,,,,2024-05-01,Sapphire Preferred,Bills
1989,,2024-05-27,BOSTON CALLING MUSIC F,-30.82,,,,2024-05-01,Sapphire Preferred,Venmo/Cash
1990,,2024-05-27,STAR MARKET 3580,-226.84,,,,2024-05-01,Sapphire Preferred,Venmo/Cash
1991,,2024-05-27,Subway 31620,-11.76,,,,2024-05-01,Sapphire Preferred,Venmo/Cash
1992,,2024-05-27,TST* BUTTERMILK AND BOURB,-50.08,,,,2024-05-01,Sapphire Preferred,Venmo/Cash
1993,,2024-05-28,DUMPLING H* DUMPLING H,-31.02,,,,2024-05-01,Sapphire Preferred,Entertainment
1994,DEBIT,2024-05-28,SUPREME LIQUORS CAMBRID CAMBRIDGE MA         05/25,-16.55,DEBIT_CARD,1776.26,,2024-05-01,,Social food/drinks
1995,DEBIT,2024-05-28,VENMO            PAYMENT    1034606092901   WEB ID: 3264681992,-0.74,ACH_DEBIT,1746.29,,2024-05-01,,Social food/drinks
1996,DEBIT,2024-05-28,VENMO            PAYMENT    1034606220291   WEB ID: 3264681992,-0.96,ACH_DEBIT,1747.03,,2024-05-01,,Shopping
1997,DEBIT,2024-05-28,VENMO            PAYMENT    1034624295738   WEB ID: 3264681992,-1.06,ACH_DEBIT,1747.99,,2024-05-01,,Social food/drinks
1998,DEBIT,2024-05-28,VENMO            PAYMENT    1034624322924   WEB ID: 3264681992,-0.11,ACH_DEBIT,1745.75,,2024-05-01,,Social food/drinks
1999,DEBIT,2024-05-28,VENMO            PAYMENT    1034626641283   WEB ID: 3264681992,-27.21,ACH_DEBIT,1749.05,,2024-05-01,,Social food/drinks
2000,DEBIT,2024-05-28,VENMO            PAYMENT    1034634253272   WEB ID: 3264681992,-0.43,ACH_DEBIT,1745.86,,2024-05-01,,Social food/drinks
2001,DEBIT,2024-05-28,VENMO            PAYMENT    1034660422310   WEB ID: 3264681992,-1.06,ACH_DEBIT,1744.69,,2024-05-01,,Grocery
2002,DEBIT,2024-05-28,Zelle payment to Colleen Neal  20913045141,-260.0,QUICKPAY_DEBIT,1484.69,,2024-05-01,,Entertainment
2003,,2024-05-29,NEWCITYGAS* NEWCITYGAS,-114.87,,,,2024-05-01,Sapphire Preferred,Social food/drinks
2004,,2024-05-30,BOAT CRUISE SUMMER S,-269.03,,,,2024-05-01,Sapphire Preferred,Venmo/Cash
2005,,2024-05-30,CHIPOTLE 1615,-10.81,,,,2024-05-01,Sapphire Preferred,Venmo/Cash
2006,,2024-05-30,MBTA KENDALL,-4.8,,,,2024-05-01,Sapphire Preferred,Venmo/Cash
2007,,2024-05-30,SQ *BON ME TEST KITCHEN,-15.25,,,,2024-05-01,Sapphire Preferred,Venmo/Cash
2008,,2024-05-30,TST* ACEITUNA CAFE,-15.99,,,,2024-05-01,Sapphire Preferred,Venmo/Cash
2009,,2024-05-31,UNITED      0162392708852,-406.96,,,,2024-05-01,Sapphire Preferred,Venmo/Cash
2010,,2024-05-31,USTA SOCIAL LEAGUE,-65.0,,,,2024-05-01,Sapphire Preferred,Necessary meals
2011,,2024-06-02,AMK FENWAY PARK CONCES,-44.14,,,,2024-06-01,Sapphire Preferred,Transit
2012,,2024-06-02,BROTHERS MARKETPLACE #404,-7.78,,,,2024-06-01,Sapphire Preferred,Travel
2013,,2024-06-02,BROTHERS MARKETPLACE #404,-7.74,,,,2024-06-01,Sapphire Preferred,Social food/drinks
2014,,2024-06-02,CHIPOTLE 1615,-10.11,,,,2024-06-01,Sapphire Preferred,Necessary meals
2015,,2024-06-02,CVS/PHARMACY #01215,-15.71,,,,2024-06-01,Sapphire Preferred,Necessary meals
2016,,2024-06-02,GAMETIME    TICKETS,-195.0,,,,2024-06-01,Sapphire Preferred,Bills
2017,,2024-06-02,MADRAS DOSA CO,-35.31,,,,2024-06-01,Sapphire Preferred,Medication
2018,,2024-06-02,SPOTHERO 844-356-8054,-24.27,,,,2024-06-01,Sapphire Preferred,Bills
2019,,2024-06-02,TST* ACEITUNA CAFE,-15.99,,,,2024-06-01,Sapphire Preferred,Bills
2020,,2024-06-03,AMTRAK .COM 1530631500480,-73.0,,,,2024-06-01,Sapphire Preferred,Shopping
2021,,2024-06-03,Donate *BeringPrideRunFun,-20.0,,,,2024-06-01,Sapphire Preferred,Entertainment
2022,DEBIT,2024-06-03,GOOGLE *RelayForRedd g.co/helppay# CA        06/01,-2.15,DEBIT_CARD,4537.96,,2024-06-01,,Necessary meals
2023,,2024-06-03,LANSDOWNE PUB BOSTON,-33.0,,,,2024-06-01,Sapphire Preferred,Social food/drinks
2024,DEBIT,2024-06-03,LPCRESIDENT3-225 WEB PMTS   VD0HFG          WEB ID: 9000326709,-3956.0,ACH_DEBIT,418.96,,2024-06-01,,Social food/drinks
2025,DEBIT,2024-06-03,NON-CHASE ATM FEE-WITH,-3.0,FEE_TRANSACTION,346.47,,2024-06-01,,Grocery
2026,DEBIT,2024-06-03,NON-CHASE ATM WITHDRAW               830222  06/01200 SEAPO,-163.0,ATM,4374.96,,2024-06-01,,Necessary meals
2027,,2024-06-03,SQ *MATCHA CAFE MAIKO BOS,-7.15,,,,2024-06-01,Sapphire Preferred,Necessary meals
2028,DEBIT,2024-06-03,VENMO            PAYMENT    1034743742669   WEB ID: 3264681992,-1.06,ACH_DEBIT,370.3,,2024-06-01,,Social food/drinks
2029,DEBIT,2024-06-03,VENMO            PAYMENT    1034750578365   WEB ID: 3264681992,-22.82,ACH_DEBIT,396.14,,2024-06-01,,Venmo/Cash
2030,DEBIT,2024-06-03,VENMO            PAYMENT    1034758861885   WEB ID: 3264681992,-11.86,ACH_DEBIT,371.36,,2024-06-01,,Venmo/Cash
2031,DEBIT,2024-06-03,VENMO            PAYMENT    1034759692113   WEB ID: 3264681992,-12.92,ACH_DEBIT,383.22,,2024-06-01,,Venmo/Cash
2032,DEBIT,2024-06-03,VENMO            PAYMENT    1034764507367   WEB ID: 3264681992,-0.96,ACH_DEBIT,369.34,,2024-06-01,,Venmo/Cash
2033,DEBIT,2024-06-03,VENMO            PAYMENT    1034775260877   WEB ID: 3264681992,-19.13,ACH_DEBIT,350.21,,2024-06-01,,Venmo/Cash
2034,DEBIT,2024-06-03,VENMO            PAYMENT    1034782858594   WEB ID: 3264681992,-0.74,ACH_DEBIT,349.47,,2024-06-01,,Venmo/Cash
2035,,2024-06-05,SQ *BON ME TEST KITCHEN,-15.25,,,,2024-06-01,Sapphire Preferred,Venmo/Cash
2036,,2024-06-05,TST* ACEITUNA CAFE,-15.99,,,,2024-06-01,Sapphire Preferred,Venmo/Cash
2037,,2024-06-05,UNITED      0162393928921,-104.17,,,,2024-06-01,Sapphire Preferred,Venmo/Cash
2038,,2024-06-06,BROTHERS MARKETPLACE #404,-24.81,,,,2024-06-01,Sapphire Preferred,Venmo/Cash
2039,,2024-06-06,BROTHERS MARKETPLACE #404,-4.99,,,,2024-06-01,Sapphire Preferred,Venmo/Cash
2040,DEBIT,2024-06-06,VENMO            PAYMENT    1034856724180   WEB ID: 3264681992,-1.06,ACH_DEBIT,345.41,,2024-06-01,,Venmo/Cash
2041,DEBIT,2024-06-06,VENMO            PAYMENT    1034856848310   WEB ID: 3264681992,-0.74,ACH_DEBIT,344.67,,2024-06-01,,Venmo/Cash
2042,,2024-06-07,SQ *BON ME TEST KITCHEN,-21.99,,,,2024-06-01,Sapphire Preferred,Venmo/Cash
2043,,2024-06-07,TST* ACEITUNA CAFE,-15.99,,,,2024-06-01,Sapphire Preferred,Venmo/Cash
2044,,2024-06-07,TST* TRILLIUM BREWING COM,-12.7,,,,2024-06-01,Sapphire Preferred,Venmo/Cash
2045,DEBIT,2024-06-07,Zelle payment to Colleen Neal  21027279145,-130.0,QUICKPAY_DEBIT,214.67,,2024-06-01,,Venmo/Cash
2046,,2024-06-09,ASL MONTREAL,-16.84,,,,2024-06-01,Sapphire Preferred,Venmo/Cash
2047,,2024-06-09,BLUEBOY YOGURT GLACE AND,-5.32,,,,2024-06-01,Sapphire Preferred,Venmo/Cash
2048,,2024-06-09,CHEZ SCHWARTZ'S A COTE,-25.92,,,,2024-06-01,Sapphire Preferred,Venmo/Cash
2049,,2024-06-09,HUNGRYPANDA US INC,-31.02,,,,2024-06-01,Sapphire Preferred,Venmo/Cash
2050,,2024-06-09,KILO FRIPE VINTAGE,-32.83,,,,2024-06-01,Sapphire Preferred,Venmo/Cash
2051,,2024-06-09,MCDONALD'S F7059,-6.0,,,,2024-06-01,Sapphire Preferred,Grocery
2052,,2024-06-09,SQ *BLUE DOG MOTEL,-10.25,,,,2024-06-01,Sapphire Preferred,Medical
2053,,2024-06-09,TARGET        00032227,-41.97,,,,2024-06-01,Sapphire Preferred,Venmo/Cash
2054,,2024-06-09,TST* ACEITUNA CAFE,-15.99,,,,2024-06-01,Sapphire Preferred,Venmo/Cash
2055,,2024-06-10,BARBOSSA,-21.89,,,,2024-06-01,Sapphire Preferred,Grocery
2056,,2024-06-10,BARBOSSA,-10.25,,,,2024-06-01,Sapphire Preferred,Medical
2057,,2024-06-10,BOSSA PR T- -MANGER,-15.11,,,,2024-06-01,Sapphire Preferred,Medical
2058,,2024-06-10,CAFE LILI &amp; OLI,-4.84,,,,2024-06-01,Sapphire Preferred,Grocery
2059,,2024-06-10,CAFE LILI &amp; OLI,-4.36,,,,2024-06-01,Sapphire Preferred,Medical
2060,,2024-06-10,EPICERIE MOSAIQUE,-4.58,,,,2024-06-01,Sapphire Preferred,Social food/drinks
2061,DEBIT,2024-06-10,EVERSOURCE       WEB_PAY    47191465052424  WEB ID: 1202042013,-99.95,ACH_DEBIT,614.72,,2024-06-01,,Necessary meals
2062,,2024-06-10,JEAN COUTU  008,-0.67,,,,2024-06-01,Sapphire Preferred,Subscriptions
2063,,2024-06-10,LIBRAIRIE PULP BOOKS &amp;,-19.18,,,,2024-06-01,Sapphire Preferred,Necessary meals
2064,,2024-06-10,MR DUMPLING,-7.74,,,,2024-06-01,Sapphire Preferred,Necessary meals
2065,,2024-06-10,PHARMAPRIX #1800,-1.08,,,,2024-06-01,Sapphire Preferred,Necessary meals
2066,,2024-06-10,STM BONAVENTURE DIN101,-15.56,,,,2024-06-01,Sapphire Preferred,Medication
2067,,2024-06-10,STM BONAVENTURE DIS101,-15.56,,,,2024-06-01,Sapphire Preferred,Necessary meals
2068,DEBIT,2024-06-10,VENMO            PAYMENT    1034911311537   WEB ID: 3264681992,-28.0,ACH_DEBIT,507.72,,2024-06-01,,Social food/drinks
2069,DEBIT,2024-06-10,VENMO            PAYMENT    1034911316688   WEB ID: 3264681992,-30.0,ACH_DEBIT,535.72,,2024-06-01,,Social food/drinks
2070,DEBIT,2024-06-10,VENMO            PAYMENT    1034911319426   WEB ID: 3264681992,-49.0,ACH_DEBIT,565.72,,2024-06-01,,Shopping
2071,DEBIT,2024-06-10,VENMO            PAYMENT    1034923232530   WEB ID: 3264681992,-22.44,ACH_DEBIT,485.28,,2024-06-01,,Shopping
2072,,2024-06-11,AMZN Mktp US*ON1OP5CF3,-12.45,,,,2024-06-01,Sapphire Preferred,Bills
2073,,2024-06-11,BIXI MONTREAL,-2.27,,,,2024-06-01,Sapphire Preferred,Social food/drinks
2074,,2024-06-11,BIXI MONTREAL,-2.27,,,,2024-06-01,Sapphire Preferred,Venmo/Cash
2075,,2024-06-11,BOUTIQUE HORS TAXES PH,-1.11,,,,2024-06-01,Sapphire Preferred,Venmo/Cash
2076,DEBIT,2024-06-11,COMCAST 8773102  263397871                  PPD ID: 0000213249,-39.99,ACH_DEBIT,445.29,,2024-06-01,,Venmo/Cash
2077,,2024-06-11,NEW CITY GAS,-60.48,,,,2024-06-01,Sapphire Preferred,Venmo/Cash
2078,,2024-06-11,TICKPICK,-276.04,,,,2024-06-01,Sapphire Preferred,Venmo/Cash
2079,,2024-06-11,UBER CANADA/UBERTRIP,-12.79,,,,2024-06-01,Sapphire Preferred,Venmo/Cash
2080,,2024-06-12,BIXI MONTREAL,-11.71,,,,2024-06-01,Sapphire Preferred,Venmo/Cash
2081,,2024-06-12,BIXI MONTREAL,-2.34,,,,2024-06-01,Sapphire Preferred,Venmo/Cash
2082,,2024-06-12,BROTHERS MARKETPLACE #404,-16.75,,,,2024-06-01,Sapphire Preferred,Venmo/Cash
2083,DEBIT,2024-06-12,GOOGLE *Google Stora g.co/helppay# CA        06/11,-2.12,DEBIT_CARD,443.17,,2024-06-01,,Venmo/Cash
2084,,2024-06-12,RED ARROW DINER - CONC,-26.25,,,,2024-06-01,Sapphire Preferred,Entertainment
2085,,2024-06-13,Amazon.com*GE5635W03,-31.86,,,,2024-06-01,Sapphire Preferred,Venmo/Cash
2086,,2024-06-13,Subway 31620,-11.76,,,,2024-06-01,Sapphire Preferred,Entertainment
2087,,2024-06-13,UBER   TRIP,-22.03,,,,2024-06-01,Sapphire Preferred,Medical
2088,,2024-06-14,AMAZON MKTPL*GD7NC67Y3,-46.73,,,,2024-06-01,Sapphire Preferred,Necessary meals
2089,,2024-06-16,AMK CONC BARS MMP,-29.14,,,,2024-06-01,Sapphire Preferred,Social food/drinks
2090,,2024-06-16,AMK MMP TIN2 CONC,-11.46,,,,2024-06-01,Sapphire Preferred,Subscriptions
2091,,2024-06-16,MILLER'S CAFE,-9.2,,,,2024-06-01,Sapphire Preferred,Necessary meals
2092,,2024-06-16,VTG*Elizabeth A. Willems ,-166.71,,,,2024-06-01,Sapphire Preferred,Shopping
2093,,2024-06-16,ZARA USA 10286,-49.69,,,,2024-06-01,Sapphire Preferred,Travel
2094,,2024-06-17,LOWES #00907*,-269.54,,,,2024-06-01,Sapphire Preferred,Necessary meals
2095,DEBIT,2024-06-17,VENMO            PAYMENT    1035068491268   WEB ID: 3264681992,-3.29,ACH_DEBIT,3155.31,,2024-06-01,,Necessary meals
2096,,2024-06-17,WAELS MEDITERRANEAN CUISI,-20.0,,,,2024-06-01,Sapphire Preferred,Social food/drinks
2097,DEBIT,2024-06-17,Zelle payment to Brian aze 21113437473,-500.0,QUICKPAY_DEBIT,3158.6,,2024-06-01,,Social food/drinks
2098,,2024-06-17,eBay O*17-11699-68982,-3.18,,,,2024-06-01,Sapphire Preferred,Social food/drinks
2099,,2024-06-18,TST* HUNSA THAI KITCHEN -,-24.51,,,,2024-06-01,Sapphire Preferred,Necessary meals
2100,DEBIT,2024-06-18,VENMO            PAYMENT    1035083478851   WEB ID: 3264681992,-557.75,ACH_DEBIT,2597.56,,2024-06-01,,Necessary meals
2101,DEBIT,2024-06-18,VENMO            PAYMENT    1035093167826   WEB ID: 3264681992,-91.27,ACH_DEBIT,2506.29,,2024-06-01,,Venmo/Cash
2102,,2024-06-18,Zipcar Monthly Plan,-9.56,,,,2024-06-01,Sapphire Preferred,Necessary meals
2103,,2024-06-21,Subway 64335,-12.72,,,,2024-06-01,Sapphire Preferred,Necessary meals
2104,DEBIT,2024-06-21,VENMO            PAYMENT    1035163503266   WEB ID: 3264681992,-29.0,ACH_DEBIT,2477.29,,2024-06-01,,Venmo/Cash
2105,,2024-06-23,BROTHERS MARKETPLACE #404,-9.28,,,,2024-06-01,Sapphire Preferred,Venmo/Cash
2106,,2024-06-23,SQ *LAMPLIGHTER BREWING C,-43.0,,,,2024-06-01,Sapphire Preferred,Venmo/Cash
2107,,2024-06-23,TEXASNEWSST2582,-23.8,,,,2024-06-01,Sapphire Preferred,Venmo/Cash
2108,,2024-06-23,UBER   TRIP,-25.7,,,,2024-06-01,Sapphire Preferred,Social food/drinks
2109,,2024-06-24,BROTHERS MARKETPLACE #404,-2.97,,,,2024-06-01,Sapphire Preferred,Social food/drinks
2110,,2024-06-24,CHIPOTLE 1615,-10.81,,,,2024-06-01,Sapphire Preferred,Social food/drinks
2111,,2024-06-24,CVS/PHARMACY #11242,-12.8,,,,2024-06-01,Sapphire Preferred,Social food/drinks
2112,,2024-06-24,MBTA CHARLES MGH,-4.8,,,,2024-06-01,Sapphire Preferred,Venmo/Cash
2113,,2024-06-24,SOJUBA,-133.84,,,,2024-06-01,Sapphire Preferred,Subscriptions
2114,,2024-06-24,TST* BOSTON RAMEN,-19.69,,,,2024-06-01,Sapphire Preferred,Necessary meals
2115,,2024-06-24,UBER   TRIP,-7.94,,,,2024-06-01,Sapphire Preferred,Venmo/Cash
2116,DEBIT,2024-06-24,VENMO            PAYMENT    1035208091943   WEB ID: 3264681992,-1.38,ACH_DEBIT,8058.39,,2024-06-01,,Venmo/Cash
2117,DEBIT,2024-06-24,VENMO            PAYMENT    1035212502557   WEB ID: 3264681992,-1.06,ACH_DEBIT,8057.33,,2024-06-01,,Venmo/Cash
2118,DEBIT,2024-06-24,VENMO            PAYMENT    1035212679754   WEB ID: 3264681992,-1.06,ACH_DEBIT,8056.27,,2024-06-01,,Venmo/Cash
2119,DEBIT,2024-06-24,VENMO            PAYMENT    1035212808983   WEB ID: 3264681992,-0.74,ACH_DEBIT,8055.53,,2024-06-01,,Social food/drinks
2120,DEBIT,2024-06-24,VENMO            PAYMENT    1035212895583   WEB ID: 3264681992,-0.53,ACH_DEBIT,8055.0,,2024-06-01,,Transit
2121,DEBIT,2024-06-24,VENMO            PAYMENT    1035212934077   WEB ID: 3264681992,-0.21,ACH_DEBIT,8054.79,,2024-06-01,,Venmo/Cash
2122,,2024-06-25,RIVERSIDE RESTAURANT AND,-45.33,,,,2024-06-01,Sapphire Preferred,Social food/drinks
2123,,2024-06-25,SQ *BON ME TEST KITCHEN,-15.25,,,,2024-06-01,Sapphire Preferred,Grocery
2124,DEBIT,2024-06-25,VENMO            PAYMENT    1035242821244   WEB ID: 3264681992,-1.06,ACH_DEBIT,1301.76,,2024-06-01,,Necessary meals
2125,,2024-06-25,Zipcar Trip JUN28,-138.33,,,,2024-06-01,Sapphire Preferred,Necessary meals
2126,,2024-06-26,ROCKPORT MUSIC,-140.0,,,,2024-06-01,Sapphire Preferred,Transit
2127,,2024-06-26,TARGET        00032227,-25.96,,,,2024-06-01,Sapphire Preferred,Travel
2128,DEBIT,2024-06-26,Zelle payment to Colleen Neal  21208754970,-130.0,QUICKPAY_DEBIT,1171.76,,2024-06-01,,Grocery
2129,,2024-06-27,10078 CAVA KENDALL SQR,-12.89,,,,2024-06-01,Sapphire Preferred,Shopping
2130,,2024-06-27,CHIPOTLE 1615,-10.81,,,,2024-06-01,Sapphire Preferred,Shopping
2131,,2024-06-27,KENDALL SQ CINEMA 231,-7.48,,,,2024-06-01,Sapphire Preferred,Grocery
2132,,2024-06-27,TST* ACEITUNA CAFE,-15.99,,,,2024-06-01,Sapphire Preferred,Entertainment
2133,DEBIT,2024-06-27,VENMO            PAYMENT    1035283461209   WEB ID: 3264681992,-10.0,ACH_DEBIT,1161.76,,2024-06-01,,Shopping
2134,,2024-06-28,BROTHERS MARKETPLACE #404,-20.77,,,,2024-06-01,Sapphire Preferred,Venmo/Cash
2135,DEBIT,2024-06-28,VENMO            PAYMENT    1035304758265   WEB ID: 3264681992,-29.89,ACH_DEBIT,4187.29,,2024-06-01,,Venmo/Cash
2136,DEBIT,2024-06-28,VENMO            PAYMENT    1035305514630   WEB ID: 3264681992,-5.08,ACH_DEBIT,4182.21,,2024-06-01,,Venmo/Cash
2137,,2024-06-30,BROTHERS MARKETPLACE #404,-20.79,,,,2024-06-01,Sapphire Preferred,Venmo/Cash
2138,,2024-06-30,BROTHERS MARKETPLACE #404,-2.99,,,,2024-06-01,Sapphire Preferred,Venmo/Cash
2139,,2024-06-30,FLEUR CUISINE HARBORSI,-53.5,,,,2024-06-01,Sapphire Preferred,Venmo/Cash
2140,,2024-06-30,FLEUR CUISINE HARBORSI,-29.68,,,,2024-06-01,Sapphire Preferred,Entertainment
2141,,2024-06-30,TST* ACEITUNA CAFE,-15.99,,,,2024-06-01,Sapphire Preferred,Travel
2142,,2024-06-30,TST* ACEITUNA CAFE,-15.99,,,,2024-06-01,Sapphire Preferred,Travel
2143,,2024-06-30,TST* ACEITUNA CAFE,-12.79,,,,2024-06-01,Sapphire Preferred,Travel
2144,,2024-06-30,TST* FELIPES TAQUERIA,-44.19,,,,2024-06-01,Sapphire Preferred,Necessary meals
2145,,2024-06-30,TST* FELIPES TAQUERIA,-21.25,,,,2024-06-01,Sapphire Preferred,Necessary meals
2146,,2024-06-30,Zipcar Extend JUN28,-12.26,,,,2024-06-01,Sapphire Preferred,Venmo/Cash
2147,,2024-06-30,Zipcar Trip JUN30,-29.52,,,,2024-06-01,Sapphire Preferred,Venmo/Cash
2148,,2024-07-01,AMAZON MKTPL*RC1X67S61,-14.44,,,,2024-07-01,Sapphire Preferred,Medical
2149,,2024-07-01,AMAZON MKTPL*RC9BS7S22,-13.8,,,,2024-07-01,Sapphire Preferred,Bills
2150,,2024-07-01,CVS/PHARMACY #11242,-22.16,,,,2024-07-01,Sapphire Preferred,Venmo/Cash
2151,,2024-07-01,CVS/PHARMACY #11242,-13.8,,,,2024-07-01,Sapphire Preferred,Medical
2152,DEBIT,2024-07-01,GOOGLE *RelayForRedd g.co/helppay# CA        07/01,-2.15,DEBIT_CARD,4409.05,,2024-07-01,,Grocery
2153,,2024-07-01,TARGET        00032227,-3.69,,,,2024-07-01,Sapphire Preferred,Social food/drinks
2154,,2024-07-01,TST* GUSTAZO - CUBAN REST,-122.6,,,,2024-07-01,Sapphire Preferred,Exercise
2155,DEBIT,2024-07-01,VENMO            PAYMENT    1035306500203   WEB ID: 3264681992,-10.75,ACH_DEBIT,4411.2,,2024-07-01,,Venmo/Cash
2156,DEBIT,2024-07-01,VENMO            PAYMENT    1035308947682   WEB ID: 3264681992,-30.26,ACH_DEBIT,4421.95,,2024-07-01,,Venmo/Cash
2157,DEBIT,2024-07-01,VENMO            PAYMENT    1035352091869   WEB ID: 3264681992,-13.18,ACH_DEBIT,4395.87,,2024-07-01,,Venmo/Cash
2158,DEBIT,2024-07-01,VENMO            PAYMENT    1035366129805   WEB ID: 3264681992,-0.43,ACH_DEBIT,4391.83,,2024-07-01,,Shopping
2159,DEBIT,2024-07-01,VENMO            PAYMENT    1035366305625   WEB ID: 3264681992,-1.06,ACH_DEBIT,4393.75,,2024-07-01,,Shopping
2160,DEBIT,2024-07-01,VENMO            PAYMENT    1035366716930   WEB ID: 3264681992,-0.64,ACH_DEBIT,4392.26,,2024-07-01,,Social food/drinks
2161,DEBIT,2024-07-01,VENMO            PAYMENT    1035366743418   WEB ID: 3264681992,-0.11,ACH_DEBIT,4391.51,,2024-07-01,,Grocery
2162,DEBIT,2024-07-01,VENMO            PAYMENT    1035366899958   WEB ID: 3264681992,-0.85,ACH_DEBIT,4392.9,,2024-07-01,,Entertainment
2163,DEBIT,2024-07-01,VENMO            PAYMENT    1035366934406   WEB ID: 3264681992,-0.21,ACH_DEBIT,4391.62,,2024-07-01,,Necessary meals
2164,DEBIT,2024-07-01,VENMO            PAYMENT    1035367090990   WEB ID: 3264681992,-1.06,ACH_DEBIT,4394.81,,2024-07-01,,Social food/drinks
2165,DEBIT,2024-07-01,VENMO            PAYMENT    1035367117203   WEB ID: 3264681992,-0.11,ACH_DEBIT,4391.4,,2024-07-01,,Social food/drinks
2166,,2024-07-01,WWW.REDBUBBLE.COM,-4.28,,,,2024-07-01,Sapphire Preferred,Social food/drinks
2167,DEBIT,2024-07-03,LPCRESIDENT3-225 WEB PMTS   DLRQMG          WEB ID: 9000326709,-3956.0,ACH_DEBIT,434.34,,2024-07-01,,Social food/drinks
2168,,2024-07-03,TST* ACEITUNA CAFE,-15.99,,,,2024-07-01,Sapphire Preferred,Travel
2169,DEBIT,2024-07-03,VENMO            PAYMENT    1035417173977   WEB ID: 3264681992,-1.06,ACH_DEBIT,4390.34,,2024-07-01,,Bills
2170,,2024-07-04,TARGET        00032227,-8.94,,,,2024-07-01,Sapphire Preferred,Entertainment
2171,,2024-07-04,TST* ACEITUNA CAFE,-15.99,,,,2024-07-01,Sapphire Preferred,Subscriptions
2172,,2024-07-04,TST* ROXY'S - AREA 4CADE-,-19.52,,,,2024-07-01,Sapphire Preferred,Social food/drinks
2173,,2024-07-04,Zipcar Toll JUN28,-2.55,,,,2024-07-01,Sapphire Preferred,Social food/drinks
2174,,2024-07-04,Zipcar Toll JUN28,-2.55,,,,2024-07-01,Sapphire Preferred,Social food/drinks
2175,,2024-07-05,Amazon Prime*R78B55A31,-8.11,,,,2024-07-01,Sapphire Preferred,Transit
2176,,2024-07-05,JAMES HOOK &amp; COMPANY LLC,-97.3,,,,2024-07-01,Sapphire Preferred,Venmo/Cash
2177,,2024-07-05,TST* ACEITUNA CAFE,-15.99,,,,2024-07-01,Sapphire Preferred,Venmo/Cash
2178,,2024-07-05,USAA INSURANCE PAYMENT,-240.35,,,,2024-07-01,Sapphire Preferred,Venmo/Cash
2179,DEBIT,2024-07-05,VENMO            PAYMENT    1035419931308   WEB ID: 3264681992,-0.43,ACH_DEBIT,432.95,,2024-07-01,,Venmo/Cash
2180,DEBIT,2024-07-05,VENMO            PAYMENT    1035439124494   WEB ID: 3264681992,-0.96,ACH_DEBIT,433.38,,2024-07-01,,Social food/drinks
2181,DEBIT,2024-07-05,VENMO            PAYMENT    1035453485449   WEB ID: 3264681992,-1.06,ACH_DEBIT,431.89,,2024-07-01,,Grocery
2182,DEBIT,2024-07-05,Zelle payment to Colleen Neal  21316489667,-260.0,QUICKPAY_DEBIT,171.89,,2024-07-01,,Bills
2183,,2024-07-07,COMMUNITY BOATING INC.,-440.0,,,,2024-07-01,Sapphire Preferred,Social food/drinks
2184,,2024-07-07,SQ *3RD FLOOR NIGHTCLUB,-16.8,,,,2024-07-01,Sapphire Preferred,Social food/drinks
2185,,2024-07-07,SQ *YUME GA ARUKARA,-16.1,,,,2024-07-01,Sapphire Preferred,Social food/drinks
2186,,2024-07-07,TARGET        00032227,-25.96,,,,2024-07-01,Sapphire Preferred,Venmo/Cash
2187,,2024-07-07,THE ENVOY HOTEL FB,-29.75,,,,2024-07-01,Sapphire Preferred,Grocery
2188,,2024-07-07,THE ENVOY HOTEL FB,-24.61,,,,2024-07-01,Sapphire Preferred,Grocery
2189,,2024-07-07,UNION OYSTER HOUSE,-62.86,,,,2024-07-01,Sapphire Preferred,Shopping
2190,,2024-07-07,YOTOPIA,-1.07,,,,2024-07-01,Sapphire Preferred,Necessary meals
2191,,2024-07-08,BROTHERS MARKETPLACE #404,-27.45,,,,2024-07-01,Sapphire Preferred,Medical
2192,,2024-07-08,TM TICKETMASTER,-246.71,,,,2024-07-01,Sapphire Preferred,Medication
2193,,2024-07-08,TST* TJ'S CANTINA OF PORT,-18.98,,,,2024-07-01,Sapphire Preferred,Necessary meals
2194,DEBIT,2024-07-08,VENMO            PAYMENT    1035477842253   WEB ID: 3264681992,-1.06,ACH_DEBIT,118.52,,2024-07-01,,Venmo/Cash
2195,DEBIT,2024-07-08,VENMO            PAYMENT    1035504622459   WEB ID: 3264681992,-52.31,ACH_DEBIT,119.58,,2024-07-01,,Medical
2196,DEBIT,2024-07-08,VENMO            PAYMENT    1035511264036   WEB ID: 3264681992,-0.11,ACH_DEBIT,118.2,,2024-07-01,,Medical
2197,DEBIT,2024-07-08,VENMO            PAYMENT    1035511312608   WEB ID: 3264681992,-0.21,ACH_DEBIT,118.31,,2024-07-01,,Grocery
2198,DEBIT,2024-07-08,VENMO            PAYMENT    1035516146297   WEB ID: 3264681992,-1.06,ACH_DEBIT,117.14,,2024-07-01,,Medical
2199,DEBIT,2024-07-08,VENMO            PAYMENT    1035516431184   WEB ID: 3264681992,-1.06,ACH_DEBIT,116.08,,2024-07-01,,Bills
2200,,2024-07-09,CHIPOTLE 1615,-10.81,,,,2024-07-01,Sapphire Preferred,Travel
2201,,2024-07-09,COMMUTER RAIL SOUTH,-8.0,,,,2024-07-01,Sapphire Preferred,Travel
2202,,2024-07-09,UNITED      0162402876861,-143.85,,,,2024-07-01,Sapphire Preferred,Grocery
2203,,2024-07-10,AMK FENWAY PARK CONCES,-58.85,,,,2024-07-01,Sapphire Preferred,Necessary meals
2204,,2024-07-10,SQ *BON ME TEST KITCHEN,-15.25,,,,2024-07-01,Sapphire Preferred,Necessary meals
2205,,2024-07-10,TST* ACEITUNA CAFE,-15.99,,,,2024-07-01,Sapphire Preferred,Social food/drinks
2206,DEBIT,2024-07-11,COMCAST 8773102  263397871                  PPD ID: 0000213249,-85.93,ACH_DEBIT,232.76,,2024-07-01,,Subscriptions
2207,,2024-07-11,CVS/PHARMACY #11242,-11.46,,,,2024-07-01,Sapphire Preferred,Travel
2208,DEBIT,2024-07-11,EVERSOURCE       WEB_PAY    50775898062624  WEB ID: 1202042013,-143.97,ACH_DEBIT,318.69,,2024-07-01,,Grocery
2209,DEBIT,2024-07-11,GOOGLE *Google Storag 855-836-3987 CA        07/11,-2.12,DEBIT_CARD,462.66,,2024-07-01,,Grocery
2210,,2024-07-11,TARGET        00032227,-26.95,,,,2024-07-01,Sapphire Preferred,Transit
2211,,2024-07-12,RED SOX TICKETS,-345.0,,,,2024-07-01,Sapphire Preferred,Social food/drinks
2212,,2024-07-12,TST* ACEITUNA CAFE,-15.99,,,,2024-07-01,Sapphire Preferred,Venmo/Cash
2213,,2024-07-14,AMK FENWAY PARK CONCES,-58.85,,,,2024-07-01,Sapphire Preferred,Venmo/Cash
2214,,2024-07-14,EB FENWAY ALL ACCESS,-92.4,,,,2024-07-01,Sapphire Preferred,Venmo/Cash
2215,,2024-07-14,ROCHE BROTHERS121,-3.99,,,,2024-07-01,Sapphire Preferred,Venmo/Cash
2216,,2024-07-14,SQ *BON ME TEST KITCHEN,-15.25,,,,2024-07-01,Sapphire Preferred,Travel
2217,,2024-07-14,TST* ACEITUNA CAFE,-15.99,,,,2024-07-01,Sapphire Preferred,Social food/drinks
2218,,2024-07-14,TST* CASK 'N FLAGON - FEN,-83.74,,,,2024-07-01,Sapphire Preferred,Necessary meals
2219,DEBIT,2024-07-15,NON-CHASE ATM FEE-WITH,-3.0,FEE_TRANSACTION,3209.81,,2024-07-01,,Necessary meals
2220,DEBIT,2024-07-15,NON-CHASE ATM WITHDRAW               890286  07/151294 MASS,-43.5,ATM,3212.81,,2024-07-01,,Social food/drinks
2221,DEBIT,2024-07-15,VENMO            PAYMENT    1035626326794   WEB ID: 3264681992,-0.85,ACH_DEBIT,3284.26,,2024-07-01,,Social food/drinks
2222,DEBIT,2024-07-15,VENMO            PAYMENT    1035626422386   WEB ID: 3264681992,-0.85,ACH_DEBIT,3283.41,,2024-07-01,,Grocery
2223,DEBIT,2024-07-15,VENMO            PAYMENT    1035636479755   WEB ID: 3264681992,-1.06,ACH_DEBIT,3287.13,,2024-07-01,,Social food/drinks
2224,DEBIT,2024-07-15,VENMO            PAYMENT    1035636762142   WEB ID: 3264681992,-0.74,ACH_DEBIT,3282.67,,2024-07-01,,Social food/drinks
2225,DEBIT,2024-07-15,VENMO            PAYMENT    1035636802012   WEB ID: 3264681992,-0.21,ACH_DEBIT,3281.93,,2024-07-01,,Venmo/Cash
2226,DEBIT,2024-07-15,VENMO            PAYMENT    1035636981510   WEB ID: 3264681992,-1.06,ACH_DEBIT,3286.07,,2024-07-01,,Venmo/Cash
2227,DEBIT,2024-07-15,VENMO            PAYMENT    1035640600911   WEB ID: 3264681992,-0.53,ACH_DEBIT,3282.14,,2024-07-01,,Necessary meals
2228,DEBIT,2024-07-15,VENMO            PAYMENT    1035640746570   WEB ID: 3264681992,-0.96,ACH_DEBIT,3285.11,,2024-07-01,,Entertainment
2229,DEBIT,2024-07-15,VENMO            PAYMENT    1035648902174   WEB ID: 3264681992,-18.28,ACH_DEBIT,3263.65,,2024-07-01,,Shopping
2230,DEBIT,2024-07-15,VENMO            PAYMENT    1035655487089   WEB ID: 3264681992,-0.43,ACH_DEBIT,3256.95,,2024-07-01,,Venmo/Cash
2231,DEBIT,2024-07-15,VENMO            PAYMENT    1035655561073   WEB ID: 3264681992,-0.32,ACH_DEBIT,3256.31,,2024-07-01,,Travel
2232,DEBIT,2024-07-15,VENMO            PAYMENT    1035655751641   WEB ID: 3264681992,-1.06,ACH_DEBIT,3259.41,,2024-07-01,,Necessary meals
2233,DEBIT,2024-07-15,VENMO            PAYMENT    1035661831918   WEB ID: 3264681992,-0.64,ACH_DEBIT,3258.77,,2024-07-01,,Grocery
2234,DEBIT,2024-07-15,VENMO            PAYMENT    1035661896238   WEB ID: 3264681992,-0.53,ACH_DEBIT,3258.24,,2024-07-01,,Grocery
2235,DEBIT,2024-07-15,VENMO            PAYMENT    1035661944892   WEB ID: 3264681992,-0.43,ACH_DEBIT,3257.81,,2024-07-01,,Grocery
2236,DEBIT,2024-07-15,VENMO            PAYMENT    1035662050124   WEB ID: 3264681992,-1.06,ACH_DEBIT,3262.59,,2024-07-01,,Necessary meals
2237,DEBIT,2024-07-15,VENMO            PAYMENT    1035662100490   WEB ID: 3264681992,-0.32,ACH_DEBIT,3256.63,,2024-07-01,,Necessary meals
2238,DEBIT,2024-07-15,VENMO            PAYMENT    1035662156664   WEB ID: 3264681992,-0.43,ACH_DEBIT,3257.38,,2024-07-01,,Shopping
2239,DEBIT,2024-07-15,VENMO            PAYMENT    1035662352332   WEB ID: 3264681992,-1.06,ACH_DEBIT,3261.53,,2024-07-01,,Necessary meals
2240,DEBIT,2024-07-15,VENMO            PAYMENT    1035663095261   WEB ID: 3264681992,-1.06,ACH_DEBIT,3260.47,,2024-07-01,,Venmo/Cash
2241,,2024-07-16,BROTHERS MARKETPLACE #404,-30.08,,,,2024-07-01,Sapphire Preferred,Venmo/Cash
2242,,2024-07-16,BSPT-CAM,-80.0,,,,2024-07-01,Sapphire Preferred,Venmo/Cash
2243,DEBIT,2024-07-16,VENMO            PAYMENT    1035663264909   WEB ID: 3264681992,-1.06,ACH_DEBIT,3208.75,,2024-07-01,,Venmo/Cash
2244,DEBIT,2024-07-16,VENMO            PAYMENT    1035678791522   WEB ID: 3264681992,-0.74,ACH_DEBIT,3208.01,,2024-07-01,,Venmo/Cash
2245,,2024-07-17,BROTHERS MARKETPLACE #404,-13.79,,,,2024-07-01,Sapphire Preferred,Venmo/Cash
2246,,2024-07-17,VTG*Elizabeth A. Willems ,-166.71,,,,2024-07-01,Sapphire Preferred,Venmo/Cash
2247,,2024-07-17,VTG*Elizabeth A. Willems ,-126.92,,,,2024-07-01,Sapphire Preferred,Social food/drinks
2248,,2024-07-18,BROTHERS MARKETPLACE #404,-14.17,,,,2024-07-01,Sapphire Preferred,Shopping
2249,,2024-07-18,BSPT-CAM,-5.0,,,,2024-07-01,Sapphire Preferred,Shopping
2250,,2024-07-18,SQ *TOSCANINI'S ICE CREAM,-6.35,,,,2024-07-01,Sapphire Preferred,Grocery
2251,,2024-07-18,TST* ACEITUNA CAFE,-15.99,,,,2024-07-01,Sapphire Preferred,Social food/drinks
2252,,2024-07-18,Zipcar Monthly Plan,-9.56,,,,2024-07-01,Sapphire Preferred,Social food/drinks
2253,,2024-07-19,SQ *BON ME TEST KITCHEN,-14.5,,,,2024-07-01,Sapphire Preferred,Venmo/Cash
2254,,2024-07-19,TST* ACEITUNA CAFE,-15.99,,,,2024-07-01,Sapphire Preferred,Venmo/Cash
2255,,2024-07-21,CHIPOTLE 1615,-10.81,,,,2024-07-01,Sapphire Preferred,Necessary meals
2256,,2024-07-21,CVS/PHARMACY #11242,-11.46,,,,2024-07-01,Sapphire Preferred,Grocery
2257,,2024-07-21,TST* ACEITUNA CAFE,-15.99,,,,2024-07-01,Sapphire Preferred,Social food/drinks
2258,,2024-07-21,TST* NIGHT SHIFT -ESPLANA,-9.15,,,,2024-07-01,Sapphire Preferred,Venmo/Cash
2259,,2024-07-21,TST* SPOKE WINE BAR,-98.8,,,,2024-07-01,Sapphire Preferred,Venmo/Cash
2260,,2024-07-22,Amazon.com*RJ49P0LG1,-97.38,,,,2024-07-01,Sapphire Preferred,Venmo/Cash
2261,,2024-07-22,TARGET        00032227,-6.49,,,,2024-07-01,Sapphire Preferred,Grocery
2262,DEBIT,2024-07-22,TJX REWARDS      PAYMENT    524366300420838 WEB ID: 9130142001,-20.55,ACH_DEBIT,2940.7,,2024-07-01,,Medication
2263,,2024-07-22,TST* SHY BIRD,-22.33,,,,2024-07-01,Sapphire Preferred,Social food/drinks
2264,DEBIT,2024-07-22,VENMO            PAYMENT    1035781801783   WEB ID: 3264681992,-0.11,ACH_DEBIT,2961.25,,2024-07-01,,Grocery
2265,DEBIT,2024-07-22,VENMO            PAYMENT    1035783408177   WEB ID: 3264681992,-1.06,ACH_DEBIT,2964.01,,2024-07-01,,Grocery
2266,DEBIT,2024-07-22,VENMO            PAYMENT    1035783437503   WEB ID: 3264681992,-0.21,ACH_DEBIT,2961.68,,2024-07-01,,Necessary meals
2267,DEBIT,2024-07-22,VENMO            PAYMENT    1035783481515   WEB ID: 3264681992,-88.0,ACH_DEBIT,2993.01,,2024-07-01,,Necessary meals
2268,DEBIT,2024-07-22,VENMO            PAYMENT    1035785120793   WEB ID: 3264681992,-0.53,ACH_DEBIT,2961.89,,2024-07-01,,Necessary meals
2269,DEBIT,2024-07-22,VENMO            PAYMENT    1035785189233   WEB ID: 3264681992,-0.74,ACH_DEBIT,2962.42,,2024-07-01,,Grocery
2270,DEBIT,2024-07-22,VENMO            PAYMENT    1035785209861   WEB ID: 3264681992,-0.21,ACH_DEBIT,2961.47,,2024-07-01,,Subscriptions
2271,DEBIT,2024-07-22,VENMO            PAYMENT    1035785275103   WEB ID: 3264681992,-0.85,ACH_DEBIT,2963.16,,2024-07-01,,Social food/drinks
2272,DEBIT,2024-07-22,VENMO            PAYMENT    1035785284909   WEB ID: 3264681992,-0.11,ACH_DEBIT,2961.36,,2024-07-01,,Bills
2273,DEBIT,2024-07-22,VENMO            PAYMENT    1035789042791   WEB ID: 3264681992,-27.94,ACH_DEBIT,2965.07,,2024-07-01,,Transit
2274,,2024-07-22,VIVID SEATS SAN FRANC,-175.5,,,,2024-07-01,Sapphire Preferred,Haircut
2275,DEBIT,2024-07-22,Zelle payment to Colleen Neal  21476614208,-130.0,QUICKPAY_DEBIT,3081.01,,2024-07-01,,Social food/drinks
2276,,2024-07-23,Store,-21.68,,,,2024-07-01,Sapphire Preferred,Venmo/Cash
2277,,2024-07-24,HOUSTONPHYSICIANSHOSPITAL,-696.93,,,,2024-07-01,Sapphire Preferred,Venmo/Cash
2278,,2024-07-25,PVR APTO SUBWY AMB NVO,-8.61,,,,2024-07-01,Sapphire Preferred,Venmo/Cash
2279,,2024-07-25,REST LANGOSTINOS,-156.29,,,,2024-07-01,Sapphire Preferred,Venmo/Cash
2280,,2024-07-26,GOOGLE *YouTube TV,-68.19,,,,2024-07-01,Sapphire Preferred,Venmo/Cash
2281,,2024-07-26,OXXO TERMINAL AEREAIII,-1.56,,,,2024-07-01,Sapphire Preferred,Venmo/Cash
2282,,2024-07-26,SENOR FROGS II,-21.79,,,,2024-07-01,Sapphire Preferred,Venmo/Cash
2283,,2024-07-26,UNITED      0162407602346,-203.32,,,,2024-07-01,Sapphire Preferred,Venmo/Cash
2284,,2024-07-28,OXXO PRESIDENCIA,-2.62,,,,2024-07-01,Sapphire Preferred,Venmo/Cash
2285,,2024-07-28,OXXO RIO CUALE,-1.49,,,,2024-07-01,Sapphire Preferred,Exercise
2286,,2024-07-28,SORIANA327 PZACARACOL,-17.11,,,,2024-07-01,Sapphire Preferred,Exercise
2287,,2024-07-29,AEROP DE PTO VALLARTA,-6.01,,,,2024-07-01,Sapphire Preferred,Shopping
2288,,2024-07-29,GARLANDS DEL RIO,-26.29,,,,2024-07-01,Sapphire Preferred,Necessary meals
2289,,2024-07-29,OXXO INSURGENTES,-1.53,,,,2024-07-01,Sapphire Preferred,Transit
2290,,2024-07-29,PVR APTO SUBWY AMB NVO,-12.07,,,,2024-07-01,Sapphire Preferred,Necessary meals
2291,DEBIT,2024-07-29,VENMO            PAYMENT    1035927613773   WEB ID: 3264681992,-2.87,ACH_DEBIT,2937.83,,2024-07-01,,Venmo/Cash
2292,,2024-07-30,IN-N-OUT MILLBRAE,-9.29,,,,2024-07-01,Sapphire Preferred,Social food/drinks
2293,,2024-07-30,OXXO INSURGENTES,-4.15,,,,2024-07-01,Sapphire Preferred,Shopping
2294,DEBIT,2024-07-30,VENMO            PAYMENT    1035946350706   WEB ID: 3264681992,-537.0,ACH_DEBIT,2400.83,,2024-07-01,,Necessary meals
2295,DEBIT,2024-07-30,VENMO            PAYMENT    1035962139530   WEB ID: 3264681992,-8.89,ACH_DEBIT,2391.94,,2024-07-01,,Transit
2296,DEBIT,2024-07-31,NON-CHASE ATM FEE-WITH,-3.0,FEE_TRANSACTION,5371.83,,2024-07-01,,Transit
2297,DEBIT,2024-07-31,NON-CHASE ATM WITHDRAW               300472  07/31200 TOWNS,-63.0,ATM,5374.83,,2024-07-01,,Necessary meals
2298,,2024-07-31,SAIS RESTAURANT AND BAR,-33.2,,,,2024-07-01,Sapphire Preferred,Grocery
2299,,2024-07-31,THE MELT 1ST AND MARKET,-20.27,,,,2024-07-01,Sapphire Preferred,Social food/drinks
2300,,2024-07-31,TST* STATE BIRD PROVISION,-162.18,,,,2024-07-01,Sapphire Preferred,Shopping
2301,,2024-07-31,TYCOON KITCHEN,-20.46,,,,2024-07-01,Sapphire Preferred,Shopping
2302,DEBIT,2024-07-31,VENMO            PAYMENT    1035963805353   WEB ID: 3264681992,-9.54,ACH_DEBIT,5437.83,,2024-07-01,,Social food/drinks
2303,DEBIT,2024-08-01,GOOGLE *RelayForReddi 855-836-3987 CA        08/01,-2.15,DEBIT_CARD,5369.68,,2024-08-01,,Necessary meals
2304,,2024-08-01,Subway 6985,-13.62,,,,2024-08-01,Sapphire Preferred,Necessary meals
2305,DEBIT,2024-08-01,VENMO            PAYMENT    1035998669189   WEB ID: 3264681992,-9.86,ACH_DEBIT,5359.82,,2024-08-01,,Social food/drinks
2306,DEBIT,2024-08-01,VENMO            PAYMENT    1036001223517   WEB ID: 3264681992,-3.26,ACH_DEBIT,5348.32,,2024-08-01,,Venmo/Cash
2307,DEBIT,2024-08-01,VENMO            PAYMENT    1036001440826   WEB ID: 3264681992,-3.26,ACH_DEBIT,5345.06,,2024-08-01,,Venmo/Cash
2308,DEBIT,2024-08-01,VENMO            PAYMENT    1036001717766   WEB ID: 3264681992,-8.24,ACH_DEBIT,5351.58,,2024-08-01,,Venmo/Cash
2309,,2024-08-02,ARMK ORACLE PARK - CLU,-20.76,,,,2024-08-01,Sapphire Preferred,Venmo/Cash
2310,,2024-08-02,CLIPPER SYSTEMS MOBILE #1,-16.0,,,,2024-08-01,Sapphire Preferred,Venmo/Cash
2311,DEBIT,2024-08-02,VENMO            PAYMENT    1036005567113   WEB ID: 3264681992,-14.09,ACH_DEBIT,5330.97,,2024-08-01,,Venmo/Cash
2312,,2024-08-02,WOODBURY,-66.56,,,,2024-08-01,Sapphire Preferred,Venmo/Cash
2313,,2024-08-04,BROTHERS MARKETPLACE #404,-12.28,,,,2024-08-01,Sapphire Preferred,Venmo/Cash
2314,,2024-08-04,FANTUAN DELIVERY,-22.27,,,,2024-08-01,Sapphire Preferred,Venmo/Cash
2315,,2024-08-04,GRUBHUBTHESANDWICHBOS,-26.05,,,,2024-08-01,Sapphire Preferred,Venmo/Cash
2316,,2024-08-04,MBTA-550000302863-2264,-2.4,,,,2024-08-01,Sapphire Preferred,Venmo/Cash
2317,,2024-08-04,UA INFLT    0164422646717,-8.0,,,,2024-08-01,Sapphire Preferred,Venmo/Cash
2318,,2024-08-04,WHOLEFDS CAM 10010,-38.94,,,,2024-08-01,Sapphire Preferred,Venmo/Cash
2319,,2024-08-05,AMAZON MKTPL*RF42V5T91,-19.11,,,,2024-08-01,Sapphire Preferred,Venmo/Cash
2320,,2024-08-05,Amazon Prime*RF9SV4TX1,-8.11,,,,2024-08-01,Sapphire Preferred,Venmo/Cash
2321,,2024-08-05,BROTHERS MARKETPLACE #404,-9.98,,,,2024-08-01,Sapphire Preferred,Venmo/Cash
2322,,2024-08-05,RED SOX TICKETS,-206.5,,,,2024-08-01,Sapphire Preferred,Venmo/Cash
2323,,2024-08-05,TARGET        00032227,-28.35,,,,2024-08-01,Sapphire Preferred,Necessary meals
2324,DEBIT,2024-08-05,VENMO            PAYMENT    1036071637722   WEB ID: 3264681992,-0.74,ACH_DEBIT,5333.23,,2024-08-01,,Necessary meals
2325,DEBIT,2024-08-05,VENMO            PAYMENT    1036076423882   WEB ID: 3264681992,-1.7,ACH_DEBIT,5331.53,,2024-08-01,,Venmo/Cash
2326,DEBIT,2024-08-05,VENMO            PAYMENT    1036080621167   WEB ID: 3264681992,-0.74,ACH_DEBIT,5328.77,,2024-08-01,,Social food/drinks
2327,DEBIT,2024-08-05,VENMO            PAYMENT    1036080761194   WEB ID: 3264681992,-1.06,ACH_DEBIT,5330.47,,2024-08-01,,Bills
2328,DEBIT,2024-08-05,VENMO            PAYMENT    1036080908631   WEB ID: 3264681992,-0.96,ACH_DEBIT,5329.51,,2024-08-01,,Bills
2329,DEBIT,2024-08-05,VENMO            PAYMENT    1036087466511   WEB ID: 3264681992,-0.32,ACH_DEBIT,5328.45,,2024-08-01,,Travel
2330,,2024-08-06,KENDALL SQ ECOM 231,-73.0,,,,2024-08-01,Sapphire Preferred,Entertainment
2331,,2024-08-06,Zipcar Trip AUG06,-26.86,,,,2024-08-01,Sapphire Preferred,Grocery
2332,,2024-08-06,Zipcar Trip AUG06,-25.27,,,,2024-08-01,Sapphire Preferred,Social food/drinks
2333,,2024-08-06,Zipcar Trip AUG06,26.86,,,,2024-08-01,Sapphire Preferred,Subscriptions
2334,,2024-08-07,10078D CAVA KENDALL SQ,-12.89,,,,2024-08-01,Sapphire Preferred,Social food/drinks
2335,,2024-08-07,TST* ACEITUNA CAFE,-15.99,,,,2024-08-01,Sapphire Preferred,Entertainment
2336,DEBIT,2024-08-07,VENMO            PAYMENT    1036129291966   WEB ID: 3264681992,-1.06,ACH_DEBIT,781.51,,2024-08-01,,Necessary meals
2337,DEBIT,2024-08-07,VENMO            PAYMENT    1036129406617   WEB ID: 3264681992,-0.64,ACH_DEBIT,780.87,,2024-08-01,,Venmo/Cash
2338,,2024-08-08,BSPT-CAM,-215.09,,,,2024-08-01,Sapphire Preferred,Shopping
2339,,2024-08-08,USAA INSURANCE PAYMENT,-30.0,,,,2024-08-01,Sapphire Preferred,Grocery
2340,DEBIT,2024-08-08,VENMO            PAYMENT    1036149113775   WEB ID: 3264681992,-0.85,ACH_DEBIT,780.02,,2024-08-01,,Social food/drinks
2341,,2024-08-08,VTG*Elizabeth A. Willems ,-166.71,,,,2024-08-01,Sapphire Preferred,Necessary meals
2342,,2024-08-09,BROTHERS MARKETPLACE #404,-20.35,,,,2024-08-01,Sapphire Preferred,Necessary meals
2343,,2024-08-09,TST* NINE TASTES,-51.75,,,,2024-08-01,Sapphire Preferred,Travel
2344,,2024-08-09,USTA SOCIAL LEAGUE,-75.0,,,,2024-08-01,Sapphire Preferred,Shopping
2345,DEBIT,2024-08-09,VENMO            PAYMENT    1036172438929   WEB ID: 3264681992,-0.74,ACH_DEBIT,778.43,,2024-08-01,,Social food/drinks
2346,DEBIT,2024-08-09,VENMO            PAYMENT    1036172556324   WEB ID: 3264681992,-0.85,ACH_DEBIT,779.17,,2024-08-01,,Venmo/Cash
2347,DEBIT,2024-08-09,VENMO            PAYMENT    1036172647638   WEB ID: 3264681992,-0.53,ACH_DEBIT,777.9,,2024-08-01,,Venmo/Cash
2348,,2024-08-09,WWW.STICKERYOU.COM,-9.98,,,,2024-08-01,Sapphire Preferred,Venmo/Cash
2349,,2024-08-11,AMAZON MKTPL*RM97F6N51,-94.56,,,,2024-08-01,Sapphire Preferred,Venmo/Cash
2350,,2024-08-11,AMK FENWAY PARK CONCES,-14.72,,,,2024-08-01,Sapphire Preferred,Venmo/Cash
2351,,2024-08-11,ROCA 24 GROCERY,-13.01,,,,2024-08-01,Sapphire Preferred,Venmo/Cash
2352,,2024-08-11,TICKPICK,-752.0,,,,2024-08-01,Sapphire Preferred,Venmo/Cash
2353,,2024-08-11,TST* ACEITUNA CAFE,-15.99,,,,2024-08-01,Sapphire Preferred,Venmo/Cash
2354,,2024-08-11,TST* CASK 'N FLAGON - FEN,-73.1,,,,2024-08-01,Sapphire Preferred,Venmo/Cash
2355,,2024-08-11,TST* CASK 'N FLAGON - FEN,-19.26,,,,2024-08-01,Sapphire Preferred,Venmo/Cash
2356,,2024-08-11,TST*CAFE LUNA - MAIN STR,-99.52,,,,2024-08-01,Sapphire Preferred,Venmo/Cash
2357,,2024-08-11,TST*LAS AMIGAS - NEW,-59.04,,,,2024-08-01,Sapphire Preferred,Venmo/Cash
2358,,2024-08-11,Zipcar Trip AUG11,-160.11,,,,2024-08-01,Sapphire Preferred,Venmo/Cash
2359,DEBIT,2024-08-12,COMCAST 8773102  263397871                  PPD ID: 0000213249,-85.93,ACH_DEBIT,689.0,,2024-08-01,,Social food/drinks
2360,,2024-08-12,GAMETIME    TICKETS,-276.0,,,,2024-08-01,Sapphire Preferred,Necessary meals
2361,DEBIT,2024-08-12,GOOGLE *GOOGLE ONE MOUNTAIN VIEW CA  350355  08/10,-2.12,DEBIT_CARD,774.93,,2024-08-01,,Medication
2362,,2024-08-12,ROY MOORE LOBSTER CO,-98.44,,,,2024-08-01,Sapphire Preferred,Clothing
2363,,2024-08-12,SEOUL RESTAURANT,-73.28,,,,2024-08-01,Sapphire Preferred,Venmo/Cash
2364,,2024-08-12,SQ *THE ICE CREAM STORE,-7.64,,,,2024-08-01,Sapphire Preferred,Venmo/Cash
2365,,2024-08-12,Town of Rockport  MA,-1.35,,,,2024-08-01,Sapphire Preferred,Venmo/Cash
2366,DEBIT,2024-08-12,VENMO            PAYMENT    1036182669518   WEB ID: 3264681992,-0.85,ACH_DEBIT,777.05,,2024-08-01,,Necessary meals
2367,DEBIT,2024-08-12,VENMO            PAYMENT    1036202599409   WEB ID: 3264681992,-26.93,ACH_DEBIT,662.07,,2024-08-01,,Necessary meals
2368,DEBIT,2024-08-12,VENMO            PAYMENT    1036217693601   WEB ID: 3264681992,-24.66,ACH_DEBIT,637.41,,2024-08-01,,Medical
2369,DEBIT,2024-08-12,VENMO            PAYMENT    1036221869900   WEB ID: 3264681992,-13.91,ACH_DEBIT,623.5,,2024-08-01,,Subscriptions
2370,,2024-08-13,AMK FENWAY PARK CONCES,-14.72,,,,2024-08-01,Sapphire Preferred,Necessary meals
2371,,2024-08-13,BROTHERS MARKETPLACE #404,-12.86,,,,2024-08-01,Sapphire Preferred,Venmo/Cash
2372,DEBIT,2024-08-13,EVERSOURCE       WEB_PAY    54661936072924  WEB ID: 1202042013,-187.69,ACH_DEBIT,3235.81,,2024-08-01,,Venmo/Cash
2373,,2024-08-13,LS CAMBRIDGE SPIRITS,-44.99,,,,2024-08-01,Sapphire Preferred,Grocery
2374,,2024-08-13,TST* CASK 'N FLAGON - FEN,-101.7,,,,2024-08-01,Sapphire Preferred,Travel
2375,,2024-08-13,TST* CASK 'N FLAGON - FEN,-21.26,,,,2024-08-01,Sapphire Preferred,Entertainment
2376,DEBIT,2024-08-13,VENMO            PAYMENT    1036242906092   WEB ID: 3264681992,-3.13,ACH_DEBIT,3232.68,,2024-08-01,,Social food/drinks
2377,,2024-08-14,BROTHERS MARKETPLACE #404,-15.6,,,,2024-08-01,Sapphire Preferred,Social food/drinks
2378,,2024-08-14,BROTHERS MARKETPLACE #404,-7.43,,,,2024-08-01,Sapphire Preferred,Social food/drinks
2379,,2024-08-14,TARGET        00032227,-29.25,,,,2024-08-01,Sapphire Preferred,Social food/drinks
2380,,2024-08-14,TST* ACEITUNA CAFE,-15.99,,,,2024-08-01,Sapphire Preferred,Social food/drinks
2381,,2024-08-15,CAMBRIDGE HEALTH MYCHART,-121.39,,,,2024-08-01,Sapphire Preferred,Social food/drinks
2382,,2024-08-15,CVS/PHARMACY #11242,-34.18,,,,2024-08-01,Sapphire Preferred,Social food/drinks
2383,,2024-08-15,TST* TATTE BAKERY 3RD,-18.72,,,,2024-08-01,Sapphire Preferred,Social food/drinks
2384,DEBIT,2024-08-15,VENMO            PAYMENT    1036282039648   WEB ID: 3264681992,-16.05,ACH_DEBIT,7805.15,,2024-08-01,,Social food/drinks
2385,,2024-08-15,VTG*Elizabeth A. Willems ,166.71,,,,2024-08-01,Sapphire Preferred,Social food/drinks
2386,,2024-08-15,VTG*Elizabeth A. Willems ,166.71,,,,2024-08-01,Sapphire Preferred,Social food/drinks
2387,,2024-08-16,BROTHERS MARKETPLACE #404,-15.98,,,,2024-08-01,Sapphire Preferred,Entertainment
2388,,2024-08-16,BSPT-CAM,-25.0,,,,2024-08-01,Sapphire Preferred,Social food/drinks
2389,DEBIT,2024-08-16,LPCRESIDENT3-225 WEB PMTS   5V87XG          WEB ID: 9000326709,-3935.9,ACH_DEBIT,3869.25,,2024-08-01,,Social food/drinks
2390,,2024-08-16,Zipcar Toll AUG06,-2.95,,,,2024-08-01,Sapphire Preferred,Social food/drinks
2391,,2024-08-16,Zipcar Toll AUG06,-2.95,,,,2024-08-01,Sapphire Preferred,Social food/drinks
2392,,2024-08-18,BROTHERS MARKETPLACE #404,-4.67,,,,2024-08-01,Sapphire Preferred,Travel
2393,,2024-08-18,CHIPOTLE 1615,-10.11,,,,2024-08-01,Sapphire Preferred,Travel
2394,,2024-08-18,TST* ACEITUNA CAFE,-15.99,,,,2024-08-01,Sapphire Preferred,Transit
2395,,2024-08-18,TST* STATE PARK,-22.32,,,,2024-08-01,Sapphire Preferred,Entertainment
2396,,2024-08-18,Zipcar Monthly Plan,-9.56,,,,2024-08-01,Sapphire Preferred,Social food/drinks
2397,,2024-08-18,Zipcar Trip AUG18,-128.73,,,,2024-08-01,Sapphire Preferred,Social food/drinks
2398,,2024-08-19,BROTHERS MARKETPLACE #404,-16.59,,,,2024-08-01,Sapphire Preferred,Social food/drinks
2399,,2024-08-19,BROTHERS MARKETPLACE #404,-2.34,,,,2024-08-01,Sapphire Preferred,Social food/drinks
2400,,2024-08-19,DCR-METER PARKING,-8.0,,,,2024-08-01,Sapphire Preferred,Social food/drinks
2401,,2024-08-19,TST*MYUNG DONG,-183.53,,,,2024-08-01,Sapphire Preferred,Social food/drinks
2402,DEBIT,2024-08-19,VENMO            PAYMENT    1036323275254   WEB ID: 3264681992,-28.2,ACH_DEBIT,3841.05,,2024-08-01,,Travel
2403,DEBIT,2024-08-19,VENMO            PAYMENT    1036351904797   WEB ID: 3264681992,-1.06,ACH_DEBIT,3839.99,,2024-08-01,,Travel
2404,DEBIT,2024-08-19,VENMO            PAYMENT    1036355417931   WEB ID: 3264681992,-0.21,ACH_DEBIT,3839.78,,2024-08-01,,Travel
2405,DEBIT,2024-08-19,VENMO            PAYMENT    1036359158353   WEB ID: 3264681992,-5.52,ACH_DEBIT,3834.26,,2024-08-01,,Transit
2406,,2024-08-19,Zipcar Extend AUG18,-23.41,,,,2024-08-01,Sapphire Preferred,Venmo/Cash
2407,,2024-08-20,9ZAAB THAI STREET FOOD,-69.71,,,,2024-08-01,Sapphire Preferred,Transit
2408,,2024-08-21,SQ *BON ME TEST KITCHEN,-15.25,,,,2024-08-01,Sapphire Preferred,Transit
2409,,2024-08-21,TST* ACEITUNA CAFE,-15.99,,,,2024-08-01,Sapphire Preferred,Transit
2410,,2024-08-22,1010 CAFFE NERO CENTRAL S,-4.06,,,,2024-08-01,Sapphire Preferred,Transit
2411,,2024-08-22,21ST AMENDMENT BOSTON,-37.64,,,,2024-08-01,Sapphire Preferred,Travel
2412,,2024-08-22,BROTHERS MARKETPLACE #404,-27.69,,,,2024-08-01,Sapphire Preferred,Social food/drinks
2413,,2024-08-22,TST* A.T. O'KEEFFE'S,-30.27,,,,2024-08-01,Sapphire Preferred,Social food/drinks
2414,,2024-08-22,TST*LILY PS,-63.64,,,,2024-08-01,Sapphire Preferred,Social food/drinks
2415,DEBIT,2024-08-22,VENMO            PAYMENT    1036415861879   WEB ID: 3264681992,-0.32,ACH_DEBIT,3832.88,,2024-08-01,,Social food/drinks
2416,DEBIT,2024-08-22,VENMO            PAYMENT    1036415990858   WEB ID: 3264681992,-1.06,ACH_DEBIT,3833.2,,2024-08-01,,Social food/drinks
2417,,2024-08-23,HUNGRYPANDA US INC,-27.12,,,,2024-08-01,Sapphire Preferred,Transit
2418,,2024-08-23,Store,-15.05,,,,2024-08-01,Sapphire Preferred,Transit
2419,,2024-08-23,TARGET        00032227,-10.28,,,,2024-08-01,Sapphire Preferred,Transit
2420,DEBIT,2024-08-23,VENMO            PAYMENT    1036443216885   WEB ID: 3264681992,-1.06,ACH_DEBIT,3831.82,,2024-08-01,,Entertainment
2421,,2024-08-23,Zipcar Toll AUG11,-1.55,,,,2024-08-01,Sapphire Preferred,Transit
2422,,2024-08-25,CHIPOTLE 1615,-10.11,,,,2024-08-01,Sapphire Preferred,Transit
2423,,2024-08-26,BROTHERS MARKETPLACE #404,-13.98,,,,2024-08-01,Sapphire Preferred,Shopping
2424,,2024-08-26,BROTHERS MARKETPLACE #404,-4.67,,,,2024-08-01,Sapphire Preferred,Clothing
2425,,2024-08-26,BROTHERS MARKETPLACE #404,-4.29,,,,2024-08-01,Sapphire Preferred,Travel
2426,,2024-08-26,HUNGRYPANDA US INC,-22.41,,,,2024-08-01,Sapphire Preferred,Travel
2427,,2024-08-26,Subway 31620,-14.1,,,,2024-08-01,Sapphire Preferred,Social food/drinks
2428,,2024-08-26,TARGET        00032227,-19.47,,,,2024-08-01,Sapphire Preferred,Social food/drinks
2429,,2024-08-26,TST* ACEITUNA CAFE,-15.99,,,,2024-08-01,Sapphire Preferred,Transit
2430,DEBIT,2024-08-26,VENMO            PAYMENT    1036488538735   WEB ID: 3264681992,-1.06,ACH_DEBIT,3062.48,,2024-08-01,,Shopping
2431,DEBIT,2024-08-26,VENMO            PAYMENT    1036491859252   WEB ID: 3264681992,-1.06,ACH_DEBIT,3063.54,,2024-08-01,,Travel
2432,DEBIT,2024-08-26,VENMO            PAYMENT    1036501743233   WEB ID: 3264681992,-21.04,ACH_DEBIT,3064.6,,2024-08-01,,Necessary meals
2433,DEBIT,2024-08-26,VENMO            PAYMENT    1036507361430   WEB ID: 3264681992,-746.18,ACH_DEBIT,3085.64,,2024-08-01,,Travel
2434,DEBIT,2024-08-26,VENMO            PAYMENT    1036510572686   WEB ID: 3264681992,-1.06,ACH_DEBIT,3060.36,,2024-08-01,,Social food/drinks
2435,DEBIT,2024-08-26,VENMO            PAYMENT    1036514686065   WEB ID: 3264681992,-1.06,ACH_DEBIT,3061.42,,2024-08-01,,Social food/drinks
2436,DEBIT,2024-08-26,VENMO            PAYMENT    1036514980566   WEB ID: 3264681992,-0.53,ACH_DEBIT,3059.83,,2024-08-01,,Social food/drinks
2437,,2024-08-27,ALS CAFE &amp;* ALS CAFE &amp;,-17.71,,,,2024-08-01,Sapphire Preferred,Social food/drinks
2438,,2024-08-27,AMAZON MKTPL*RK8W22AL2,-89.25,,,,2024-08-01,Sapphire Preferred,Transit
2439,,2024-08-27,Amazon.com*R41RV1KL1,-69.01,,,,2024-08-01,Sapphire Preferred,Necessary meals
2440,,2024-08-27,BROTHERS MARKETPLACE #404,-22.73,,,,2024-08-01,Sapphire Preferred,Social food/drinks
2441,,2024-08-28,AMK FENWAY PARK CONCES,-47.38,,,,2024-08-01,Sapphire Preferred,Social food/drinks
2442,,2024-08-28,AMK FENWAY PARK CONCES,-29.42,,,,2024-08-01,Sapphire Preferred,Social food/drinks
2443,DEBIT,2024-08-28,VENMO            PAYMENT    1036542534360   WEB ID: 3264681992,-1.06,ACH_DEBIT,3058.77,,2024-08-01,,Travel
2444,DEBIT,2024-08-28,VENMO            PAYMENT    1036543781250   WEB ID: 3264681992,-1.06,ACH_DEBIT,3057.71,,2024-08-01,,Social food/drinks
2445,,2024-08-29,TST* ACEITUNA CAFE,-15.99,,,,2024-08-01,Sapphire Preferred,Social food/drinks
2446,,2024-08-30,BROTHERS MARKETPLACE #404,-4.09,,,,2024-08-01,Sapphire Preferred,Social food/drinks
2447,,2024-08-30,TST*LILY PS,-72.06,,,,2024-08-01,Sapphire Preferred,Social food/drinks
2448,DEBIT,2024-08-30,VENMO            PAYMENT    1036584669773   WEB ID: 3264681992,-0.74,ACH_DEBIT,6110.26,,2024-08-01,,Social food/drinks
2449,DEBIT,2024-08-30,VENMO            PAYMENT    1036593178508   WEB ID: 3264681992,-1.06,ACH_DEBIT,6111.0,,2024-08-01,,Necessary meals
2450,DEBIT,2024-08-30,VENMO            PAYMENT    1036593376284   WEB ID: 3264681992,-1.06,ACH_DEBIT,6112.06,,2024-08-01,,Social food/drinks
2451,,2024-09-01,BROTHERS MARKETPLACE #404,-18.86,,,,2024-09-01,Sapphire Preferred,Necessary meals
2452,,2024-09-01,CVS/PHARMACY #11242,-1.79,,,,2024-09-01,Sapphire Preferred,Social food/drinks
2453,,2024-09-01,HORNSTRA FARM (ICE CREAM,-5.0,,,,2024-09-01,Sapphire Preferred,Social food/drinks
2454,,2024-09-01,HORNSTRA FARM STORE,-13.0,,,,2024-09-01,Sapphire Preferred,Bills
2455,,2024-09-01,HORNSTRA FARM STORE,-3.81,,,,2024-09-01,Sapphire Preferred,Grocery
2456,,2024-09-01,Subway 31620,-14.1,,,,2024-09-01,Sapphire Preferred,Grocery
2457,,2024-09-01,TST* ACEITUNA CAFE,-15.99,,,,2024-09-01,Sapphire Preferred,Transit
2458,,2024-09-01,UBER   *EATS,-24.18,,,,2024-09-01,Sapphire Preferred,Subscriptions
2459,,2024-09-02,BROTHERS MARKETPLACE #404,-16.75,,,,2024-09-01,Sapphire Preferred,Shopping
2460,DEBIT,2024-09-03,GOOGLE *RelayForReddi 855-836-3987 CA        09/01,-2.15,DEBIT_CARD,6108.11,,2024-09-01,,Venmo/Cash
2461,,2024-09-03,KIPS DELI,-19.23,,,,2024-09-01,Sapphire Preferred,Venmo/Cash
2462,DEBIT,2024-09-03,LPCRESIDENT3-225 WEB PMTS   1J6XZG          WEB ID: 9000326709,-3956.0,ACH_DEBIT,2139.92,,2024-09-01,,Venmo/Cash
2463,,2024-09-03,MTA*NYCT PAYGO,-2.9,,,,2024-09-01,Sapphire Preferred,Social food/drinks
2464,,2024-09-03,SQ *CLASSIC BARBERSHOP 1,-50.0,,,,2024-09-01,Sapphire Preferred,Grocery
2465,,2024-09-03,TST*ALLANTICO - 36 E 60T,-26.17,,,,2024-09-01,Sapphire Preferred,Grocery
2466,DEBIT,2024-09-03,VENMO            PAYMENT    1036612210843   WEB ID: 3264681992,-11.13,ACH_DEBIT,6096.98,,2024-09-01,,Necessary meals
2467,DEBIT,2024-09-03,VENMO            PAYMENT    1036613980367   WEB ID: 3264681992,-1.06,ACH_DEBIT,6095.92,,2024-09-01,,Venmo/Cash
2468,DEBIT,2024-09-03,VENMO            PAYMENT    1036630756059   WEB ID: 3264681992,-0.85,ACH_DEBIT,2057.17,,2024-09-01,,Venmo/Cash
2469,DEBIT,2024-09-03,VENMO            PAYMENT    1036647718261   WEB ID: 3264681992,-41.01,ACH_DEBIT,2098.91,,2024-09-01,,Bills
2470,DEBIT,2024-09-03,VENMO            PAYMENT    1036662197338   WEB ID: 3264681992,-1.06,ACH_DEBIT,2059.08,,2024-09-01,,Subscriptions
2471,DEBIT,2024-09-03,VENMO            PAYMENT    1036673883192   WEB ID: 3264681992,-1.06,ACH_DEBIT,2058.02,,2024-09-01,,Necessary meals
2472,DEBIT,2024-09-03,VENMO            PAYMENT    1036679783705   WEB ID: 3264681992,-15.01,ACH_DEBIT,2083.9,,2024-09-01,,Shopping
2473,DEBIT,2024-09-03,VENMO            PAYMENT    1036681945946   WEB ID: 3264681992,-14.23,ACH_DEBIT,2069.67,,2024-09-01,,Venmo/Cash
2474,DEBIT,2024-09-03,VENMO            PAYMENT    1036682808894   WEB ID: 3264681992,-9.53,ACH_DEBIT,2060.14,,2024-09-01,,Venmo/Cash
2475,,2024-09-04,2US TENNIS ASC,-25.75,,,,2024-09-01,Sapphire Preferred,Venmo/Cash
2476,,2024-09-04,2US TENNIS ASC,-23.0,,,,2024-09-01,Sapphire Preferred,Travel
2477,,2024-09-04,Amazon Prime*ZT3W31Z11,-8.11,,,,2024-09-01,Sapphire Preferred,Transit
2478,,2024-09-04,KIPS DELI,-5.95,,,,2024-09-01,Sapphire Preferred,Transit
2479,,2024-09-04,MTA*NYCT PAYGO,-2.9,,,,2024-09-01,Sapphire Preferred,Transit
2480,,2024-09-04,Subway 27611,-15.47,,,,2024-09-01,Sapphire Preferred,Transit
2481,DEBIT,2024-09-04,VENMO            PAYMENT    1036697531841   WEB ID: 3264681992,-9.92,ACH_DEBIT,2047.25,,2024-09-01,,Transit
2482,,2024-09-05,2US TENNIS ASC,-25.75,,,,2024-09-01,Sapphire Preferred,Entertainment
2483,,2024-09-05,AMAZON MKTPL*ZT8P97QU2,-23.34,,,,2024-09-01,Sapphire Preferred,Travel
2484,,2024-09-05,KIPS DELI,-5.95,,,,2024-09-01,Sapphire Preferred,Venmo/Cash
2485,,2024-09-05,MTA*NYCT PAYGO,-2.9,,,,2024-09-01,Sapphire Preferred,Medical
2486,,2024-09-05,MTA*NYCT PAYGO,-2.9,,,,2024-09-01,Sapphire Preferred,Necessary meals
2487,,2024-09-05,Subway 27428,-17.01,,,,2024-09-01,Sapphire Preferred,Medication
2488,,2024-09-06,BROTHERS MARKETPLACE #404,-25.66,,,,2024-09-01,Sapphire Preferred,Shopping
2489,,2024-09-06,TST*SUNRISE2,-15.23,,,,2024-09-01,Sapphire Preferred,Transit
2490,,2024-09-08,Amazon.com*ZT6ZO0QP0,-13.01,,,,2024-09-01,Sapphire Preferred,Necessary meals
2491,,2024-09-08,TARGET        00032227,-32.56,,,,2024-09-01,Sapphire Preferred,Social food/drinks
2492,,2024-09-08,THE ENVOY HOTEL FB,-49.5,,,,2024-09-01,Sapphire Preferred,Social food/drinks
2493,,2024-09-08,TST* ACEITUNA CAFE,-15.99,,,,2024-09-01,Sapphire Preferred,Grocery
2494,,2024-09-08,TST* TATTE BAKERY 3RD,-17.55,,,,2024-09-01,Sapphire Preferred,Grocery
2495,,2024-09-08,TST*THE BARKING CRAB,-120.0,,,,2024-09-01,Sapphire Preferred,Shopping
2496,DEBIT,2024-09-09,VENMO            PAYMENT    1036759829769   WEB ID: 3264681992,-1.06,ACH_DEBIT,2044.07,,2024-09-01,,Shopping
2497,DEBIT,2024-09-09,VENMO            PAYMENT    1036760059808   WEB ID: 3264681992,-1.06,ACH_DEBIT,2043.01,,2024-09-01,,Shopping
2498,DEBIT,2024-09-09,VENMO            PAYMENT    1036761362496   WEB ID: 3264681992,-1.06,ACH_DEBIT,2041.95,,2024-09-01,,Shopping
2499,DEBIT,2024-09-09,VENMO            PAYMENT    1036766778079   WEB ID: 3264681992,-1.06,ACH_DEBIT,2046.19,,2024-09-01,,Social food/drinks
2500,DEBIT,2024-09-09,VENMO            PAYMENT    1036767038812   WEB ID: 3264681992,-1.06,ACH_DEBIT,2045.13,,2024-09-01,,Social food/drinks
2501,DEBIT,2024-09-09,VENMO            PAYMENT    1036771730379   WEB ID: 3264681992,-0.43,ACH_DEBIT,2038.34,,2024-09-01,,Venmo/Cash
2502,DEBIT,2024-09-09,VENMO            PAYMENT    1036771907370   WEB ID: 3264681992,-1.06,ACH_DEBIT,2040.89,,2024-09-01,,Venmo/Cash
2503,DEBIT,2024-09-09,VENMO            PAYMENT    1036772144596   WEB ID: 3264681992,-1.06,ACH_DEBIT,2039.83,,2024-09-01,,Venmo/Cash
2504,DEBIT,2024-09-09,VENMO            PAYMENT    1036772367856   WEB ID: 3264681992,-1.06,ACH_DEBIT,2038.77,,2024-09-01,,Grocery
2505,DEBIT,2024-09-09,VENMO            PAYMENT    1036777906806   WEB ID: 3264681992,-1.06,ACH_DEBIT,2037.28,,2024-09-01,,Necessary meals
2506,DEBIT,2024-09-09,VENMO            PAYMENT    1036785768228   WEB ID: 3264681992,-1.06,ACH_DEBIT,2036.22,,2024-09-01,,Necessary meals
2507,DEBIT,2024-09-09,VENMO            PAYMENT    1036785967054   WEB ID: 3264681992,-0.64,ACH_DEBIT,2035.58,,2024-09-01,,Grocery
2508,DEBIT,2024-09-09,VENMO            PAYMENT    1036799359362   WEB ID: 3264681992,-20.62,ACH_DEBIT,2014.96,,2024-09-01,,Medical
2509,DEBIT,2024-09-09,VENMO            PAYMENT    1036813165078   WEB ID: 3264681992,-1.06,ACH_DEBIT,2011.78,,2024-09-01,,Bills
2510,DEBIT,2024-09-09,VENMO            PAYMENT    1036813452987   WEB ID: 3264681992,-1.06,ACH_DEBIT,2013.9,,2024-09-01,,Social food/drinks
2511,DEBIT,2024-09-09,VENMO            PAYMENT    1036813499607   WEB ID: 3264681992,-0.21,ACH_DEBIT,2011.57,,2024-09-01,,Social food/drinks
2512,DEBIT,2024-09-09,VENMO            PAYMENT    1036815022798   WEB ID: 3264681992,-1.06,ACH_DEBIT,2012.84,,2024-09-01,,Venmo/Cash
2513,,2024-09-10,CHIPOTLE 1615,-10.81,,,,2024-09-01,Sapphire Preferred,Venmo/Cash
2514,,2024-09-10,SQ *BON ME TEST KITCHEN,-15.25,,,,2024-09-01,Sapphire Preferred,Venmo/Cash
2515,DEBIT,2024-09-10,VENMO            PAYMENT    1036815321003   WEB ID: 3264681992,-0.64,ACH_DEBIT,2010.93,,2024-09-01,,Venmo/Cash
2516,,2024-09-11,AMK FENWAY PARK CONCES,-14.72,,,,2024-09-01,Sapphire Preferred,Venmo/Cash
2517,DEBIT,2024-09-11,COMCAST 8773102  263397871                  PPD ID: 0000213249,-85.93,ACH_DEBIT,1779.99,,2024-09-01,,Venmo/Cash
2518,DEBIT,2024-09-11,EVERSOURCE       WEB_PAY    58131521082724  WEB ID: 1202042013,-145.01,ACH_DEBIT,1865.92,,2024-09-01,,Social food/drinks
2519,,2024-09-11,EXPEDIA 72916430279411,-485.88,,,,2024-09-01,Sapphire Preferred,Grocery
2520,,2024-09-11,GAMETIME    *TICKETS,-219.0,,,,2024-09-01,Sapphire Preferred,Grocery
2521,DEBIT,2024-09-12,BROTHERS MARKETP 1 BRO CAMBRIDGE MA  714896  09/12,-15.17,DEBIT_CARD,1764.82,,2024-09-01,,Bills
2522,,2024-09-12,TST* CASK 'N FLAGON - FEN,-84.8,,,,2024-09-01,Sapphire Preferred,Bills
2523,DEBIT,2024-09-13,GOOGLE *Google One g.co/helppay# CA          09/12,-2.12,DEBIT_CARD,14802.41,,2024-09-01,,Medication
2524,,2024-09-13,SMITH AND WOLLENSKY ATLA,-527.26,,,,2024-09-01,Sapphire Preferred,Social food/drinks
2525,,2024-09-13,Store,-15.05,,,,2024-09-01,Sapphire Preferred,Entertainment
2526,,2024-09-13,TST* ACEITUNA CAFE,-15.99,,,,2024-09-01,Sapphire Preferred,Social food/drinks
2527,DEBIT,2024-09-13,VENMO            PAYMENT    1036885464843   WEB ID: 3264681992,-1.06,ACH_DEBIT,14801.35,,2024-09-01,,Venmo/Cash
2528,,2024-09-15,AMAZON MKTPL*092IM2T13,-16.99,,,,2024-09-01,Sapphire Preferred,Necessary meals
2529,,2024-09-15,BROTHERS MARKETPLACE #404,-26.2,,,,2024-09-01,Sapphire Preferred,Necessary meals
2530,,2024-09-15,CARRIE NATION,-87.7,,,,2024-09-01,Sapphire Preferred,Entertainment
2531,,2024-09-15,CHIPOTLE 1615,-10.81,,,,2024-09-01,Sapphire Preferred,Grocery
2532,,2024-09-15,SQ *BON ME TEST KITCHEN,-15.25,,,,2024-09-01,Sapphire Preferred,Social food/drinks
2533,,2024-09-16,AIRBNB * HMWP534JA9,-1186.02,,,,2024-09-01,Sapphire Preferred,Shopping
2534,,2024-09-16,TARGET        00032227,-12.67,,,,2024-09-01,Sapphire Preferred,Transit
2535,,2024-09-16,TST*DOWNEAST CIDER MARIN,-22.86,,,,2024-09-01,Sapphire Preferred,Travel
2536,DEBIT,2024-09-16,VENMO            PAYMENT    1036914264548   WEB ID: 3264681992,-1.06,ACH_DEBIT,15047.11,,2024-09-01,,Social food/drinks
2537,DEBIT,2024-09-16,VENMO            PAYMENT    1036914522562   WEB ID: 3264681992,-1.06,ACH_DEBIT,15050.29,,2024-09-01,,Grocery
2538,DEBIT,2024-09-16,VENMO            PAYMENT    1036914793363   WEB ID: 3264681992,-1.06,ACH_DEBIT,15049.23,,2024-09-01,,Grocery
2539,DEBIT,2024-09-16,VENMO            PAYMENT    1036915083980   WEB ID: 3264681992,-1.06,ACH_DEBIT,15048.17,,2024-09-01,,Transit
2540,DEBIT,2024-09-16,VENMO            PAYMENT    1036923384478   WEB ID: 3264681992,-1.06,ACH_DEBIT,15046.05,,2024-09-01,,Transit
2541,DEBIT,2024-09-16,VENMO            PAYMENT    1036923658035   WEB ID: 3264681992,-1.06,ACH_DEBIT,15044.99,,2024-09-01,,Social food/drinks
2542,DEBIT,2024-09-16,VENMO            PAYMENT    1036935260274   WEB ID: 3264681992,-1.06,ACH_DEBIT,15043.93,,2024-09-01,,Social food/drinks
2543,DEBIT,2024-09-16,VENMO            PAYMENT    1036939443463   WEB ID: 3264681992,-1.06,ACH_DEBIT,15042.87,,2024-09-01,,Social food/drinks
2544,DEBIT,2024-09-16,VENMO            PAYMENT    1036939594610   WEB ID: 3264681992,-0.53,ACH_DEBIT,15042.34,,2024-09-01,,Subscriptions
2545,DEBIT,2024-09-16,VENMO            PAYMENT    1036942494587   WEB ID: 3264681992,-0.53,ACH_DEBIT,15017.25,,2024-09-01,,Bills
2546,DEBIT,2024-09-16,VENMO            PAYMENT    1036945447411   WEB ID: 3264681992,-23.18,ACH_DEBIT,15019.16,,2024-09-01,,Necessary meals
2547,DEBIT,2024-09-16,VENMO            PAYMENT    1036959385282   WEB ID: 3264681992,-0.85,ACH_DEBIT,15018.31,,2024-09-01,,Venmo/Cash
2548,DEBIT,2024-09-16,VENMO            PAYMENT    1036959469150   WEB ID: 3264681992,-0.53,ACH_DEBIT,15017.78,,2024-09-01,,Venmo/Cash
2549,,2024-09-16,WILD ROVER TAVERN,-23.5,,,,2024-09-01,Sapphire Preferred,Venmo/Cash
2550,,2024-09-17,CHIPOTLE 1615,-10.81,,,,2024-09-01,Sapphire Preferred,Medication
2551,,2024-09-17,CVS/PHARMACY #11242,-2.56,,,,2024-09-01,Sapphire Preferred,Social food/drinks
2552,,2024-09-17,TST*BARE BLENDS - BROOKL,-10.0,,,,2024-09-01,Sapphire Preferred,Venmo/Cash
2553,DEBIT,2024-09-17,VENMO            PAYMENT    1036979528750   WEB ID: 3264681992,-1.06,ACH_DEBIT,15016.19,,2024-09-01,,Venmo/Cash
2554,DEBIT,2024-09-17,VENMO            PAYMENT    1036979698074   WEB ID: 3264681992,-1.06,ACH_DEBIT,15015.13,,2024-09-01,,Venmo/Cash
2555,DEBIT,2024-09-17,VENMO            PAYMENT    1036979859230   WEB ID: 3264681992,-0.64,ACH_DEBIT,15014.49,,2024-09-01,,Venmo/Cash
2556,,2024-09-18,CHIPOTLE 1615,-10.81,,,,2024-09-01,Sapphire Preferred,Venmo/Cash
2557,,2024-09-18,TST* ACEITUNA CAFE,-15.99,,,,2024-09-01,Sapphire Preferred,Social food/drinks
2558,,2024-09-18,VTG*Elizabeth A. Willems ,-203.06,,,,2024-09-01,Sapphire Preferred,Venmo/Cash
2559,,2024-09-18,Zipcar Monthly Plan,-9.56,,,,2024-09-01,Sapphire Preferred,Transit
2560,,2024-09-19,Subway 31620,-12.93,,,,2024-09-01,Sapphire Preferred,Transit
2561,DEBIT,2024-09-19,VENMO            PAYMENT    1037020017884   WEB ID: 3264681992,-1.06,ACH_DEBIT,9470.99,,2024-09-01,,Transit
2562,DEBIT,2024-09-19,VENMO            PAYMENT    1037020095832   WEB ID: 3264681992,-0.11,ACH_DEBIT,9470.88,,2024-09-01,,Clothing
2563,,2024-09-19,WHOLEFDS CAM 10010,-7.94,,,,2024-09-01,Sapphire Preferred,Social food/drinks
2564,,2024-09-20,BA INFLIGHT SALES,-19.94,,,,2024-09-01,Sapphire Preferred,Social food/drinks
2565,,2024-09-20,FANPASS,-498.25,,,,2024-09-01,Sapphire Preferred,Transit
2566,,2024-09-20,GLOUCESTER ARMS,-59.85,,,,2024-09-01,Sapphire Preferred,Venmo/Cash
2567,,2024-09-20,GLOUCESTER ARMS,-19.31,,,,2024-09-01,Sapphire Preferred,Subscriptions
2568,,2024-09-20,HUDSON ST2416,-8.99,,,,2024-09-01,Sapphire Preferred,Social food/drinks
2569,,2024-09-20,The Arts Theatre Club,-35.96,,,,2024-09-01,Sapphire Preferred,Social food/drinks
2570,,2024-09-20,The Arts Theatre Club,-35.67,,,,2024-09-01,Sapphire Preferred,Social food/drinks
2571,,2024-09-22,BAR SOHO LONDON,-32.03,,,,2024-09-01,Sapphire Preferred,Social food/drinks
2572,,2024-09-22,BAR SOHO LONDON,-19.02,,,,2024-09-01,Sapphire Preferred,Social food/drinks
2573,,2024-09-22,DOG &amp; DUCK,-48.84,,,,2024-09-01,Sapphire Preferred,Necessary meals
2574,,2024-09-22,LA BRIOCHE,-43.62,,,,2024-09-01,Sapphire Preferred,Transit
2575,,2024-09-22,Lucy Wong,-126.85,,,,2024-09-01,Sapphire Preferred,Transit
2576,,2024-09-22,Lucy Wong,-42.03,,,,2024-09-01,Sapphire Preferred,Transit
2577,,2024-09-22,ROYAL ALBERT HALL,-394.96,,,,2024-09-01,Sapphire Preferred,Social food/drinks
2578,,2024-09-22,ROYAL ALBERT HALL,-6.67,,,,2024-09-01,Sapphire Preferred,Social food/drinks
2579,,2024-09-22,Royal Albert Hall,-84.4,,,,2024-09-01,Sapphire Preferred,Social food/drinks
2580,,2024-09-22,Royal Albert Hall,-20.02,,,,2024-09-01,Sapphire Preferred,Necessary meals
2581,,2024-09-22,Royal Albert Hall,79.59,,,,2024-09-01,Sapphire Preferred,Social food/drinks
2582,,2024-09-22,TFL TRAVEL CH,-7.46,,,,2024-09-01,Sapphire Preferred,Shopping
2583,,2024-09-22,TFL TRAVEL CH,-7.01,,,,2024-09-01,Sapphire Preferred,Bills
2584,,2024-09-22,UBER   *TRIP,-22.6,,,,2024-09-01,Sapphire Preferred,Social food/drinks
2585,,2024-09-22,ZETTLE_*IVS GROUP LIMI,-5.34,,,,2024-09-01,Sapphire Preferred,Social food/drinks
2586,,2024-09-22,ZETTLE_*PHOENIX STAFFI,-21.35,,,,2024-09-01,Sapphire Preferred,Social food/drinks
2587,,2024-09-23,Arcade,-37.67,,,,2024-09-01,Sapphire Preferred,Venmo/Cash
2588,,2024-09-23,Disrepute,-25.26,,,,2024-09-01,Sapphire Preferred,Venmo/Cash
2589,,2024-09-23,FLYING HORSE,-35.7,,,,2024-09-01,Sapphire Preferred,Venmo/Cash
2590,,2024-09-23,GLOUCESTER ARMS,-30.02,,,,2024-09-01,Sapphire Preferred,Social food/drinks
2591,,2024-09-23,SUMUP  *WHITE RABBIT PHOT,-28.02,,,,2024-09-01,Sapphire Preferred,Necessary meals
2592,,2024-09-23,TFL TRAVEL CH,-11.28,,,,2024-09-01,Sapphire Preferred,Venmo/Cash
2593,,2024-09-23,TFL TRAVEL CH,-9.81,,,,2024-09-01,Sapphire Preferred,Necessary meals
2594,,2024-09-23,TFL TRAVEL CH,-5.94,,,,2024-09-01,Sapphire Preferred,Medical
2595,,2024-09-23,UBER   *TRIP,-13.21,,,,2024-09-01,Sapphire Preferred,Social food/drinks
2596,DEBIT,2024-09-23,VENMO            PAYMENT    1037089294659   WEB ID: 3264681992,-12.85,ACH_DEBIT,9458.03,,2024-09-01,,Medical
2597,,2024-09-24,LIME*RIDE WOOU,-5.59,,,,2024-09-01,Sapphire Preferred,Transit
2598,,2024-09-24,LIME*RIDE WOOU,-5.59,,,,2024-09-01,Sapphire Preferred,Social food/drinks
2599,,2024-09-24,LIME*RIDE WOOU,-2.5,,,,2024-09-01,Sapphire Preferred,Transit
2600,,2024-09-24,LIME*RIDE WOOU,-2.11,,,,2024-09-01,Sapphire Preferred,Shopping
2601,,2024-09-24,TFL TRAVEL CH,-2.34,,,,2024-09-01,Sapphire Preferred,Grocery
2602,,2024-09-25,Duke of Wellington,-19.11,,,,2024-09-01,Sapphire Preferred,Grocery
2603,,2024-09-25,Duke of Wellington,-19.11,,,,2024-09-01,Sapphire Preferred,Medication
2604,,2024-09-25,FEZ MANGAL,-55.46,,,,2024-09-01,Sapphire Preferred,Necessary meals
2605,,2024-09-25,GAILS - NOTTING HILL,-9.09,,,,2024-09-01,Sapphire Preferred,Entertainment
2606,,2024-09-25,GAILS - NOTTING HILL,-4.54,,,,2024-09-01,Sapphire Preferred,Entertainment
2607,,2024-09-25,LIME*RIDE WOOU,-11.8,,,,2024-09-01,Sapphire Preferred,Shopping
2608,,2024-09-25,LIME*RIDE WOOU,-11.78,,,,2024-09-01,Sapphire Preferred,Transit
2609,,2024-09-25,LIME*RIDE WOOU,-11.41,,,,2024-09-01,Sapphire Preferred,Venmo/Cash
2610,,2024-09-26,AXS.COMBOWERY NY,-89.66,,,,2024-09-01,Sapphire Preferred,Venmo/Cash
2611,,2024-09-26,LIME*RIDE WOOU,-7.57,,,,2024-09-01,Sapphire Preferred,Venmo/Cash
2612,,2024-09-26,LIME*RIDE WOOU,-7.18,,,,2024-09-01,Sapphire Preferred,Venmo/Cash
2613,,2024-09-26,POSTCARD TEAS,-38.78,,,,2024-09-01,Sapphire Preferred,Social food/drinks
2614,,2024-09-26,RESERVED,-214.02,,,,2024-09-01,Sapphire Preferred,Entertainment
2615,,2024-09-26,TFL TRAVEL CH,-2.35,,,,2024-09-01,Sapphire Preferred,Necessary meals
2616,,2024-09-26,TFL TRAVEL CH,-2.35,,,,2024-09-01,Sapphire Preferred,Necessary meals
2617,,2024-09-26,The 411,-49.65,,,,2024-09-01,Sapphire Preferred,Transit
2618,,2024-09-26,The 411,-16.1,,,,2024-09-01,Sapphire Preferred,Transit
2619,,2024-09-26,UBER* TRIP,-33.43,,,,2024-09-01,Sapphire Preferred,Grocery
2620,,2024-09-26,Zettle_*FREEBRIGHTS LTD,-18.65,,,,2024-09-01,Sapphire Preferred,Transit
2621,,2024-09-27,AIRBNB * HMWP534JA9,1186.02,,,,2024-09-01,Sapphire Preferred,Social food/drinks
2622,,2024-09-27,KSG DUBLIN AIRPORT,-21.52,,,,2024-09-01,Sapphire Preferred,Necessary meals
2623,,2024-09-27,TFL TRAVEL CH,-7.25,,,,2024-09-01,Sapphire Preferred,Transit
2624,,2024-09-29,DEVITTS OF CAMDEN ST 01,-14.77,,,,2024-09-01,Sapphire Preferred,Venmo/Cash
2625,,2024-09-29,DEVITTS OF CAMDEN ST 01,-14.77,,,,2024-09-01,Sapphire Preferred,Venmo/Cash
2626,,2024-09-29,DEVITTS OF CAMDEN ST 01,-11.65,,,,2024-09-01,Sapphire Preferred,Venmo/Cash
2627,,2024-09-29,HAIRY LEMON BAR,-114.06,,,,2024-09-01,Sapphire Preferred,Venmo/Cash
2628,,2024-09-29,LIME*RIDE WOOU,-7.57,,,,2024-09-01,Sapphire Preferred,Venmo/Cash
2629,,2024-09-29,MCDONALDS7088,-21.74,,,,2024-09-01,Sapphire Preferred,Social food/drinks
2630,,2024-09-29,NANDOS CHICKENLAND,-16.81,,,,2024-09-01,Sapphire Preferred,Necessary meals
2631,,2024-09-29,NEON,-53.04,,,,2024-09-01,Sapphire Preferred,Social food/drinks
2632,,2024-09-29,PHO TA,-22.41,,,,2024-09-01,Sapphire Preferred,Social food/drinks
2633,,2024-09-29,TFL TRAVEL CH,-4.97,,,,2024-09-01,Sapphire Preferred,Social food/drinks
2634,,2024-09-29,THE AULD DUBLINER,-39.16,,,,2024-09-01,Sapphire Preferred,Venmo/Cash
2635,,2024-09-29,THE AULD DUBLINER,-29.27,,,,2024-09-01,Sapphire Preferred,Shopping
2636,,2024-09-29,THE INTERNATIONAL BAR,-41.85,,,,2024-09-01,Sapphire Preferred,Grocery
2637,,2024-09-29,THE TEMPLE BAR TRADING CO,-16.79,,,,2024-09-01,Sapphire Preferred,Venmo/Cash
2638,,2024-09-30,GUINNESS SH,-2.79,,,,2024-09-01,Sapphire Preferred,Venmo/Cash
2639,,2024-09-30,IC* INSTACART,-60.4,,,,2024-09-01,Sapphire Preferred,Necessary meals
2640,,2024-09-30,PILOTS BAR &amp; KITCHEN T,-81.12,,,,2024-09-01,Sapphire Preferred,Transit
2641,,2024-09-30,PLANE WATER,-2.24,,,,2024-09-01,Sapphire Preferred,Venmo/Cash
2642,,2024-09-30,TEMPLE BAR PUB,-32.88,,,,2024-09-01,Sapphire Preferred,Venmo/Cash
2643,,2024-09-30,WH Smith Heathrow T5,-14.76,,,,2024-09-01,Sapphire Preferred,Social food/drinks
2644,,2024-10-01,ANNUAL MEMBERSHIP FEE,-95.0,,,,2024-10-01,Sapphire Preferred,Social food/drinks
2645,,2024-10-01,BROTHERS MARKETPLACE #404,-16.75,,,,2024-10-01,Sapphire Preferred,Necessary meals
2646,,2024-10-01,BROTHERS MARKETPLACE #404,-4.29,,,,2024-10-01,Sapphire Preferred,Venmo/Cash
2647,,2024-10-01,DUBLIN AIRPORT CAR PAR,-22.39,,,,2024-10-01,Sapphire Preferred,Venmo/Cash
2648,DEBIT,2024-10-01,GOOGLE *RelayForReddi 855-836-3987 CA        10/01,-2.15,DEBIT_CARD,12669.11,,2024-10-01,,Shopping
2649,,2024-10-01,Retail in Motion LTD,-10.08,,,,2024-10-01,Sapphire Preferred,Necessary meals
2650,DEBIT,2024-10-01,VENMO            PAYMENT    1037264728230   WEB ID: 3264681992,-39.74,ACH_DEBIT,12629.37,,2024-10-01,,Entertainment
2651,DEBIT,2024-10-01,VENMO            PAYMENT    1037272906789   WEB ID: 3264681992,-0.74,ACH_DEBIT,12627.57,,2024-10-01,,Subscriptions
2652,DEBIT,2024-10-01,VENMO            PAYMENT    1037273088938   WEB ID: 3264681992,-1.06,ACH_DEBIT,12628.31,,2024-10-01,,Transit
2653,,2024-10-02,ALS CAFE &amp;* ALS CAFE &amp;,-15.52,,,,2024-10-01,Sapphire Preferred,Transit
2654,,2024-10-02,BROTHERS MARKETPLACE #404,-15.98,,,,2024-10-01,Sapphire Preferred,Entertainment
2655,,2024-10-02,BROTHERS MARKETPLACE #404,-11.76,,,,2024-10-01,Sapphire Preferred,Transit
2656,,2024-10-02,TST* ACEITUNA CAFE,-15.99,,,,2024-10-01,Sapphire Preferred,Venmo/Cash
2657,DEBIT,2024-10-02,VENMO            PAYMENT    1037285344612   WEB ID: 3264681992,-1.06,ACH_DEBIT,12626.51,,2024-10-01,,Venmo/Cash
2658,DEBIT,2024-10-02,VENMO            PAYMENT    1037285656114   WEB ID: 3264681992,-1.06,ACH_DEBIT,12625.45,,2024-10-01,,Venmo/Cash
2659,DEBIT,2024-10-03,LPCRESIDENT3-225 WEB PMTS   VX3W5H          WEB ID: 9000326709,-3931.0,ACH_DEBIT,8677.47,,2024-10-01,,Venmo/Cash
2660,,2024-10-03,MLB.TV,-29.99,,,,2024-10-01,Sapphire Preferred,Venmo/Cash
2661,,2024-10-03,Subway 27611,-17.01,,,,2024-10-01,Sapphire Preferred,Transit
2662,,2024-10-03,VALLEY,-65.0,,,,2024-10-01,Sapphire Preferred,Transit
2663,DEBIT,2024-10-03,VENMO            PAYMENT    1037310107611   WEB ID: 3264681992,-1.06,ACH_DEBIT,12608.47,,2024-10-01,,Grocery
2664,DEBIT,2024-10-03,VENMO            PAYMENT    1037315534995   WEB ID: 3264681992,-7.57,ACH_DEBIT,12609.53,,2024-10-01,,Social food/drinks
2665,DEBIT,2024-10-03,VENMO            PAYMENT    1037318941988   WEB ID: 3264681992,-8.35,ACH_DEBIT,12617.1,,2024-10-01,,Grocery
2666,,2024-10-04,AIRBNB * HMNMABHXH9,-279.87,,,,2024-10-01,Sapphire Preferred,Clothing
2667,,2024-10-04,MTA*NYCT PAYGO,-2.9,,,,2024-10-01,Sapphire Preferred,Clothing
2668,,2024-10-04,MTA*NYCT PAYGO,-2.9,,,,2024-10-01,Sapphire Preferred,Bills
2669,,2024-10-04,MTA*NYCT PAYGO,-2.9,,,,2024-10-01,Sapphire Preferred,Transit
2670,,2024-10-04,MTA*NYCT PAYGO,-2.9,,,,2024-10-01,Sapphire Preferred,Clothing
2671,,2024-10-04,MTA*NYCT PAYGO,-2.9,,,,2024-10-01,Sapphire Preferred,Social food/drinks
2672,,2024-10-04,Store,-14.96,,,,2024-10-01,Sapphire Preferred,Transit
2673,,2024-10-04,UNITED      0162425248734,-458.97,,,,2024-10-01,Sapphire Preferred,Travel
2674,DEBIT,2024-10-04,VENMO            PAYMENT    1037326628985   WEB ID: 3264681992,-14.23,ACH_DEBIT,8663.24,,2024-10-01,,Venmo/Cash
2675,,2024-10-06,BSPT-CAM,-193.14,,,,2024-10-01,Sapphire Preferred,Venmo/Cash
2676,,2024-10-06,CHIPOTLE 1615,-10.81,,,,2024-10-01,Sapphire Preferred,Transit
2677,,2024-10-06,CVS/PHARMACY #11242,-23.9,,,,2024-10-01,Sapphire Preferred,Transit
2678,,2024-10-06,DICE.FM,-33.99,,,,2024-10-01,Sapphire Preferred,Necessary meals
2679,,2024-10-06,MTA*NYCT PAYGO,-2.9,,,,2024-10-01,Sapphire Preferred,Venmo/Cash
2680,,2024-10-06,SQ *AL'S CAFE TECH SQ,-15.52,,,,2024-10-01,Sapphire Preferred,Medical
2681,,2024-10-06,TST*BAGEL MARKET - 40TH,-12.79,,,,2024-10-01,Sapphire Preferred,Social food/drinks
2682,,2024-10-06,TST*SUNRISE2,-20.18,,,,2024-10-01,Sapphire Preferred,Necessary meals
2683,,2024-10-07,BROTHERS MARKETPLACE #404,-15.98,,,,2024-10-01,Sapphire Preferred,Shopping
2684,,2024-10-07,BROTHERS MARKETPLACE #404,-3.29,,,,2024-10-01,Sapphire Preferred,Necessary meals
2685,,2024-10-07,RED APPLE FARM,-28.0,,,,2024-10-01,Sapphire Preferred,Social food/drinks
2686,,2024-10-07,RED APPLE FARM,-12.28,,,,2024-10-01,Sapphire Preferred,Venmo/Cash
2687,,2024-10-07,RED APPLE FARM,-8.5,,,,2024-10-01,Sapphire Preferred,Venmo/Cash
2688,,2024-10-07,RED APPLE FARM,-5.0,,,,2024-10-01,Sapphire Preferred,Social food/drinks
2689,,2024-10-07,RED APPLE FARM CIDERY,-9.63,,,,2024-10-01,Sapphire Preferred,Social food/drinks
2690,,2024-10-07,RED ROBIN NO 515,-58.58,,,,2024-10-01,Sapphire Preferred,Social food/drinks
2691,DEBIT,2024-10-07,VENMO            PAYMENT    1037360205827   WEB ID: 3264681992,-1.06,ACH_DEBIT,8662.18,,2024-10-01,,Entertainment
2692,DEBIT,2024-10-07,VENMO            PAYMENT    1037391127093   WEB ID: 3264681992,-1.06,ACH_DEBIT,8661.12,,2024-10-01,,Social food/drinks
2693,DEBIT,2024-10-07,VENMO            PAYMENT    1037394774492   WEB ID: 3264681992,-13.17,ACH_DEBIT,8647.95,,2024-10-01,,Necessary meals
2694,,2024-10-08,BROTHERS MARKETPLACE #404,-14.07,,,,2024-10-01,Sapphire Preferred,Transit
2695,,2024-10-09,TST* ACEITUNA CAFE,-15.99,,,,2024-10-01,Sapphire Preferred,Venmo/Cash
2696,,2024-10-09,TST* ACEITUNA CAFE,-15.99,,,,2024-10-01,Sapphire Preferred,Venmo/Cash
2697,,2024-10-10,BROTHERS MARKETPLACE #404,-17.36,,,,2024-10-01,Sapphire Preferred,Entertainment
2698,,2024-10-10,BSPT-CAM,-9.14,,,,2024-10-01,Sapphire Preferred,Social food/drinks
2699,DEBIT,2024-10-10,EVERSOURCE       WEB_PAY    61797875092524  WEB ID: 1202042013,-127.51,ACH_DEBIT,8520.44,,2024-10-01,,Social food/drinks
2700,,2024-10-10,TST*ALDEN AND HARLOW - T,-257.81,,,,2024-10-01,Sapphire Preferred,Social food/drinks
2701,,2024-10-10,TST*SHY BIRD,-23.81,,,,2024-10-01,Sapphire Preferred,Necessary meals
2702,DEBIT,2024-10-10,VENMO            PAYMENT    1037455605890   WEB ID: 3264681992,-0.96,ACH_DEBIT,8515.24,,2024-10-01,,Transit
2703,DEBIT,2024-10-10,VENMO            PAYMENT    1037456808775   WEB ID: 3264681992,-1.06,ACH_DEBIT,8516.2,,2024-10-01,,Transit
2704,DEBIT,2024-10-10,VENMO            PAYMENT    1037469194277   WEB ID: 3264681992,-1.06,ACH_DEBIT,8517.26,,2024-10-01,,Necessary meals
2705,DEBIT,2024-10-10,VENMO            PAYMENT    1037470985112   WEB ID: 3264681992,-0.11,ACH_DEBIT,8515.13,,2024-10-01,,Subscriptions
2706,DEBIT,2024-10-10,VENMO            PAYMENT    1037471142573   WEB ID: 3264681992,-1.06,ACH_DEBIT,8519.38,,2024-10-01,,Bills
2707,DEBIT,2024-10-10,VENMO            PAYMENT    1037471393833   WEB ID: 3264681992,-1.06,ACH_DEBIT,8518.32,,2024-10-01,,Social food/drinks
2708,,2024-10-11,BARCELONA SOUTHEND (BWB),-18.05,,,,2024-10-01,Sapphire Preferred,Grocery
2709,,2024-10-11,BROTHERS MARKETPLACE #404,-27.21,,,,2024-10-01,Sapphire Preferred,Bills
2710,,2024-10-11,BROTHERS MARKETPLACE #404,-2.34,,,,2024-10-01,Sapphire Preferred,Bills
2711,,2024-10-11,CAPITAL ONE MEMBER FEE,-395.0,,,,2024-10-01,VentureX,Subscriptions
2712,DEBIT,2024-10-11,COMCAST 8773102  263397871                  PPD ID: 0000213249,-85.93,ACH_DEBIT,8428.14,,2024-10-01,,Necessary meals
2713,,2024-10-11,CVS/PHARMACY #11242,-15.71,,,,2024-10-01,Sapphire Preferred,Venmo/Cash
2714,,2024-10-11,LS CAMBRIDGE SPIRITS,-34.99,,,,2024-10-01,Sapphire Preferred,Venmo/Cash
2715,,2024-10-11,Store,-15.05,,,,2024-10-01,Sapphire Preferred,Venmo/Cash
2716,,2024-10-11,TST* THE BEEHIVE,-85.34,,,,2024-10-01,Sapphire Preferred,Venmo/Cash
2717,DEBIT,2024-10-11,VENMO            PAYMENT    1037489260085   WEB ID: 3264681992,-1.06,ACH_DEBIT,8514.07,,2024-10-01,,Venmo/Cash
2718,,2024-10-13,CHICK-FIL-A #04488,-14.06,,,,2024-10-01,Sapphire Preferred,Travel
2719,,2024-10-13,DUNKIN #346905,-3.18,,,,2024-10-01,Sapphire Preferred,Shopping
2720,,2024-10-13,IKON PASS,-1049.98,,,,2024-10-01,Sapphire Preferred,Shopping
2721,,2024-10-13,QUICK FOOD MART,-3.63,,,,2024-10-01,Sapphire Preferred,Shopping
2722,,2024-10-13,SONIC DRIVE IN #6182,-10.99,,,,2024-10-01,Sapphire Preferred,Necessary meals
2723,,2024-10-13,TARGET        00032227,-32.56,,,,2024-10-01,Sapphire Preferred,Entertainment
2724,,2024-10-13,UBER   *TRIP,-27.06,,,,2024-10-01,Sapphire Preferred,Grocery
2725,,2024-10-14,AVIS RENT-A-CAR,-148.66,,,,2024-10-01,VentureX,Necessary meals
2726,,2024-10-14,BLACK COW,-36.4,,,,2024-10-01,Sapphire Preferred,Venmo/Cash
2727,,2024-10-14,BROTHERS MARKETPLACE #404,-31.81,,,,2024-10-01,VentureX,Bills
2728,,2024-10-14,BROTHERS MARKETPLACE #404,-4.29,,,,2024-10-01,VentureX,Social food/drinks
2729,,2024-10-14,PENGUIN FUELS-HAMPTON,-30.63,,,,2024-10-01,VentureX,Shopping
2730,,2024-10-14,SHELL OIL 12583496000,-30.32,,,,2024-10-01,VentureX,Transit
2731,,2024-10-14,SQ *BANH MI OI - WALTHAM,-18.72,,,,2024-10-01,VentureX,Shopping
2732,,2024-10-14,TST*EVERYDAY JOES,-17.13,,,,2024-10-01,Sapphire Preferred,Social food/drinks
2733,,2024-10-14,TST*EVERYDAY JOES,-2.42,,,,2024-10-01,Sapphire Preferred,Social food/drinks
2734,DEBIT,2024-10-15,GOOGLE *Google One g.co/helppay# CA          10/11,-2.12,DEBIT_CARD,11639.25,,2024-10-01,,Entertainment
2735,DEBIT,2024-10-15,LPCRESIDENT3-225 WEB PMTS   1NNC8H          WEB ID: 9000326709,-25.0,ACH_DEBIT,11614.25,,2024-10-01,,Entertainment
2736,,2024-10-15,TST* ACEITUNA CAFE,-15.99,,,,2024-10-01,Sapphire Preferred,Social food/drinks
2737,DEBIT,2024-10-15,VENMO            PAYMENT    1037507185990   WEB ID: 3264681992,-1.06,ACH_DEBIT,11613.19,,2024-10-01,,Social food/drinks
2738,DEBIT,2024-10-15,VENMO            PAYMENT    1037561552326   WEB ID: 3264681992,-20.93,ACH_DEBIT,11592.26,,2024-10-01,,Shopping
2739,DEBIT,2024-10-15,VENMO            PAYMENT    1037561606911   WEB ID: 3264681992,-10.31,ACH_DEBIT,11581.95,,2024-10-01,,Social food/drinks
2740,,2024-10-16,CVS/PHARMACY #11242,-2.56,,,,2024-10-01,VentureX,Social food/drinks
2741,,2024-10-16,SQ *THINKING CUP TREMONT,-4.01,,,,2024-10-01,Sapphire Preferred,Social food/drinks
2742,DEBIT,2024-10-16,VENMO            PAYMENT    1037591444425   WEB ID: 3264681992,-0.43,ACH_DEBIT,11577.28,,2024-10-01,,Social food/drinks
2743,DEBIT,2024-10-16,VENMO            PAYMENT    1037593438802   WEB ID: 3264681992,-1.06,ACH_DEBIT,11578.77,,2024-10-01,,Necessary meals
2744,DEBIT,2024-10-16,VENMO            PAYMENT    1037593764965   WEB ID: 3264681992,-1.06,ACH_DEBIT,11577.71,,2024-10-01,,Necessary meals
2745,DEBIT,2024-10-16,VENMO            PAYMENT    1037593975677   WEB ID: 3264681992,-1.06,ACH_DEBIT,11579.83,,2024-10-01,,Venmo/Cash
2746,DEBIT,2024-10-16,VENMO            PAYMENT    1037595914138   WEB ID: 3264681992,-1.06,ACH_DEBIT,11580.89,,2024-10-01,,Subscriptions
2747,,2024-10-17,BLACK SEED HALAL GRILL,-24.42,,,,2024-10-01,Sapphire Preferred,Venmo/Cash
2748,DEBIT,2024-10-17,VENMO            PAYMENT    1037615539679   WEB ID: 3264681992,-1.06,ACH_DEBIT,11576.22,,2024-10-01,,Social food/drinks
2749,,2024-10-18,MBTA-550006053197-3709,-2.4,,,,2024-10-01,VentureX,Grocery
2750,,2024-10-18,MBTA-550006053197-3709,-2.4,,,,2024-10-01,VentureX,Bills
2751,,2024-10-18,MBTA-550006053197-3709,-2.4,,,,2024-10-01,VentureX,Shopping
2752,,2024-10-18,Ralph Lauren Corporation,-817.56,,,,2024-10-01,VentureX,Necessary meals
2753,,2024-10-18,SEAMLSS*ALSCAFE,-20.03,,,,2024-10-01,Sapphire Preferred,Medication
2754,,2024-10-18,TST* NIGHT SHIFT -ESPLANA,-9.76,,,,2024-10-01,Sapphire Preferred,Social food/drinks
2755,,2024-10-18,UBER   *TRIP,-7.44,,,,2024-10-01,Sapphire Preferred,Social food/drinks
2756,DEBIT,2024-10-18,VENMO            PAYMENT    1037630630454   WEB ID: 3264681992,-0.74,ACH_DEBIT,11575.48,,2024-10-01,,Transit
2757,,2024-10-18,Zipcar Monthly Plan,-9.56,,,,2024-10-01,Sapphire Preferred,Venmo/Cash
2758,,2024-10-20,Quattro Ristorante,-106.55,,,,2024-10-01,Sapphire Preferred,Travel
2759,,2024-10-20,SQ *80 PROOF  LLC,-25.86,,,,2024-10-01,Sapphire Preferred,Grocery
2760,,2024-10-20,SQ *80 PROOF  LLC,-17.73,,,,2024-10-01,Sapphire Preferred,Medical
2761,,2024-10-20,SQ *80 PROOF  LLC,-11.06,,,,2024-10-01,Sapphire Preferred,Entertainment
2762,,2024-10-20,TERRY BLACK'S BBQ LOCK,-69.97,,,,2024-10-01,Sapphire Preferred,Social food/drinks
2763,,2024-10-20,TST* ACEITUNA CAFE,-15.99,,,,2024-10-01,Sapphire Preferred,Venmo/Cash
2764,,2024-10-20,UBER   *TRIP,-36.05,,,,2024-10-01,Sapphire Preferred,Venmo/Cash
2765,,2024-10-20,UBER   *TRIP,-27.96,,,,2024-10-01,Sapphire Preferred,Venmo/Cash
2766,,2024-10-20,UBER   *TRIP,-26.27,,,,2024-10-01,Sapphire Preferred,Travel
2767,,2024-10-20,WTF ICEHOUSE,-29.0,,,,2024-10-01,Sapphire Preferred,Necessary meals
2768,,2024-10-20,WTF ICEHOUSE,-21.0,,,,2024-10-01,Sapphire Preferred,Transit
2769,,2024-10-20,WTF ICEHOUSE,-21.0,,,,2024-10-01,Sapphire Preferred,Venmo/Cash
2770,,2024-10-21,BUC-EE'S #40,-20.8,,,,2024-10-01,VentureX,Venmo/Cash
2771,,2024-10-21,P. TERRYS STAND #1,-3.25,,,,2024-10-01,Sapphire Preferred,Shopping
2772,,2024-10-21,TARGET        00024091,-50.97,,,,2024-10-01,VentureX,Shopping
2773,DEBIT,2024-10-21,TJX REWARDS      PAYMENT    524366300420838 WEB ID: 9130142001,-30.03,ACH_DEBIT,7633.05,,2024-10-01,,Necessary meals
2774,,2024-10-21,TST* GIBSON STREET BAR,-47.92,,,,2024-10-01,Sapphire Preferred,Medical
2775,,2024-10-21,TST*SALTY DONUT AUSTIN,-26.0,,,,2024-10-01,Sapphire Preferred,Necessary meals
2776,,2024-10-21,TST*SALTY DONUT AUSTIN,-4.68,,,,2024-10-01,Sapphire Preferred,Entertainment
2777,DEBIT,2024-10-21,VENMO            PAYMENT    1037677446303   WEB ID: 3264681992,-12.2,ACH_DEBIT,7669.14,,2024-10-01,,Grocery
2778,DEBIT,2024-10-21,VENMO            PAYMENT    1037695420349   WEB ID: 3264681992,-25.85,ACH_DEBIT,7681.34,,2024-10-01,,Necessary meals
2779,DEBIT,2024-10-21,VENMO            PAYMENT    1037697186341   WEB ID: 3264681992,-6.06,ACH_DEBIT,7663.08,,2024-10-01,,Shopping
2780,,2024-10-22,ETOLLAVIS U284586654,-36.3,,,,2024-10-01,VentureX,Subscriptions
2781,,2024-10-22,JERSEY MIKES 15003,-21.85,,,,2024-10-01,Sapphire Preferred,Shopping
2782,DEBIT,2024-10-22,VENMO            PAYMENT    1037725702121   WEB ID: 3264681992,-29.97,ACH_DEBIT,7603.08,,2024-10-01,,Social food/drinks
2783,,2024-10-22,WHATABURGER 418    Q26,-7.46,,,,2024-10-01,Sapphire Preferred,Shopping
2784,,2024-10-23,HOPPING EYE ASSOCIATES LL,-932.92,,,,2024-10-01,VentureX,Venmo/Cash
2785,,2024-10-23,MENDOCINO FARMS #28,-22.06,,,,2024-10-01,Sapphire Preferred,Bills
2786,,2024-10-23,PHR*FondrenOrthopedicGrou,-20.09,,,,2024-10-01,VentureX,Shopping
2787,,2024-10-23,RICE - PARKING,-12.0,,,,2024-10-01,VentureX,Subscriptions
2788,,2024-10-23,RICE COFFEE HOUSE,-6.0,,,,2024-10-01,Sapphire Preferred,Necessary meals
2789,,2024-10-23,RICE VILLAGE PARKING -3C,-15.0,,,,2024-10-01,VentureX,Necessary meals
2790,,2024-10-24,AMAZON MKTPL*CZ5E49WO3,-54.32,,,,2024-10-01,VentureX,Necessary meals
2791,,2024-10-25,BROTHERS MARKETPLACE #404,-11.76,,,,2024-10-01,VentureX,Medication
2792,,2024-10-25,BROTHERS MARKETPLACE #404,-5.99,,,,2024-10-01,VentureX,Transit
2793,,2024-10-25,CVS/PHARMACY #11242,-0.47,,,,2024-10-01,VentureX,Social food/drinks
2794,,2024-10-25,POTBELLY-548-319,-21.25,,,,2024-10-01,Sapphire Preferred,Social food/drinks
2795,,2024-10-25,PTI*WNDRBOSTON,-82.0,,,,2024-10-01,VentureX,Social food/drinks
2796,,2024-10-25,Store,-15.05,,,,2024-10-01,Sapphire Preferred,Necessary meals
2797,,2024-10-25,TARGET        00032227,-30.74,,,,2024-10-01,VentureX,Transit
2798,,2024-10-25,UBER   *TRIP,-29.2,,,,2024-10-01,Sapphire Preferred,Grocery
2799,DEBIT,2024-10-25,VENMO            PAYMENT    1037775137659   WEB ID: 3264681992,-1.06,ACH_DEBIT,7602.02,,2024-10-01,,Necessary meals
2800,DEBIT,2024-10-25,VENMO            PAYMENT    1037779601552   WEB ID: 3264681992,-0.74,ACH_DEBIT,7600.43,,2024-10-01,,Venmo/Cash
2801,DEBIT,2024-10-25,VENMO            PAYMENT    1037779777165   WEB ID: 3264681992,-0.85,ACH_DEBIT,7601.17,,2024-10-01,,Grocery
2802,DEBIT,2024-10-25,VENMO            PAYMENT    1037788755400   WEB ID: 3264681992,-1.06,ACH_DEBIT,7599.37,,2024-10-01,,Social food/drinks
2803,,2024-10-26,TST*TRIDENT BOOKSELLERS,-18.01,,,,2024-10-01,VentureX,Social food/drinks
2804,,2024-10-26,WP*Duck Duck Goofs LLC,-16.4,,,,2024-10-01,VentureX,Grocery
2805,,2024-10-27,CHIPOTLE ONLINE,-10.81,,,,2024-10-01,Sapphire Preferred,Bills
2806,,2024-10-27,Subway 31620,-12.93,,,,2024-10-01,Sapphire Preferred,Bills
2807,,2024-10-27,UBER   *TRIP,-25.44,,,,2024-10-01,Sapphire Preferred,Subscriptions
2808,,2024-10-27,UBER   *TRIP,-5.75,,,,2024-10-01,Sapphire Preferred,Necessary meals
2809,,2024-10-28,BROTHERS MARKETPLACE #404,-25.65,,,,2024-10-01,VentureX,Venmo/Cash
2810,,2024-10-28,MBTA-550006053197-3709,-2.4,,,,2024-10-01,VentureX,Grocery
2811,,2024-10-28,SISSY KS,-23.25,,,,2024-10-01,Sapphire Preferred,Transit
2812,,2024-10-28,UBER   *EATS,-20.97,,,,2024-10-01,Sapphire Preferred,Necessary meals
2813,,2024-10-28,UBER   *TRIP,-11.61,,,,2024-10-01,Sapphire Preferred,Shopping
2814,DEBIT,2024-10-28,VENMO            PAYMENT    1037812084691   WEB ID: 3264681992,-1.06,ACH_DEBIT,7597.25,,2024-10-01,,Venmo/Cash
2815,DEBIT,2024-10-28,VENMO            PAYMENT    1037822351261   WEB ID: 3264681992,-0.64,ACH_DEBIT,7596.61,,2024-10-01,,Entertainment
2816,DEBIT,2024-10-28,VENMO            PAYMENT    1037830035436   WEB ID: 3264681992,-0.53,ACH_DEBIT,7596.08,,2024-10-01,,Social food/drinks
2817,DEBIT,2024-10-28,VENMO            PAYMENT    1037830185422   WEB ID: 3264681992,-1.06,ACH_DEBIT,7598.31,,2024-10-01,,Shopping
2818,DEBIT,2024-10-28,VENMO            PAYMENT    1037834957876   WEB ID: 3264681992,-14.35,ACH_DEBIT,7581.73,,2024-10-01,,Grocery
2819,,2024-10-29,BOSTON MARGARITAVILLE,-18.52,,,,2024-10-01,Sapphire Preferred,Entertainment
2820,,2024-10-29,CHIPOTLE 1615,-10.81,,,,2024-10-01,Sapphire Preferred,Shopping
2821,,2024-10-29,HOWL AT THE MOON,-34.5,,,,2024-10-01,Sapphire Preferred,Necessary meals
2822,,2024-10-29,HOWL AT THE MOON,-25.5,,,,2024-10-01,Sapphire Preferred,Necessary meals
2823,,2024-10-29,HOWL AT THE MOON,-12.25,,,,2024-10-01,Sapphire Preferred,Social food/drinks
2824,DEBIT,2024-10-29,VENMO            PAYMENT    1037871801161   WEB ID: 3264681992,-1.06,ACH_DEBIT,7580.67,,2024-10-01,,Grocery
2825,,2024-10-30,Amazon.com*LM1OP9X33,-19.99,,,,2024-10-01,VentureX,Shopping
2826,,2024-10-30,BROTHERS MARKETPLACE #404,-11.76,,,,2024-10-01,VentureX,Entertainment
2827,DEBIT,2024-10-30,NON-CHASE ATM FEE-WITH,-3.0,FEE_TRANSACTION,7472.37,,2024-10-01,,Shopping
2828,DEBIT,2024-10-30,NON-CHASE ATM WITHDRAW               681814  10/301270 MASS,-103.5,ATM,7475.37,,2024-10-01,,Shopping
2829,,2024-10-30,TST* ACEITUNA CAFE,-15.99,,,,2024-10-01,Sapphire Preferred,Venmo/Cash
2830,,2024-10-30,UBER   *TRIP,-19.39,,,,2024-10-01,Sapphire Preferred,Venmo/Cash
2831,DEBIT,2024-10-30,VENMO            PAYMENT    1037881301900   WEB ID: 3264681992,-1.06,ACH_DEBIT,7579.61,,2024-10-01,,Social food/drinks
2832,DEBIT,2024-10-30,VENMO            PAYMENT    1037881449681   WEB ID: 3264681992,-0.74,ACH_DEBIT,7578.87,,2024-10-01,,Grocery
2833,,2024-10-31,DD *MR.BARTLEYS-COO,-15.8,,,,2024-10-01,Sapphire Preferred,Venmo/Cash
2834,,2024-10-31,HIGHLAND CUISINE INC,-42.0,,,,2024-10-01,Sapphire Preferred,Venmo/Cash
2835,,2024-10-31,TST* ACEITUNA CAFE,-15.99,,,,2024-10-01,Sapphire Preferred,Shopping
2836,DEBIT,2024-10-31,VENMO            PAYMENT    1037906825488   WEB ID: 3264681992,-0.85,ACH_DEBIT,10684.75,,2024-10-01,,Shopping
2837,DEBIT,2024-10-31,VENMO            PAYMENT    1037906988459   WEB ID: 3264681992,-0.74,ACH_DEBIT,10684.01,,2024-10-01,,Shopping
2838,,2024-11-01,AMAZON MARK* CJ18I7U43,-15.13,,,,2024-11-01,VentureX,Shopping
2839,,2024-11-01,CHIPOTLE 1615,-6.42,,,,2024-11-01,Sapphire Preferred,Shopping
2840,,2024-11-01,DUCK DUCK GOOFS LLC,-7.42,,,,2024-11-01,VentureX,Necessary meals
2841,DEBIT,2024-11-01,GOOGLE *RelayForReddi 855-836-3987 CA        11/01,-2.15,DEBIT_CARD,10681.86,,2024-11-01,,Social food/drinks
2842,,2024-11-01,MBTA-550006053197-5189,-2.4,,,,2024-11-01,VentureX,Subscriptions
2843,,2024-11-01,MBTA-550006053197-5189,-2.4,,,,2024-11-01,VentureX,Social food/drinks
2844,,2024-11-01,Store,-15.05,,,,2024-11-01,Sapphire Preferred,Transit
2845,,2024-11-01,UBER   *TRIP,-15.63,,,,2024-11-01,Sapphire Preferred,Bills
2846,DEBIT,2024-11-01,VENMO            PAYMENT    1037922961845   WEB ID: 3264681992,-0.85,ACH_DEBIT,10678.89,,2024-11-01,,Necessary meals
2847,DEBIT,2024-11-01,VENMO            PAYMENT    1037923050230   WEB ID: 3264681992,-0.53,ACH_DEBIT,10678.36,,2024-11-01,,Medical
2848,DEBIT,2024-11-01,VENMO            PAYMENT    1037924688500   WEB ID: 3264681992,-1.06,ACH_DEBIT,10680.8,,2024-11-01,,Shopping
2849,DEBIT,2024-11-01,VENMO            PAYMENT    1037927658180   WEB ID: 3264681992,-0.32,ACH_DEBIT,10678.04,,2024-11-01,,Travel
2850,DEBIT,2024-11-01,VENMO            PAYMENT    1037929581627   WEB ID: 3264681992,-1.06,ACH_DEBIT,10679.74,,2024-11-01,,Shopping
2851,,2024-11-02,ETOLLAVIS U284586654,-2.0,,,,2024-11-01,VentureX,Shopping
2852,,2024-11-02,MBTA-550006053197-5189,-2.4,,,,2024-11-01,VentureX,Clothing
2853,,2024-11-03,H MART CAMBRIDGE LLC,-84.68,,,,2024-11-01,Sapphire Preferred,Venmo/Cash
2854,,2024-11-03,TST*COMMITTEE - BOSTON,-45.72,,,,2024-11-01,Sapphire Preferred,Medical
2855,,2024-11-04,BROTHERS MARKETPLACE #404,-25.41,,,,2024-11-01,VentureX,Medical
2856,,2024-11-04,FSP*MARATHON SPORTS - BOS,-139.95,,,,2024-11-01,VentureX,Medical
2857,,2024-11-04,J. CREW #542,-76.07,,,,2024-11-01,VentureX,Necessary meals
2858,DEBIT,2024-11-04,LPCRESIDENT3-225 WEB PMTS   LK9TCH          WEB ID: 9000326709,-3956.0,ACH_DEBIT,6722.04,,2024-11-01,,Entertainment
2859,,2024-11-04,MBTA-550006053197-5189,-2.4,,,,2024-11-01,VentureX,Venmo/Cash
2860,,2024-11-04,Ralph Lauren Corporation,395.28,,,,2024-11-01,VentureX,Necessary meals
2861,,2024-11-04,SQ *BLUE BOTTLE COFFEE,-12.93,,,,2024-11-01,Sapphire Preferred,Social food/drinks
2862,,2024-11-04,UBER   *TRIP,-24.1,,,,2024-11-01,Sapphire Preferred,
2863,,2024-11-04,UNITED      0162433134181,-604.19,,,,2024-11-01,VentureX,Shopping
2864,DEBIT,2024-11-04,VENMO            PAYMENT    1037992450235   WEB ID: 3264681992,-12.55,ACH_DEBIT,6709.49,,2024-11-01,,Medical
2865,DEBIT,2024-11-04,VENMO            PAYMENT    1038002454076   WEB ID: 3264681992,-1.06,ACH_DEBIT,6708.43,,2024-11-01,,Necessary meals
2866,,2024-11-05,MBTA-550006053197-5189,-2.4,,,,2024-11-01,VentureX,Necessary meals
2867,,2024-11-05,MBTA-550006053197-5189,-2.4,,,,2024-11-01,VentureX,Social food/drinks
2868,,2024-11-05,RAISING CANES 0676,-13.9,,,,2024-11-01,Sapphire Preferred,Necessary meals
2869,DEBIT,2024-11-05,VENMO            PAYMENT    1038029007138   WEB ID: 3264681992,-0.74,ACH_DEBIT,6707.69,,2024-11-01,,Shopping
2870,,2024-11-06,BSPT-CAM,-88.83,,,,2024-11-01,Sapphire Preferred,Shopping
2871,,2024-11-06,SHANGHAI FRESH,-46.6,,,,2024-11-01,Sapphire Preferred,Grocery
2872,,2024-11-06,SQ *BON ME TEST KITCHEN,-16.67,,,,2024-11-01,Sapphire Preferred,Medication
2873,,2024-11-06,TARGET        00032227,-35.85,,,,2024-11-01,VentureX,Necessary meals
2874,,2024-11-06,TST* ACEITUNA CAFE,-15.99,,,,2024-11-01,Sapphire Preferred,Venmo/Cash
2875,,2024-11-06,TST*MONICAS MERCATO,-21.4,,,,2024-11-01,Sapphire Preferred,Venmo/Cash
2876,DEBIT,2024-11-06,VENMO            PAYMENT    1038047806042   WEB ID: 3264681992,-0.64,ACH_DEBIT,6705.99,,2024-11-01,,Necessary meals
2877,DEBIT,2024-11-06,VENMO            PAYMENT    1038048041552   WEB ID: 3264681992,-1.06,ACH_DEBIT,6706.63,,2024-11-01,,Travel
2878,,2024-11-07,SQ *ZINNEKEN'S BELGIAN WA,-21.54,,,,2024-11-01,Sapphire Preferred,Social food/drinks
2879,,2024-11-07,TST*RUSSELL HOUSE TAVERN,-78.0,,,,2024-11-01,Sapphire Preferred,Transit
2880,,2024-11-08,CASA PORTUGAL REST,-79.15,,,,2024-11-01,Sapphire Preferred,Venmo/Cash
2881,,2024-11-08,Store,-15.05,,,,2024-11-01,Sapphire Preferred,Shopping
2882,,2024-11-08,TROQUET ON SOUTH,-50.0,,,,2024-11-01,Sapphire Preferred,Shopping
2883,,2024-11-08,TST* ACEITUNA CAFE,-15.99,,,,2024-11-01,Sapphire Preferred,Grocery
2884,,2024-11-08,UBER   *TRIP,-15.65,,,,2024-11-01,Sapphire Preferred,Entertainment
2885,DEBIT,2024-11-08,VENMO            PAYMENT    1038081491660   WEB ID: 3264681992,-1.06,ACH_DEBIT,6704.93,,2024-11-01,,Entertainment
2886,DEBIT,2024-11-08,VENMO            PAYMENT    1038082830843   WEB ID: 3264681992,-0.11,ACH_DEBIT,6704.82,,2024-11-01,,Venmo/Cash
2887,,2024-11-09,LIFE AND TRUST,-754.0,,,,2024-11-01,VentureX,Shopping
2888,,2024-11-10,BEANTOWN PUB.,-271.43,,,,2024-11-01,Sapphire Preferred,Grocery
2889,,2024-11-10,BEANTOWN PUB.,-21.54,,,,2024-11-01,Sapphire Preferred,Necessary meals
2890,,2024-11-10,SCORPION BAR GRAND,-44.52,,,,2024-11-01,Sapphire Preferred,Necessary meals
2891,,2024-11-10,TST* ACEITUNA CAFE,-15.99,,,,2024-11-01,Sapphire Preferred,Transit
2892,,2024-11-10,UBER   *TRIP,-14.25,,,,2024-11-01,Sapphire Preferred,Transit
2893,,2024-11-10,UBER   *TRIP,-13.31,,,,2024-11-01,Sapphire Preferred,Bills
2894,,2024-11-11,CHIPOTLE 1615,-13.7,,,,2024-11-01,Sapphire Preferred,Bills
2895,,2024-11-11,GOOGLE *YouTube Videos,-4.32,,,,2024-11-01,VentureX,Subscriptions
2896,,2024-11-11,PAST DUE FEE,-25.0,,,,2024-11-01,VentureX,Social food/drinks
2897,,2024-11-11,TST*MR BARTLEYS BURGER,-21.24,,,,2024-11-01,Sapphire Preferred,Transit
2898,,2024-11-12,BROTHERS MARKETPLACE #404,-13.41,,,,2024-11-01,VentureX,Necessary meals
2899,DEBIT,2024-11-12,COMCAST 8773102  263397871                  PPD ID: 0000213249,-85.93,ACH_DEBIT,6551.73,,2024-11-01,,Grocery
2900,DEBIT,2024-11-12,EVERSOURCE       WEB_PAY    65532604102524  WEB ID: 1202042013,-65.04,ACH_DEBIT,6639.78,,2024-11-01,,Necessary meals
2901,DEBIT,2024-11-12,GOOGLE *Google One 855-836-3987 CA           11/11,-2.12,DEBIT_CARD,6637.66,,2024-11-01,,Social food/drinks
2902,,2024-11-12,Subway 31620,-12.93,,,,2024-11-01,Sapphire Preferred,Social food/drinks
2903,DEBIT,2024-11-12,VENMO            PAYMENT    1038137049323   WEB ID: 3264681992,-0.11,ACH_DEBIT,6531.22,,2024-11-01,,Travel
2904,DEBIT,2024-11-12,VENMO            PAYMENT    1038144622304   WEB ID: 3264681992,-17.64,ACH_DEBIT,6534.09,,2024-11-01,,Shopping
2905,DEBIT,2024-11-12,VENMO            PAYMENT    1038156714718   WEB ID: 3264681992,-1.06,ACH_DEBIT,6533.03,,2024-11-01,,Social food/drinks
2906,DEBIT,2024-11-12,VENMO            PAYMENT    1038156912884   WEB ID: 3264681992,-0.85,ACH_DEBIT,6532.18,,2024-11-01,,Grocery
2907,DEBIT,2024-11-12,VENMO            PAYMENT    1038173717074   WEB ID: 3264681992,-0.85,ACH_DEBIT,6531.33,,2024-11-01,,Social food/drinks
2908,,2024-11-12,Zipcar Trip NOV12,-91.51,,,,2024-11-01,Sapphire Preferred,Grocery
2909,,2024-11-13,AMAZON MARK* GT6PZ19U3,-27.67,,,,2024-11-01,VentureX,Subscriptions
2910,,2024-11-13,AMAZON MARK* LU97H8FT3,-253.59,,,,2024-11-01,VentureX,Necessary meals
2911,,2024-11-13,BOSTON SKI & TENNIS (NEW,-586.23,,,,2024-11-01,VentureX,Social food/drinks
2912,,2024-11-13,CHIPOTLE 1615,-10.81,,,,2024-11-01,Sapphire Preferred,Social food/drinks
2913,,2024-11-13,KENDALL SQ ECOM 231,-36.5,,,,2024-11-01,VentureX,Subscriptions
2914,,2024-11-14,BROTHERS MARKETPLACE #404,-15.98,,,,2024-11-01,VentureX,Grocery
2915,,2024-11-14,JERSEY MIKES 16041,-22.54,,,,2024-11-01,Sapphire Preferred,Subscriptions
2916,DEBIT,2024-11-14,VENMO            PAYMENT    1038222231792   WEB ID: 3264681992,-0.85,ACH_DEBIT,6530.37,,2024-11-01,,Transit
2917,,2024-11-15,INTEREST CHARGE:PURCHASES,-78.64,,,,2024-11-01,VentureX,Transit
2918,,2024-11-15,TST*PEPPER SKYS,-40.01,,,,2024-11-01,Sapphire Preferred,Transit
2919,,2024-11-16,AMAZON RETA* 800ZS2FP3,-20.98,,,,2024-11-01,VentureX,Entertainment
2920,,2024-11-16,MTA*NYCT PAYGO,-2.9,,,,2024-11-01,VentureX,Social food/drinks
2921,,2024-11-16,TARGET        00032292,-18.13,,,,2024-11-01,VentureX,Venmo/Cash
2922,,2024-11-17,ARISTON CAFE,-19.88,,,,2024-11-01,Sapphire Preferred,Shopping
2923,,2024-11-17,CONWELL COFFEE HALL,-108.88,,,,2024-11-01,Sapphire Preferred,Grocery
2924,,2024-11-17,SQ *18 WILLIAM PARTNERS L,-5.0,,,,2024-11-01,Sapphire Preferred,Shopping
2925,,2024-11-17,SQ *ADAM79ST,-18.4,,,,2024-11-01,Sapphire Preferred,Shopping
2926,,2024-11-17,TST*SHOO SHOO NOLITA,-81.01,,,,2024-11-01,Sapphire Preferred,Shopping
2927,,2024-11-18,108 DELI GOURMET,-4.51,,,,2024-11-01,Sapphire Preferred,Social food/drinks
2928,,2024-11-18,AMAZON MARK* DN4GC5A93,-14.85,,,,2024-11-01,VentureX,Social food/drinks
2929,,2024-11-18,BREEZY HILL ORCHARD,-8.0,,,,2024-11-01,Sapphire Preferred,Social food/drinks
2930,,2024-11-18,Pick A Bagel,-17.93,,,,2024-11-01,Sapphire Preferred,Social food/drinks
2931,,2024-11-18,Pick A Bagel,-17.19,,,,2024-11-01,Sapphire Preferred,Necessary meals
2932,,2024-11-18,SING SING AVE A,-10.09,,,,2024-11-01,VentureX,Necessary meals
2933,,2024-11-18,SQ *BARAKA HALAL GRILL,-16.33,,,,2024-11-01,Sapphire Preferred,Social food/drinks
2934,,2024-11-18,TST*TASTY BURGER - CENTR,-15.3,,,,2024-11-01,Sapphire Preferred,Social food/drinks
2935,DEBIT,2024-11-18,VENMO            PAYMENT    1038298746871   WEB ID: 3264681992,-7.02,ACH_DEBIT,4766.12,,2024-11-01,,Necessary meals
2936,,2024-11-18,Zipcar Monthly Plan,-9.56,,,,2024-11-01,Sapphire Preferred,Social food/drinks
2937,DEBIT,2024-11-19,VENMO            PAYMENT    1038331909906   WEB ID: 3264681992,-776.18,ACH_DEBIT,3989.94,,2024-11-01,,Social food/drinks
2938,,2024-11-20,AMK MUSIC HALL CONCESSION,-18.97,,,,2024-11-01,Sapphire Preferred,Social food/drinks
2939,,2024-11-20,BROTHERS MARKETPLACE #404,-11.78,,,,2024-11-01,VentureX,Social food/drinks
2940,,2024-11-20,PURCHASE INTEREST CHARGE,-166.05,,,,2024-11-01,Sapphire Preferred,Transit
2941,,2024-11-20,TARGET        00032227,-12.98,,,,2024-11-01,VentureX,Necessary meals
2942,,2024-11-20,TST* ACEITUNA CAFE,-15.99,,,,2024-11-01,Sapphire Preferred,Social food/drinks
2943,,2024-11-21,CVS/PHARMACY #11242,-18.52,,,,2024-11-01,VentureX,Necessary meals
2944,,2024-11-21,MIT CAFE,-8.99,,,,2024-11-01,Sapphire Preferred,Necessary meals
2945,,2024-11-21,SQ *SAUS BOSTON,-15.47,,,,2024-11-01,Sapphire Preferred,Social food/drinks
2946,,2024-11-21,UBER   *TRIP,-14.25,,,,2024-11-01,Sapphire Preferred,Necessary meals
2947,DEBIT,2024-11-21,VENMO            PAYMENT    1038379927301   WEB ID: 3264681992,-15.99,ACH_DEBIT,3973.95,,2024-11-01,,Social food/drinks
2948,,2024-11-21,Zipcar Toll NOV12,-1.55,,,,2024-11-01,Sapphire Preferred,Social food/drinks
2949,,2024-11-22,BROTHERS MARKETPLACE #404,-16.75,,,,2024-11-01,Sapphire Preferred,Shopping
2950,,2024-11-22,BSPT-CAM,-60.96,,,,2024-11-01,Sapphire Preferred,Grocery
2951,,2024-11-22,Store,-16.57,,,,2024-11-01,Sapphire Preferred,Venmo/Cash
2952,,2024-11-22,TST*AREA FOUR RESTAURANT,-15.31,,,,2024-11-01,Sapphire Preferred,Venmo/Cash
2953,DEBIT,2024-11-22,VENMO            PAYMENT    1038389843956   WEB ID: 3264681992,-0.53,ACH_DEBIT,3955.68,,2024-11-01,,Necessary meals
2954,DEBIT,2024-11-22,VENMO            PAYMENT    1038390109475   WEB ID: 3264681992,-1.06,ACH_DEBIT,3956.21,,2024-11-01,,Necessary meals
2955,DEBIT,2024-11-22,VENMO            PAYMENT    1038395216863   WEB ID: 3264681992,-16.68,ACH_DEBIT,3957.27,,2024-11-01,,
2956,,2024-11-22,Zipcar Toll NOV12,-1.55,,,,2024-11-01,Sapphire Preferred,Grocery
2957,,2024-11-24,DELAWARE NORTH LOGAN F&amp;B,-11.66,,,,2024-11-01,Sapphire Preferred,Venmo/Cash
2958,,2024-11-24,UBER   *TRIP,-36.31,,,,2024-11-01,Sapphire Preferred,Venmo/Cash
2959,DEBIT,2024-11-25,VENMO            PAYMENT    1038420993712   WEB ID: 3264681992,-12.55,ACH_DEBIT,3943.13,,2024-11-01,,Necessary meals
2960,DEBIT,2024-11-25,VENMO            PAYMENT    1038453362569   WEB ID: 3264681992,-0.74,ACH_DEBIT,3942.39,,2024-11-01,,Necessary meals
2961,,2024-11-26,AMAZON MARK* S637U8AE3,-14.6,,,,2024-11-01,VentureX,
2962,,2024-11-26,PAYPAL *SMARTCURREN SMART,-21.99,,,,2024-11-01,VentureX,Shopping
2963,,2024-11-26,Subway 2394,-11.41,,,,2024-11-01,Sapphire Preferred,Necessary meals
2964,,2024-11-27,PHR*FondrenOrthopedicGrou,-10.57,,,,2024-11-01,VentureX,Medical
2965,,2024-11-27,Subway 64335,-13.3,,,,2024-11-01,Sapphire Preferred,Necessary meals
2966,,2024-11-29,SQ *THE SKI MONSTER,-211.44,,,,2024-11-01,VentureX,Shopping
2967,,2024-11-30,BROTHERS MARKETPLACE #404,-23.53,,,,2024-11-01,VentureX,Grocery
2968,,2024-12-01,UBER   *EATS,-37.95,,,,2024-12-01,Sapphire Preferred,Necessary meals
2969,,2024-12-02,EVO.COM,-62.68,,,,2024-12-01,VentureX,Shopping
2970,DEBIT,2024-12-02,GOOGLE *RelayForReddi 855-836-3987 CA        12/01,-2.15,DEBIT_CARD,7514.78,,2024-12-01,,Subscriptions
2971,DEBIT,2024-12-02,GOOGLE *minimalistPh g.co/helppay# CA        11/30,-21.64,DEBIT_CARD,7493.14,,2024-12-01,,Subscriptions
2972,,2024-12-02,SQ *DAVE'S COFFEE PROVIDE,-12.4,,,,2024-12-01,Sapphire Preferred,Social food/drinks
2973,,2024-12-02,SUN AND SKI SPORTS,-308.05,,,,2024-12-01,VentureX,Shopping
2974,DEBIT,2024-12-02,VENMO            PAYMENT    1038616989754   WEB ID: 3264681992,-23.25,ACH_DEBIT,7469.89,,2024-12-01,,Venmo/Cash
2975,DEBIT,2024-12-03,LPCRESIDENT3-225 WEB PMTS   DKVZJH          WEB ID: 9000326709,-3956.0,ACH_DEBIT,3513.89,,2024-12-01,,Bills
2976,,2024-12-03,TARGET        00032227,-56.35,,,,2024-12-01,VentureX,Shopping
2977,,2024-12-03,Wikimedia,-15.6,,,,2024-12-01,VentureX,Subscriptions
2978,,2024-12-04,5 SPICES HOUSE CMBRIGE,-19.29,,,,2024-12-01,VentureX,Necessary meals
2979,,2024-12-04,TST* ACEITUNA CAFE,-15.99,,,,2024-12-01,Sapphire Preferred,Necessary meals
2980,,2024-12-05,CHIPOTLE ONLINE,-10.81,,,,2024-12-01,Sapphire Preferred,Necessary meals
2981,,2024-12-05,CVS/PHARMACY #11242,-2.11,,,,2024-12-01,VentureX,Medication
2982,,2024-12-05,MBTA-550006053197-3709,-2.4,,,,2024-12-01,VentureX,Transit
2983,,2024-12-05,PAI KIN KAO BOSTON LLC,-30.09,,,,2024-12-01,Sapphire Preferred,Social food/drinks
2984,,2024-12-06,RED APPLE FARM MARKET,-37.12,,,,2024-12-01,VentureX,Entertainment
2985,,2024-12-06,SQ *BEANTOWN PASTRAMI COM,-17.17,,,,2024-12-01,Sapphire Preferred,Necessary meals
2986,,2024-12-08,UBER   *EATS,-23.91,,,,2024-12-01,Sapphire Preferred,Necessary meals
2987,,2024-12-08,UBER   *TRIP,-26.52,,,,2024-12-01,Sapphire Preferred,Transit
2988,,2024-12-09,BROTHERS MARKETPLACE #404,-4.29,,,,2024-12-01,VentureX,Grocery
2989,,2024-12-09,UBER   *EATS,-44.03,,,,2024-12-01,Sapphire Preferred,Necessary meals
2990,DEBIT,2024-12-09,VENMO            PAYMENT    1038804417035   WEB ID: 3264681992,-1.38,ACH_DEBIT,3512.51,,2024-12-01,,Venmo/Cash
2991,,2024-12-10,BROTHERS MARKETPLACE #404,-11.76,,,,2024-12-01,VentureX,Grocery
2992,,2024-12-10,FUDDRUCKERS,-13.35,,,,2024-12-01,Sapphire Preferred,Social food/drinks
2993,,2024-12-10,FUDDRUCKERS,-4.8,,,,2024-12-01,Sapphire Preferred,Social food/drinks
2994,,2024-12-11,BROTHERS MARKETPLACE #404,-22.33,,,,2024-12-01,VentureX,Grocery
2995,DEBIT,2024-12-11,COMCAST 8773102  263397871                  PPD ID: 0000213249,-85.93,ACH_DEBIT,2430.74,,2024-12-01,,Bills
2996,DEBIT,2024-12-11,EVERSOURCE       WEB_PAY    69379398112624  WEB ID: 1202042013,-78.3,ACH_DEBIT,2536.13,,2024-12-01,,Bills
2997,DEBIT,2024-12-11,GOOGLE *Google One g.co/helppay# CA          12/11,-2.12,DEBIT_CARD,2614.43,,2024-12-01,,Subscriptions
2998,,2024-12-11,TST* ACEITUNA CAFE,-15.99,,,,2024-12-01,Sapphire Preferred,Necessary meals
2999,DEBIT,2024-12-11,VENMO            PAYMENT    1038856793290   WEB ID: 3264681992,-19.46,ACH_DEBIT,2516.67,,2024-12-01,,Venmo/Cash
3000,,2024-12-12,BROTHERS MARKETPLACE #404,-11.76,,,,2024-12-01,VentureX,Grocery
3001,,2024-12-12,MBTA-550006053197-5189,-2.4,,,,2024-12-01,VentureX,Transit
3002,,2024-12-12,Subway 31620,-14.1,,,,2024-12-01,Sapphire Preferred,Necessary meals
3003,,2024-12-12,TARGET        00032227,-25.96,,,,2024-12-01,VentureX,Shopping
3004,DEBIT,2024-12-12,VENMO            PAYMENT    1038880757398   WEB ID: 3264681992,-6.93,ACH_DEBIT,2423.81,,2024-12-01,,Venmo/Cash
3005,,2024-12-13,MITMUSEUM.MIT.EDU,-60.0,,,,2024-12-01,VentureX,Entertainment
3006,,2024-12-13,SQ *LAMPLIGHTER BREWING C,-10.16,,,,2024-12-01,Sapphire Preferred,Social food/drinks
3007,,2024-12-13,Store,-15.05,,,,2024-12-01,Sapphire Preferred,Necessary meals
3008,,2024-12-14,BROTHERS MARKETPLACE #404,-11.76,,,,2024-12-01,VentureX,Grocery
3009,,2024-12-14,SEATGEEK TICKETS,-229.56,,,,2024-12-01,VentureX,Entertainment
3010,,2024-12-14,SUN AND SKI SPORTS,-260.31,,,,2024-12-01,VentureX,Shopping
3011,,2024-12-15,CHIPOTLE 1615,-10.97,,,,2024-12-01,Sapphire Preferred,Necessary meals
3012,,2024-12-15,TST* ACEITUNA CAFE,-15.99,,,,2024-12-01,Sapphire Preferred,Necessary meals
3013,,2024-12-16,BAMBARA,-130.83,,,,2024-12-01,Sapphire Preferred,Social food/drinks
3014,,2024-12-16,BROTHERS MARKETPLACE #404,-10.34,,,,2024-12-01,VentureX,Grocery
3015,,2024-12-16,PP*PETE&APOS S ANTIQUES,-45.0,,,,2024-12-01,VentureX,Shopping
3016,,2024-12-16,SKI AND SPORT SHACK,-115.0,,,,2024-12-01,VentureX,Shopping
3017,,2024-12-16,SQ *SOWA POWER STATION,-20.0,,,,2024-12-01,VentureX,Shopping
3018,,2024-12-16,SUN AND SKI SPORTS,-59.0,,,,2024-12-01,VentureX,Shopping
3019,DEBIT,2024-12-16,VENMO            PAYMENT    1038965760429   WEB ID: 3264681992,-1.06,ACH_DEBIT,6497.28,,2024-12-01,,Venmo/Cash
3020,DEBIT,2024-12-16,VENMO            PAYMENT    1038973263684   WEB ID: 3264681992,-0.53,ACH_DEBIT,6496.75,,2024-12-01,,Venmo/Cash
3021,,2024-12-17,ALI BABA RESTAURANT,-68.23,,,,2024-12-01,Sapphire Preferred,Social food/drinks
3022,,2024-12-17,BROTHERS MARKETPLACE #404,-16.05,,,,2024-12-01,VentureX,Grocery
3023,DEBIT,2024-12-17,NON-CHASE ATM FEE-WITH,-3.0,FEE_TRANSACTION,6390.25,,2024-12-01,,Venmo/Cash
3024,DEBIT,2024-12-17,NON-CHASE ATM WITHDRAW               905901  12/171270 MASS,-103.5,ATM,6393.25,,2024-12-01,,Venmo/Cash
3025,,2024-12-17,ROGUE,-161.79,,,,2024-12-01,VentureX,Social food/drinks
3026,,2024-12-17,WL *Steam Purchase,-9.55,,,,2024-12-01,VentureX,Shopping
3027,,2024-12-18,AMAZON MKTPL*Z17343P61,-55.19,,,,2024-12-01,Sapphire Preferred,Shopping
3028,,2024-12-18,FINISH LINE,-86.6,,,,2024-12-01,VentureX,Clothing
3029,,2024-12-18,TARGET        00032227,-26.38,,,,2024-12-01,VentureX,Shopping
3030,,2024-12-18,TST* ACEITUNA CAFE,-15.99,,,,2024-12-01,Sapphire Preferred,Necessary meals
3031,,2024-12-18,TST*TORA JAPANESE RESTAU,-71.12,,,,2024-12-01,Sapphire Preferred,Social food/drinks
3032,,2024-12-18,Zipcar Monthly Plan,-9.56,,,,2024-12-01,Sapphire Preferred,Subscriptions
3033,,2024-12-19,BOS HUDSON ST1933,-5.3,,,,2024-12-01,VentureX,Social food/drinks
3034,,2024-12-19,UBER   *TRIP,-35.0,,,,2024-12-01,Sapphire Preferred,Transit
3035,,2024-12-20,PURCHASE INTEREST CHARGE,-186.47,,,,2024-12-01,Sapphire Preferred,Bills
3036,,2024-12-20,TST* PEETS,-14.33,,,,2024-12-01,VentureX,Social food/drinks
3037,,2024-12-20,WWW.HELLOT* TEND DENTA,-53.69,,,,2024-12-01,VentureX,Medical
3038,,2024-12-21,AMAZON MARK* Z90ED6WJ2,-2.14,,,,2024-12-01,VentureX,Shopping
3039,,2024-12-21,UNITED      0162444950191,-354.48,,,,2024-12-01,VentureX,Travel
3040,,2024-12-23,AMAZON RETA* ZE3KJ5TM2,-32.46,,,,2024-12-01,VentureX,Shopping
3041,,2024-12-23,Amazon.com*Z99K89JX1,-47.62,,,,2024-12-01,Sapphire Preferred,Shopping
3042,,2024-12-23,F.M. LIGHT & SONS,-32.51,,,,2024-12-01,VentureX,Clothing
3043,DEBIT,2024-12-23,VENMO            PAYMENT    1039133614276   WEB ID: 3264681992,-1.8,ACH_DEBIT,4062.14,,2024-12-01,,Venmo/Cash
3044,,2024-12-26,PASADENA MRI & DIAGNOSTIC,-83.85,,,,2024-12-01,VentureX,Medical
3045,,2024-12-27,CAMBRIDGE HEALTH MYCHART,-24.15,,,,2024-12-01,Sapphire Preferred,Medical
3046,,2024-12-27,PHR*FondrenOrthopedicGrou,-10.6,,,,2024-12-01,VentureX,Medical
3047,,2024-12-29,CHICK-FIL-A #00862,-11.42,,,,2024-12-01,Sapphire Preferred,Necessary meals
3048,,2024-12-30,Celebrity Series,-336.0,,,,2024-12-01,VentureX,Entertainment
3049,DEBIT,2024-12-30,VENMO            PAYMENT    1039263652407   WEB ID: 3264681992,-38.21,ACH_DEBIT,4216.49,,2024-12-01,,Venmo/Cash
3050,,2024-12-31,CHIPOTLE 1615,-10.97,,,,2024-12-01,Sapphire Preferred,Necessary meals
3051,,2024-12-31,MIAS - BAY AREA,-21.52,,,,2024-12-01,Sapphire Preferred,Social food/drinks
3052,DEBIT,2025-01-02,GOOGLE *RelayForReddi 855-836-3987 CA        01/01,-2.15,DEBIT_CARD,7788.79,,2025-01-01,,Subscriptions
3053,,2025-01-03,GOOGLE *MacroDroid Dev,-8.65,,,,2025-01-01,VentureX,Subscriptions
3054,,2025-01-03,GOOGLE *Niagara,-10.81,,,,2025-01-01,VentureX,Subscriptions
3055,DEBIT,2025-01-03,LPCRESIDENT3-225 WEB PMTS   JLRTQH          WEB ID: 9000326709,-3956.0,ACH_DEBIT,3832.79,,2025-01-01,,Bills
3056,,2025-01-04,BROTHERS MARKETPLACE #404,-17.41,,,,2025-01-01,VentureX,Grocery
3057,,2025-01-04,SHERMANS OF BAR HARBOR,-4.21,,,,2025-01-01,VentureX,Social food/drinks
3058,,2025-01-04,TARGET        00032227,-25.96,,,,2025-01-01,VentureX,Shopping
3059,,2025-01-05,Amazon Prime*ZD4D02GY2,-8.11,,,,2025-01-01,Sapphire Preferred,Shopping
3060,,2025-01-05,BSPT-CAM,-74.31,,,,2025-01-01,Sapphire Preferred,Medical
3061,,2025-01-05,CHIPOTLE 1615,-10.17,,,,2025-01-01,Sapphire Preferred,Necessary meals
3062,,2025-01-05,SHELL OIL 12583496000,-1.83,,,,2025-01-01,Sapphire Preferred,Necessary meals
3063,,2025-01-05,TST*CHOCO-LATTE CAFE,-17.08,,,,2025-01-01,Sapphire Preferred,Social food/drinks
3064,,2025-01-05,UBER   *EATS,-23.24,,,,2025-01-01,Sapphire Preferred,Necessary meals
3065,,2025-01-06,AMAZON RETA* ZD9F302P2,-14.82,,,,2025-01-01,VentureX,Shopping
3066,,2025-01-06,Amazon.com*ZP3381E81,-13.94,,,,2025-01-01,Sapphire Preferred,Shopping
3067,,2025-01-06,BROTHERS MARKETPLACE #404,-26.8,,,,2025-01-01,VentureX,Grocery
3068,,2025-01-06,CVS/PHARMACY #11242,-2.11,,,,2025-01-01,VentureX,Medication
3069,,2025-01-06,UBER   *EATS,-23.24,,,,2025-01-01,Sapphire Preferred,Necessary meals
3070,DEBIT,2025-01-06,VENMO            PAYMENT    1039410037555   WEB ID: 3264681992,-286.3,ACH_DEBIT,3546.49,,2025-01-01,,Venmo/Cash
3071,DEBIT,2025-01-06,VENMO            PAYMENT    1039434547502   WEB ID: 3264681992,-222.39,ACH_DEBIT,3324.1,,2025-01-01,,Venmo/Cash
3072,,2025-01-07,Subway 31620,-12.93,,,,2025-01-01,Sapphire Preferred,Necessary meals
3073,,2025-01-08,AIRBNB * HMN24PFAW3,-538.6,,,,2025-01-01,VentureX,Travel
3074,,2025-01-08,SQ *PEPITA COFFEE CO.,-4.21,,,,2025-01-01,Sapphire Preferred,Social food/drinks
3075,,2025-01-08,UBER   *TRIP,-14.31,,,,2025-01-01,Sapphire Preferred,Transit
3076,DEBIT,2025-01-08,VENMO            PAYMENT    1039484195933   WEB ID: 3264681992,-6.41,ACH_DEBIT,8514.85,,2025-01-01,,Venmo/Cash
3077,,2025-01-09,AMAZON MARK* ZD8K13XK0,-19.96,,,,2025-01-01,VentureX,Shopping
3078,,2025-01-09,AMAZON MARK* ZP9GJ7RP1,-32.46,,,,2025-01-01,VentureX,Shopping
3079,,2025-01-09,BROTHERS MARKETPLACE #404,-16.05,,,,2025-01-01,VentureX,Grocery
3080,,2025-01-09,SADDLEBACK MOUNTAIN ECOMM,-340.0,,,,2025-01-01,VentureX,Entertainment
3081,,2025-01-09,SADDLEBACK MOUNTAIN ECOMM,-168.8,,,,2025-01-01,VentureX,Entertainment
3082,DEBIT,2025-01-09,VENMO            PAYMENT    1039507216806   WEB ID: 3264681992,-11.9,ACH_DEBIT,8502.95,,2025-01-01,,Venmo/Cash
3083,,2025-01-10,AMAZON MARK* Z53896PD2,-14.99,,,,2025-01-01,VentureX,Shopping
3084,,2025-01-10,BROTHERS MARKETPLACE #404,-18.14,,,,2025-01-01,VentureX,Grocery
3085,,2025-01-10,CHARLEYS PHILLY STEAKS 81,-14.97,,,,2025-01-01,Sapphire Preferred,Necessary meals
3086,,2025-01-10,TST* ACEITUNA CAFE,-15.99,,,,2025-01-01,Sapphire Preferred,Necessary meals
3087,,2025-01-12,UBER   *TRIP,-20.77,,,,2025-01-01,Sapphire Preferred,Transit
3088,,2025-01-12,UBER   *TRIP,-14.76,,,,2025-01-01,Sapphire Preferred,Transit
3089,DEBIT,2025-01-13,COMCAST 8773102  263397871                  PPD ID: 0000213249,-85.93,ACH_DEBIT,7438.72,,2025-01-01,,Bills
3090,DEBIT,2025-01-13,EVERSOURCE       WEB_PAY    73030614122724  WEB ID: 1202042013,-86.71,ACH_DEBIT,7524.65,,2025-01-01,,Bills
3091,DEBIT,2025-01-13,GOOGLE *Google One g.co/helppay# CA          01/11,-2.12,DEBIT_CARD,7611.36,,2025-01-01,,Subscriptions
3092,,2025-01-13,SHOYU BOSTON,-88.15,,,,2025-01-01,Sapphire Preferred,Social food/drinks
3093,,2025-01-13,UBER   *TRIP,-23.53,,,,2025-01-01,VentureX,Transit
3094,,2025-01-14,CIRCLE K 07061,-2.04,,,,2025-01-01,Sapphire Preferred,Necessary meals
3095,,2025-01-14,RANGELEY IGA,-41.03,,,,2025-01-01,Sapphire Preferred,Grocery
3096,,2025-01-15,SADDLEBACK MOUNTAIN,-21.59,,,,2025-01-01,Sapphire Preferred,Necessary meals
3097,,2025-01-15,SARGES SPORTS PUB,-47.62,,,,2025-01-01,Sapphire Preferred,Social food/drinks
3098,,2025-01-15,SQ *MOOSE ALLEY,-27.9,,,,2025-01-01,VentureX,Social food/drinks
3099,,2025-01-16,COT*FLT,-269.91,,,,2025-01-01,VentureX,Travel
3100,,2025-01-16,SADDLEBACK MOUNTAIN DEMO,-44.52,,,,2025-01-01,VentureX,Shopping
3101,,2025-01-16,SARGES SPORTS PUB,-104.41,,,,2025-01-01,Sapphire Preferred,Social food/drinks
3102,,2025-01-17,BROTHERS MARKETPLACE #404,-19.75,,,,2025-01-01,VentureX,Grocery
3103,,2025-01-17,NOSH,-33.08,,,,2025-01-01,Sapphire Preferred,Social food/drinks
3104,,2025-01-18,BROTHERS MARKETPLACE #404,-24.47,,,,2025-01-01,VentureX,Grocery
3105,,2025-01-18,Spotify USA,-11.99,,,,2025-01-01,VentureX,Subscriptions
3106,,2025-01-19,TST* ACEITUNA CAFE,-15.99,,,,2025-01-01,Sapphire Preferred,Necessary meals
3107,,2025-01-19,TST*LILY PS,-25.86,,,,2025-01-01,Sapphire Preferred,Social food/drinks
3108,,2025-01-19,TST*THE GREATEST BAR,-44.44,,,,2025-01-01,Sapphire Preferred,Social food/drinks
3109,,2025-01-19,Zipcar Monthly Plan,-9.56,,,,2025-01-01,Sapphire Preferred,Subscriptions
3110,,2025-01-20,BROTHERS MARKETPLACE #404,-46.07,,,,2025-01-01,VentureX,Grocery
3111,,2025-01-20,GOOGLE *Hinge Dating A,-37.88,,,,2025-01-01,VentureX,Subscriptions
3112,,2025-01-20,UBER   *TRIP,-17.38,,,,2025-01-01,VentureX,Transit
3113,,2025-01-20,UBER   *TRIP,-15.17,,,,2025-01-01,VentureX,Transit
3114,,2025-01-20,UBER   *TRIP,-14.34,,,,2025-01-01,VentureX,Transit
3115,,2025-01-21,AT *NEAQUARIUM,-34.0,,,,2025-01-01,VentureX,Entertainment
3116,,2025-01-21,TST* JM CURLEY,-68.58,,,,2025-01-01,Sapphire Preferred,Social food/drinks
3117,DEBIT,2025-01-21,VENMO            PAYMENT    1039724246941   WEB ID: 3264681992,-0.64,ACH_DEBIT,3821.77,,2025-01-01,,Venmo/Cash
3118,,2025-01-22,AMAZON MARK* Z58SU3S41,-4.66,,,,2025-01-01,VentureX,Shopping
3119,,2025-01-22,BROTHERS MARKETPLACE #404,-11.76,,,,2025-01-01,Sapphire Preferred,Grocery
3120,,2025-01-22,SQ *THE SKI MONSTER BOSTO,-60.0,,,,2025-01-01,VentureX,Shopping
3121,,2025-01-22,TARGET        00032227,-14.98,,,,2025-01-01,VentureX,Shopping
3122,,2025-01-22,TARGET        00032227,-7.95,,,,2025-01-01,VentureX,Shopping
3123,,2025-01-23,LUCY ETHIOPIAN CAFE,-30.5,,,,2025-01-01,Sapphire Preferred,Social food/drinks
3124,,2025-01-23,SQ *CAFFE BENE BOSTON,-8.56,,,,2025-01-01,Sapphire Preferred,Social food/drinks
3125,,2025-01-23,SQ *CAFFE BENE BOSTON,-4.37,,,,2025-01-01,Sapphire Preferred,Social food/drinks
3126,,2025-01-23,TST*GALLINA RESTAURANT S,-66.14,,,,2025-01-01,Sapphire Preferred,Social food/drinks
3127,,2025-01-24,Store,-15.05,,,,2025-01-01,Sapphire Preferred,Necessary meals
3128,,2025-01-24,TST* ACEITUNA CAFE,-15.99,,,,2025-01-01,Sapphire Preferred,Necessary meals
3129,,2025-01-24,TST*KAME RAMEN,-42.46,,,,2025-01-01,Sapphire Preferred,Social food/drinks
3130,,2025-01-26,SQ *CABIN ON 9TH,-4.81,,,,2025-01-01,Sapphire Preferred,Social food/drinks
3131,,2025-01-28,7-ELEVEN 38310,-1.0,,,,2025-01-01,Sapphire Preferred,Necessary meals
3132,,2025-01-28,BLUESTONE LANE - BATTERY,-5.45,,,,2025-01-01,Sapphire Preferred,Social food/drinks
3133,,2025-01-28,GEORGE'S NY,-35.78,,,,2025-01-01,Sapphire Preferred,Social food/drinks
3134,,2025-01-28,INSOMNIA COOKIES-WALL,-5.43,,,,2025-01-01,Sapphire Preferred,Social food/drinks
3135,,2025-01-28,MET BALCONY CAFE,-7.08,,,,2025-01-01,Sapphire Preferred,Social food/drinks
3136,,2025-01-28,MTA*NYCT PAYGO,-2.9,,,,2025-01-01,Sapphire Preferred,Transit
3137,,2025-01-28,Pick A Bagel,-11.7,,,,2025-01-01,Sapphire Preferred,Necessary meals
3138,,2025-01-28,TST* MR. PURPLE,-46.4,,,,2025-01-01,Sapphire Preferred,Social food/drinks
3139,,2025-01-29,HUDSON-DUNKIN ST212,-6.57,,,,2025-01-01,Sapphire Preferred,Necessary meals
3140,,2025-01-29,Pick A Bagel,-11.7,,,,2025-01-01,Sapphire Preferred,Necessary meals
3141,,2025-01-29,RITUAL-BAO BAO CAFE (G,-40.91,,,,2025-01-01,Sapphire Preferred,Social food/drinks
3142,,2025-01-29,Store,-15.23,,,,2025-01-01,Sapphire Preferred,Necessary meals
3143,,2025-01-29,THE SMITH NOMAD,-32.15,,,,2025-01-01,Sapphire Preferred,Social food/drinks
3144,,2025-01-29,TST* EVERYTHING'S JAKE,-66.24,,,,2025-01-01,Sapphire Preferred,Social food/drinks
3145,,2025-01-30,AMAZON MARK* ZC2XE65I0,-27.42,,,,2025-01-01,VentureX,Shopping
3146,,2025-01-30,BROTHERS MARKETPLACE #404,-21.87,,,,2025-01-01,VentureX,Grocery
3147,DEBIT,2025-01-30,NON-CHASE ATM FEE-WITH,-3.0,FEE_TRANSACTION,4300.27,,2025-01-01,,Venmo/Cash
3148,DEBIT,2025-01-30,NON-CHASE ATM WITHDRAW               927991  01/301270 MASS,-68.5,ATM,4303.27,,2025-01-01,,Venmo/Cash
3149,,2025-01-31,Store,-15.05,,,,2025-01-01,Sapphire Preferred,Necessary meals
3150,,2025-01-31,TST* ACEITUNA CAFE,-15.99,,,,2025-01-01,Sapphire Preferred,Necessary meals
3151,,2025-02-01,AMAZON RETA* Z733I49N2,-32.6,,,,2025-02-01,VentureX,
3152,,2025-02-01,UBER *TRIP,-12.4,,,,2025-02-01,VentureX,
3153,,2025-02-01,UBER *TRIP,-10.89,,,,2025-02-01,VentureX,
3154,,2025-02-01,WB E-STORE,-549.85,,,,2025-02-01,VentureX,
3155,,2025-02-02,CHIPOTLE 1615,-10.97,,,,2025-02-01,Sapphire Preferred,
3156,,2025-02-02,THE DUBLINER,-416.96,,,,2025-02-01,Sapphire Preferred,
3157,,2025-02-02,TST* BACKBAR,-97.58,,,,2025-02-01,Sapphire Preferred,
3158,,2025-02-03,BROTHERS MARKETPLACE #404,-13.62,,,,2025-02-01,VentureX,
3159,DEBIT,2025-02-03,GOOGLE *RelayForRedd g.co/helppay# CA        02/01,-2.15,DEBIT_CARD,7528.93,,2025-02-01,,
3160,DEBIT,2025-02-03,LPCRESIDENT3-225 WEB PMTS   X4Q0XH          WEB ID: 9000326709,-3956.0,ACH_DEBIT,3572.93,,2025-02-01,,
3161,,2025-02-03,SQ *THE SKATING CLUB OF B,-25.0,,,,2025-02-01,VentureX,
3162,,2025-02-03,TST*MAMALEHS DELI,-31.78,,,,2025-02-01,Sapphire Preferred,
3163,,2025-02-03,TST*THE LEXINGTON CX - C,-10.16,,,,2025-02-01,Sapphire Preferred,
3164,,2025-02-03,UBER   *TRIP,-9.21,,,,2025-02-01,VentureX,
3165,,2025-02-04,AMAZON MARK* Z77FC9OO1,-24.43,,,,2025-02-01,VentureX,
3166,,2025-02-04,AMAZON RETA* Z77CJ3GW0,-6.32,,,,2025-02-01,VentureX,
3167,,2025-02-04,Amazon Prime*Z729X9GM0,-8.11,,,,2025-02-01,Sapphire Preferred,
3168,,2025-02-04,BROTHERS MARKETPLACE #404,-50.67,,,,2025-02-01,VentureX,
3169,,2025-02-04,Zipcar Trip FEB03,-56.83,,,,2025-02-01,Sapphire Preferred,
3170,,2025-02-05,AMAZON MARK* T140K98F3,-18.05,,,,2025-02-01,VentureX,
3171,,2025-02-05,BSPT-CAM,-592.86,,,,2025-02-01,Sapphire Preferred,
3172,,2025-02-05,SQ *CHEAPO RECORDS,-31.86,,,,2025-02-01,VentureX,
3173,,2025-02-05,SQ *ZINNEKEN'S BELGIAN WA,-21.54,,,,2025-02-01,Sapphire Preferred,
3174,,2025-02-05,Subway 31620,-11.76,,,,2025-02-01,Sapphire Preferred,
3175,,2025-02-05,TARGET        00032227,-53.23,,,,2025-02-01,VentureX,
3176,,2025-02-05,TST* ACEITUNA CAFE,-15.99,,,,2025-02-01,Sapphire Preferred,
3177,,2025-02-06,AMAZON MARK* 2X23S5WO3,-29.74,,,,2025-02-01,VentureX,
3178,,2025-02-06,AMAZON MARK* Z71O08JY1,-9.56,,,,2025-02-01,VentureX,
3179,,2025-02-06,SQ *CHEAPO RECORDS,-15.99,,,,2025-02-01,VentureX,
3180,,2025-02-07,AMZN Mktp US*Z73TM72T0,-37.17,,,,2025-02-01,VentureX,
3181,,2025-02-07,CHARLEYS PHILLY STEAKS 81,-14.69,,,,2025-02-01,VentureX,
3182,,2025-02-07,EMMET'S,-51.3,,,,2025-02-01,Sapphire Preferred,
3183,,2025-02-07,EMMET'S,-39.0,,,,2025-02-01,Sapphire Preferred,
3184,,2025-02-07,GRUBHUB*PEPPERSKY,-18.14,,,,2025-02-01,Sapphire Preferred,
3185,DEBIT,2025-02-07,VENMO            PAYMENT    1040122091009   WEB ID: 3264681992,-0.74,ACH_DEBIT,3572.19,,2025-02-01,,
3186,,2025-02-08,AIRBNB * HMB9ZTFXX2,-610.94,,,,2025-02-01,VentureX,
3187,,2025-02-08,AMAZON MARK* 9O38R1PP3,-8.49,,,,2025-02-01,VentureX,
3188,,2025-02-08,AMAZON MARK* CE16E0EV3,-19.11,,,,2025-02-01,VentureX,
3189,,2025-02-08,AMAZON MARK* N78U21NB3,-13.8,,,,2025-02-01,VentureX,
3190,,2025-02-08,AMAZON MARK* RL0IS81N3,-5.3,,,,2025-02-01,VentureX,
3191,,2025-02-08,AMAZON RETA* TN32S6N83,-13.78,,,,2025-02-01,VentureX,
3192,,2025-02-08,BROTHERS MARKETPLACE #404,-9.62,,,,2025-02-01,VentureX,
3193,,2025-02-08,UBER   *TRIP,-13.45,,,,2025-02-01,VentureX,
3194,,2025-02-08,UBER   *TRIP,-10.54,,,,2025-02-01,VentureX,
3195,,2025-02-08,UBER   *TRIP,-9.98,,,,2025-02-01,VentureX,
3196,,2025-02-09,BROTHERS MARKETPLACE #404,-16.05,,,,2025-02-01,Sapphire Preferred,
3197,,2025-02-09,CVS/PHARMACY #11242,-16.48,,,,2025-02-01,Sapphire Preferred,
3198,,2025-02-10,BROTHERS MARKETPLACE #404,-34.95,,,,2025-02-01,Sapphire Preferred,
3199,,2025-02-10,CHIPOTLE 1615,-10.17,,,,2025-02-01,Sapphire Preferred,
3200,,2025-02-10,CHIPOTLE 1615,-10.17,,,,2025-02-01,Sapphire Preferred,
3201,,2025-02-10,TST* VARIETY BAR,-39.8,,,,2025-02-01,Sapphire Preferred,
3202,,2025-02-10,UBER   *TRIP,-16.46,,,,2025-02-01,VentureX,
3203,,2025-02-10,UBER   *TRIP,-14.26,,,,2025-02-01,VentureX,
3204,DEBIT,2025-02-10,VENMO            PAYMENT    1040172465779   WEB ID: 3264681992,-2.66,ACH_DEBIT,692.03,,2025-02-01,,
3205,DEBIT,2025-02-10,Zelle payment to GREGORY WELCH JPM99axjka5n,-25.5,CHASE_TO_PARTNERFI,3546.69,,2025-02-01,,
3206,,2025-02-11,AMAZON MARK* YV59X6F13,-94.56,,,,2025-02-01,VentureX,
3207,,2025-02-11,AMERICAN AIR0010619718413,-30.02,,,,2025-02-01,VentureX,
3208,,2025-02-11,AMERICAN AIR0012213676142,-248.48,,,,2025-02-01,VentureX,
3209,DEBIT,2025-02-11,COMCAST 8773102  263397871                  PPD ID: 0000213249,-85.93,ACH_DEBIT,575.99,,2025-02-01,,
3210,DEBIT,2025-02-11,GOOGLE *Google One 855-836-3987 CA           02/11,-2.12,DEBIT_CARD,689.91,,2025-02-01,,
3211,,2025-02-11,UBER   *EATS,-23.48,,,,2025-02-01,Sapphire Preferred,
3212,DEBIT,2025-02-11,VENMO            PAYMENT    1040207755896   WEB ID: 3264681992,-27.99,ACH_DEBIT,661.92,,2025-02-01,,
3213,,2025-02-12,AMAZON RETA* EW4XL0X63,-15.91,,,,2025-02-01,VentureX,
3214,,2025-02-12,BROTHERS MARKETPLACE #404,-17.0,,,,2025-02-01,VentureX,
3215,DEBIT,2025-02-12,EVERSOURCE       WEB_PAY    76785503012825  WEB ID: 1202042013,-103.6,ACH_DEBIT,472.39,,2025-02-01,,
3216,,2025-02-12,TST*GALLINA RESTAURANT S,-44.74,,,,2025-02-01,Sapphire Preferred,
3217,,2025-02-12,UBER   *EATS,-23.51,,,,2025-02-01,Sapphire Preferred,
3218,,2025-02-12,UNITED      0162459173885,-394.48,,,,2025-02-01,VentureX,
3219,,2025-02-13,AMAZON MARK* 6Z2066XH3,-42.49,,,,2025-02-01,VentureX,
3220,,2025-02-13,AMAZON MARK* MR60248J3,-10.61,,,,2025-02-01,VentureX,
3221,,2025-02-13,CLEVER GREEN CLEANERS -,-36.0,,,,2025-02-01,Sapphire Preferred,
3222,,2025-02-13,TARGET        00032227,-10.29,,,,2025-02-01,VentureX,
3223,,2025-02-13,TST* ACEITUNA CAFE,-15.99,,,,2025-02-01,Sapphire Preferred,
3224,,2025-02-14,DD *THAIHUT,-15.15,,,,2025-02-01,Sapphire Preferred,
3225,,2025-02-14,Subway 31620,-14.1,,,,2025-02-01,Sapphire Preferred,
3226,,2025-02-14,TST* ACEITUNA CAFE,-15.99,,,,2025-02-01,Sapphire Preferred,
3227,,2025-02-14,UBER   *TRIP,-22.35,,,,2025-02-01,VentureX,
3228,,2025-02-14,UBER   *TRIP,-7.64,,,,2025-02-01,VentureX,
3229,,2025-02-15,AMAZON RETA* 7762K0PJ3,-70.11,,,,2025-02-01,VentureX,
3230,,2025-02-15,SOUTHWES    5262310350351,-668.18,,,,2025-02-01,VentureX,
3231,,2025-02-16,AVIS RENT-A-CAR,-89.37,,,,2025-02-01,Sapphire Preferred,
3232,,2025-02-16,POTBELLY #367,-15.25,,,,2025-02-01,Sapphire Preferred,
3233,,2025-02-16,SQ *EINSTEIN BROS BAGELS,-8.47,,,,2025-02-01,Sapphire Preferred,
3234,,2025-02-16,Subway 27278,-12.13,,,,2025-02-01,Sapphire Preferred,
3235,,2025-02-16,TST* STEPHANIES B,-12.81,,,,2025-02-01,Sapphire Preferred,
3236,,2025-02-17,CHIPOTLE 1615,-10.17,,,,2025-02-01,Sapphire Preferred,
3237,,2025-02-17,COMMON MAN ROADSIDE NB,-14.65,,,,2025-02-01,Sapphire Preferred,
3238,,2025-02-17,HOOKSETT IRV COMM MAN NB,-3.19,,,,2025-02-01,Sapphire Preferred,
3239,,2025-02-17,UBER   *TRIP,-36.68,,,,2025-02-01,VentureX,
3240,,2025-02-17,UNITED      0162459173885,394.48,,,,2025-02-01,VentureX,
3241,,2025-02-17,WARNER MUSIC GROUP,-37.72,,,,2025-02-01,VentureX,
3242,,2025-02-18,CL *Chase Travel,-861.25,,,,2025-02-01,Sapphire Preferred,
3243,,2025-02-18,COMMON MAN ROADSIDE SB,-18.5,,,,2025-02-01,Sapphire Preferred,
3244,,2025-02-18,HOOKSETT IRV COMM MAN SB,-12.99,,,,2025-02-01,Sapphire Preferred,
3245,,2025-02-18,JAY PEAK ECOMMERCE,-127.64,,,,2025-02-01,VentureX,
3246,,2025-02-18,Spotify USA,-11.99,,,,2025-02-01,VentureX,
3247,DEBIT,2025-02-18,THE ATHLETIC THEATHLETIC.C CA                02/16,-59.99,DEBIT_CARD,4643.23,,2025-02-01,,
3248,DEBIT,2025-02-18,VENMO            PAYMENT    1040320011162   WEB ID: 3264681992,-0.53,ACH_DEBIT,1337.17,,2025-02-01,,
3249,,2025-02-18,Zipcar Monthly Plan,-9.56,,,,2025-02-01,Sapphire Preferred,
3250,,2025-02-19,BIG APPLE #1090,-2.19,,,,2025-02-01,Sapphire Preferred,
3251,,2025-02-19,JAY PEAK FOOD &amp; BEVERAGE,-16.08,,,,2025-02-01,Sapphire Preferred,
3252,,2025-02-19,NH LIQUOR STORE #67,-15.49,,,,2025-02-01,Sapphire Preferred,
3253,,2025-02-19,TARGET        00032227,-6.49,,,,2025-02-01,Sapphire Preferred,
3254,,2025-02-20,BROTHERS MARKETPLACE #404,-11.76,,,,2025-02-01,VentureX,
3255,,2025-02-20,TST* ACEITUNA CAFE,-15.99,,,,2025-02-01,Sapphire Preferred,
3256,,2025-02-20,TST*CAFE LUNA - MAIN STR,-28.57,,,,2025-02-01,Sapphire Preferred,
3257,,2025-02-20,TST*CIAO ROMA - NORTH EN,-108.95,,,,2025-02-01,Sapphire Preferred,
3258,,2025-02-21,ALASKA AIR  0272397361039,-35.0,,,,2025-02-01,VentureX,
3259,,2025-02-21,ALASKA AIR  0272397361040,-35.0,,,,2025-02-01,VentureX,
3260,,2025-02-21,AMAZON MARK* 9O38R1PP3,8.49,,,,2025-02-01,VentureX,
3261,,2025-02-21,AMAZON MARK* CE16E0EV3,19.11,,,,2025-02-01,VentureX,
3262,,2025-02-21,AMAZON RETA* EW4XL0X63,15.91,,,,2025-02-01,VentureX,
3263,,2025-02-21,DUNKIN #341135 Q35,-6.1,,,,2025-02-01,Sapphire Preferred,
3264,,2025-02-21,SQ *TINY'S ORGANIC  LLC,-11.02,,,,2025-02-01,Sapphire Preferred,
3265,,2025-02-21,TST* ACEITUNA CAFE,-15.99,,,,2025-02-01,Sapphire Preferred,
3266,,2025-02-21,UBER   *TRIP,-35.11,,,,2025-02-01,VentureX,
3267,,2025-02-21,UBER *TRIP HELP.UBER.COM,-99.66,,,,2025-02-01,VentureX,
3268,,2025-02-21,WHOLEFDS WSL 10216,-26.4,,,,2025-02-01,Sapphire Preferred,
3269,,2025-02-21,WIFIONBOARD ALASKA,-8.0,,,,2025-02-01,VentureX,
3270,,2025-02-22,TM *DROPKICK MURPHYS,-187.45,,,,2025-02-01,VentureX,
3271,,2025-02-23,SEATTLE DUMPING CO,-31.54,,,,2025-02-01,Sapphire Preferred,
3272,,2025-02-23,WHOLEFDS WSL 10216,-83.11,,,,2025-02-01,Sapphire Preferred,
3273,,2025-02-23,WHOLEFDS WSL 10216,-17.63,,,,2025-02-01,Sapphire Preferred,
3274,,2025-02-24,DT HILTON OSAKA CASTLE,-1037.86,,,,2025-02-01,VentureX,
3275,,2025-02-24,MIRO TEA,-5.24,,,,2025-02-01,Sapphire Preferred,
3276,,2025-02-24,SONIC BOOM RECORDS INC,-135.56,,,,2025-02-01,VentureX,
3277,DEBIT,2025-02-24,VENMO            PAYMENT    1040439091393   WEB ID: 3264681992,-340.0,ACH_DEBIT,997.17,,2025-02-01,,
3278,DEBIT,2025-02-24,VENMO            PAYMENT    1040461712375   WEB ID: 3264681992,-0.32,ACH_DEBIT,996.85,,2025-02-01,,
3279,,2025-02-25,WHOLEFDS WSL 10216,-6.29,,,,2025-02-01,Sapphire Preferred,
3280,,2025-02-26,CAFE 16,-6.6,,,,2025-02-01,Sapphire Preferred,
3281,,2025-02-26,CAFE 16,-5.28,,,,2025-02-01,Sapphire Preferred,
3282,,2025-02-26,ORCA,-8.0,,,,2025-02-01,VentureX,
3283,,2025-02-27,ARCO#82983ARCO GAS,-18.56,,,,2025-02-01,VentureX,
3284,,2025-02-27,DD *45THSTOPNSHOP,-22.06,,,,2025-02-01,Sapphire Preferred,
3285,,2025-02-27,DD *URBANSUSHIKITCHEN,-27.7,,,,2025-02-01,Sapphire Preferred,
3286,,2025-02-27,IWANAMOKA,-10.72,,,,2025-02-01,VentureX,
3287,,2025-02-27,Subway 13560,-20.42,,,,2025-02-01,Sapphire Preferred,
3288,,2025-02-27,TST* DEEP DIVE,-61.93,,,,2025-02-01,Sapphire Preferred,
3289,,2025-02-27,UNITED      0162463455248,-433.49,,,,2025-02-01,VentureX,
3290,,2025-02-28,EVO VILLAGE SPORTS,-3.9,,,,2025-02-01,Sapphire Preferred,
3291,,2025-02-28,TST-The Longhorn Saloo,-20.85,,,,2025-02-01,Sapphire Preferred,
